
> frontend@0.0.0 test:e2e
> playwright test


Running 234 tests using 4 workers

[1A[2K[1/234] [chromium] › tests/e2e/activate-suspend-workflow.spec.ts:70:5 › 组织启用/停用工作流E2E测试 › 启用流程测试 › 应该成功启用组织 - 200响应
[1A[2K[2/234] [chromium] › tests/e2e/activate-suspend-workflow.spec.ts:97:5 › 组织启用/停用工作流E2E测试 › 启用流程测试 › 应该拒绝重复启用 - 409响应
[1A[2K[3/234] [chromium] › tests/e2e/activate-suspend-workflow.spec.ts:114:5 › 组织启用/停用工作流E2E测试 › 启用流程测试 › 应该支持未来生效日期
[1A[2K[4/234] [chromium] › tests/e2e/activate-suspend-workflow.spec.ts:131:5 › 组织启用/停用工作流E2E测试 › 启用流程测试 › 应该验证org:activate权限
[1A[2K[5/234] [chromium] › tests/e2e/activate-suspend-workflow.spec.ts:145:5 › 组织启用/停用工作流E2E测试 › 停用流程测试 › 应该成功停用组织 - 200响应
[1A[2K[6/234] [chromium] › tests/e2e/activate-suspend-workflow.spec.ts:166:5 › 组织启用/停用工作流E2E测试 › 停用流程测试 › 应该拒绝重复停用 - 409响应
[1A[2K[7/234] [chromium] › tests/e2e/activate-suspend-workflow.spec.ts:183:5 › 组织启用/停用工作流E2E测试 › 停用流程测试 › 应该验证org:suspend权限
[1A[2K[8/234] [chromium] › tests/e2e/activate-suspend-workflow.spec.ts:197:5 › 组织启用/停用工作流E2E测试 › 410弃用端点验证 › 应该对/reactivate返回410 Gone
[1A[2K[9/234] [chromium] › tests/e2e/architecture-e2e.spec.ts:93:3 › 重构后架构完整性验证 › Phase 1: 冗余服务移除验证
[1A[2K[10/234] [chromium] › tests/e2e/basic-functionality-test.spec.ts:30:3 › 时态管理系统基础功能验证 › 应用基础加载测试
[1A[2K[11/234] [chromium] › tests/e2e/architecture-e2e.spec.ts:41:3 › 重构后架构完整性验证 › Phase 1: GraphQL统一查询接口验证
[1A[2K[12/234] [chromium] › tests/e2e/architecture-e2e.spec.ts:13:3 › 重构后架构完整性验证 › Phase 1: 服务合并验证 - 双核心服务架构
[1A[2K[chromium] › tests/e2e/basic-functionality-test.spec.ts:30:3 › 时态管理系统基础功能验证 › 应用基础加载测试
✅ 发现活跃前端服务：http://localhost:3000

[1A[2K[chromium] › tests/e2e/architecture-e2e.spec.ts:93:3 › 重构后架构完整性验证 › Phase 1: 冗余服务移除验证
✅ 认证设置已注入 localStorage

[1A[2K[chromium] › tests/e2e/architecture-e2e.spec.ts:13:3 › 重构后架构完整性验证 › Phase 1: 服务合并验证 - 双核心服务架构
✅ 认证设置已注入 localStorage

[1A[2K[chromium] › tests/e2e/architecture-e2e.spec.ts:41:3 › 重构后架构完整性验证 › Phase 1: GraphQL统一查询接口验证
✅ 认证设置已注入 localStorage

[1A[2K[chromium] › tests/e2e/basic-functionality-test.spec.ts:30:3 › 时态管理系统基础功能验证 › 应用基础加载测试
✅ 认证设置已注入 localStorage

[1A[2K[13/234] [chromium] › tests/e2e/basic-functionality-test.spec.ts:59:8 › 时态管理系统基础功能验证 › 测试页面功能验证
[1A[2K[14/234] [chromium] › tests/e2e/basic-functionality-test.spec.ts:74:3 › 时态管理系统基础功能验证 › 系统响应性测试
[1A[2K  1) [chromium] › tests/e2e/architecture-e2e.spec.ts:93:3 › 重构后架构完整性验证 › Phase 1: 冗余服务移除验证 ─────────

    Error: [2mexpect([22m[31mreceived[39m[2m).[22mtoBe[2m([22m[32mexpected[39m[2m) // Object.is equality[22m

    Expected: [32mfalse[39m
    Received: [31mtrue[39m

      114 |
      115 |       // 期望服务不可达（已移除）
    > 116 |       expect(response.reachable).toBe(false);
          |                                  ^
      117 |     }
      118 |   });
      119 | });
        at /home/shangmeilin/cube-castle/frontend/tests/e2e/architecture-e2e.spec.ts:116:34

    attachment #1: screenshot (image/png) ──────────────────────────────────────────────────────────
    test-results/architecture-e2e-重构后架构完整性验证-Phase-1-冗余服务移除验证-chromium/test-failed-1.png
    ────────────────────────────────────────────────────────────────────────────────────────────────

    attachment #2: video (video/webm) ──────────────────────────────────────────────────────────────
    test-results/architecture-e2e-重构后架构完整性验证-Phase-1-冗余服务移除验证-chromium/video.webm
    ────────────────────────────────────────────────────────────────────────────────────────────────

    Error Context: test-results/architecture-e2e-重构后架构完整性验证-Phase-1-冗余服务移除验证-chromium/error-context.md

    attachment #4: trace (application/zip) ─────────────────────────────────────────────────────────
    test-results/architecture-e2e-重构后架构完整性验证-Phase-1-冗余服务移除验证-chromium/trace.zip
    Usage:

        npx playwright show-trace test-results/architecture-e2e-重构后架构完整性验证-Phase-1-冗余服务移除验证-chromium/trace.zip

    ────────────────────────────────────────────────────────────────────────────────────────────────


[1A[2K[chromium] › tests/e2e/basic-functionality-test.spec.ts:74:3 › 时态管理系统基础功能验证 › 系统响应性测试
✅ 发现活跃前端服务：http://localhost:3000

[1A[2K  2) [chromium] › tests/e2e/architecture-e2e.spec.ts:13:3 › 重构后架构完整性验证 › Phase 1: 服务合并验证 - 双核心服务架构 ─

    Error: [2mexpect([22m[31mreceived[39m[2m).[22mtoBe[2m([22m[32mexpected[39m[2m) // Object.is equality[22m

    Expected: [32m200[39m
    Received: [31m404[39m

      35 |
      36 |     // 断言服务健康状态
    > 37 |     expect(commandResponse.status).toBe(200);
         |                                    ^
      38 |     expect(queryResponse.status).toBe(200);
      39 |   });
      40 |
        at /home/shangmeilin/cube-castle/frontend/tests/e2e/architecture-e2e.spec.ts:37:36

    attachment #1: screenshot (image/png) ──────────────────────────────────────────────────────────
    test-results/architecture-e2e-重构后架构完整性验证-Phase-1-服务合并验证---双核心服务架构-chromium/test-failed-1.png
    ────────────────────────────────────────────────────────────────────────────────────────────────

    attachment #2: video (video/webm) ──────────────────────────────────────────────────────────────
    test-results/architecture-e2e-重构后架构完整性验证-Phase-1-服务合并验证---双核心服务架构-chromium/video.webm
    ────────────────────────────────────────────────────────────────────────────────────────────────

    Error Context: test-results/architecture-e2e-重构后架构完整性验证-Phase-1-服务合并验证---双核心服务架构-chromium/error-context.md

    attachment #4: trace (application/zip) ─────────────────────────────────────────────────────────
    test-results/architecture-e2e-重构后架构完整性验证-Phase-1-服务合并验证---双核心服务架构-chromium/trace.zip
    Usage:

        npx playwright show-trace test-results/architecture-e2e-重构后架构完整性验证-Phase-1-服务合并验证---双核心服务架构-chromium/trace.zip

    ────────────────────────────────────────────────────────────────────────────────────────────────


[1A[2K✅ 认证设置已注入 localStorage

[1A[2K[15/234] [chromium] › tests/e2e/business-flow-e2e.spec.ts:123:3 › 业务流程端到端测试 › 完整CRUD业务流程测试
[1A[2K[16/234] [chromium] › tests/e2e/basic-functionality-test.spec.ts:91:3 › 时态管理系统基础功能验证 › 错误处理基础验证
[1A[2K[chromium] › tests/e2e/basic-functionality-test.spec.ts:91:3 › 时态管理系统基础功能验证 › 错误处理基础验证
✅ 发现活跃前端服务：http://localhost:3000

[1A[2K[chromium] › tests/e2e/business-flow-e2e.spec.ts:123:3 › 业务流程端到端测试 › 完整CRUD业务流程测试
✅ 认证设置已注入 localStorage

[1A[2K[chromium] › tests/e2e/basic-functionality-test.spec.ts:91:3 › 时态管理系统基础功能验证 › 错误处理基础验证
✅ 认证设置已注入 localStorage

[1A[2K[17/234] [chromium] › tests/e2e/business-flow-e2e.spec.ts:288:3 › 业务流程端到端测试 › 分页和筛选功能测试
[1A[2K[chromium] › tests/e2e/business-flow-e2e.spec.ts:288:3 › 业务流程端到端测试 › 分页和筛选功能测试
✅ 认证设置已注入 localStorage

[1A[2K  3) [chromium] › tests/e2e/basic-functionality-test.spec.ts:30:3 › 时态管理系统基础功能验证 › 应用基础加载测试 ────────

    Error: [2mexpect([22m[31mlocator[39m[2m).[22mtoBeVisible[2m([22m[2m)[22m failed

    Locator: getByTestId('temporal-organization-dashboard')
    Expected: visible
    Timeout: 15000ms
    Error: element(s) not found

    Call log:
    [2m  - Expect "toBeVisible" with timeout 15000ms[22m
    [2m  - waiting for getByTestId('temporal-organization-dashboard')[22m


      31 |     const startTime = Date.now();
      32 |     await page.goto(BASE_URL);
    > 33 |     await expect(page.getByTestId(temporalEntitySelectors.organization.dashboard)).toBeVisible({ timeout: 15000 });
         |                                                                                    ^
      34 |     const loadTime = Date.now() - startTime;
      35 |
      36 |     expect(loadTime).toBeLessThan(15000);
        at /home/shangmeilin/cube-castle/frontend/tests/e2e/basic-functionality-test.spec.ts:33:84

    attachment #1: screenshot (image/png) ──────────────────────────────────────────────────────────
    test-results/basic-functionality-test-时态管理系统基础功能验证-应用基础加载测试-chromium/test-failed-1.png
    ────────────────────────────────────────────────────────────────────────────────────────────────

    attachment #2: video (video/webm) ──────────────────────────────────────────────────────────────
    test-results/basic-functionality-test-时态管理系统基础功能验证-应用基础加载测试-chromium/video.webm
    ────────────────────────────────────────────────────────────────────────────────────────────────

    Error Context: test-results/basic-functionality-test-时态管理系统基础功能验证-应用基础加载测试-chromium/error-context.md

    attachment #4: trace (application/zip) ─────────────────────────────────────────────────────────
    test-results/basic-functionality-test-时态管理系统基础功能验证-应用基础加载测试-chromium/trace.zip
    Usage:

        npx playwright show-trace test-results/basic-functionality-test-时态管理系统基础功能验证-应用基础加载测试-chromium/trace.zip

    ────────────────────────────────────────────────────────────────────────────────────────────────


[1A[2K  4) [chromium] › tests/e2e/basic-functionality-test.spec.ts:74:3 › 时态管理系统基础功能验证 › 系统响应性测试 ─────────

    Error: [2mexpect([22m[31mlocator[39m[2m).[22mtoBeVisible[2m([22m[2m)[22m failed

    Locator: getByTestId('temporal-organization-dashboard')
    Expected: visible
    Timeout: 15000ms
    Error: element(s) not found

    Call log:
    [2m  - Expect "toBeVisible" with timeout 15000ms[22m
    [2m  - waiting for getByTestId('temporal-organization-dashboard')[22m


      74 |   test('系统响应性测试', async ({ page }) => {
      75 |     await page.goto(BASE_URL);
    > 76 |     await expect(page.getByTestId(temporalEntitySelectors.organization.dashboard)).toBeVisible({ timeout: 15000 });
         |                                                                                    ^
      77 |
      78 |     const buttons = page.locator('button:visible');
      79 |     const buttonCount = await buttons.count();
        at /home/shangmeilin/cube-castle/frontend/tests/e2e/basic-functionality-test.spec.ts:76:84

    attachment #1: screenshot (image/png) ──────────────────────────────────────────────────────────
    test-results/basic-functionality-test-时态管理系统基础功能验证-系统响应性测试-chromium/test-failed-1.png
    ────────────────────────────────────────────────────────────────────────────────────────────────

    attachment #2: video (video/webm) ──────────────────────────────────────────────────────────────
    test-results/basic-functionality-test-时态管理系统基础功能验证-系统响应性测试-chromium/video.webm
    ────────────────────────────────────────────────────────────────────────────────────────────────

    Error Context: test-results/basic-functionality-test-时态管理系统基础功能验证-系统响应性测试-chromium/error-context.md

    attachment #4: trace (application/zip) ─────────────────────────────────────────────────────────
    test-results/basic-functionality-test-时态管理系统基础功能验证-系统响应性测试-chromium/trace.zip
    Usage:

        npx playwright show-trace test-results/basic-functionality-test-时态管理系统基础功能验证-系统响应性测试-chromium/trace.zip

    ────────────────────────────────────────────────────────────────────────────────────────────────


[1A[2K[18/234] [chromium] › tests/e2e/basic-functionality-test.spec.ts:42:3 › 时态管理系统基础功能验证 › 组织管理页面可访问
[1A[2K[chromium] › tests/e2e/basic-functionality-test.spec.ts:42:3 › 时态管理系统基础功能验证 › 组织管理页面可访问
✅ 发现活跃前端服务：http://localhost:3000

[1A[2K  5) [chromium] › tests/e2e/business-flow-e2e.spec.ts:123:3 › 业务流程端到端测试 › 完整CRUD业务流程测试 ─────────────

    TimeoutError: page.waitForResponse: Timeout 15000ms exceeded while waiting for event "response"

       at utils/waitPatterns.ts:62

      60 |   const urlMatcher = options?.urlMatcher ?? DEFAULT_GRAPHQL_MATCHER;
      61 |
    > 62 |   await page.waitForResponse(
         |              ^
      63 |     response =>
      64 |       response.request().method() === 'POST' &&
      65 |       matchesUrl(response.url(), urlMatcher) &&
        at waitForGraphQL (/home/shangmeilin/cube-castle/frontend/tests/e2e/utils/waitPatterns.ts:62:14)
        at waitForOrganizationsResponse (/home/shangmeilin/cube-castle/frontend/tests/e2e/business-flow-e2e.spec.ts:10:54)
        at /home/shangmeilin/cube-castle/frontend/tests/e2e/business-flow-e2e.spec.ts:106:42

    attachment #1: screenshot (image/png) ──────────────────────────────────────────────────────────
    test-results/business-flow-e2e-业务流程端到端测试-完整CRUD业务流程测试-chromium/test-failed-1.png
    ────────────────────────────────────────────────────────────────────────────────────────────────

    attachment #2: video (video/webm) ──────────────────────────────────────────────────────────────
    test-results/business-flow-e2e-业务流程端到端测试-完整CRUD业务流程测试-chromium/video.webm
    ────────────────────────────────────────────────────────────────────────────────────────────────

    Error Context: test-results/business-flow-e2e-业务流程端到端测试-完整CRUD业务流程测试-chromium/error-context.md

    attachment #4: trace (application/zip) ─────────────────────────────────────────────────────────
    test-results/business-flow-e2e-业务流程端到端测试-完整CRUD业务流程测试-chromium/trace.zip
    Usage:

        npx playwright show-trace test-results/business-flow-e2e-业务流程端到端测试-完整CRUD业务流程测试-chromium/trace.zip

    ────────────────────────────────────────────────────────────────────────────────────────────────


[1A[2K✅ 认证设置已注入 localStorage

[1A[2K[19/234] [chromium] › tests/e2e/business-flow-e2e.spec.ts:374:3 › 业务流程端到端测试 › 性能和响应时间测试
[1A[2K[chromium] › tests/e2e/business-flow-e2e.spec.ts:374:3 › 业务流程端到端测试 › 性能和响应时间测试
✅ 认证设置已注入 localStorage

[1A[2K[20/234] [chromium] › tests/e2e/business-flow-e2e.spec.ts:417:3 › 业务流程端到端测试 › 错误处理和恢复测试
[1A[2K  6) [chromium] › tests/e2e/business-flow-e2e.spec.ts:288:3 › 业务流程端到端测试 › 分页和筛选功能测试 ────────────────

    TimeoutError: page.waitForResponse: Timeout 15000ms exceeded while waiting for event "response"

       at utils/waitPatterns.ts:62

      60 |   const urlMatcher = options?.urlMatcher ?? DEFAULT_GRAPHQL_MATCHER;
      61 |
    > 62 |   await page.waitForResponse(
         |              ^
      63 |     response =>
      64 |       response.request().method() === 'POST' &&
      65 |       matchesUrl(response.url(), urlMatcher) &&
        at waitForGraphQL (/home/shangmeilin/cube-castle/frontend/tests/e2e/utils/waitPatterns.ts:62:14)
        at waitForOrganizationsResponse (/home/shangmeilin/cube-castle/frontend/tests/e2e/business-flow-e2e.spec.ts:10:54)
        at /home/shangmeilin/cube-castle/frontend/tests/e2e/business-flow-e2e.spec.ts:106:42

    attachment #1: screenshot (image/png) ──────────────────────────────────────────────────────────
    test-results/business-flow-e2e-业务流程端到端测试-分页和筛选功能测试-chromium/test-failed-1.png
    ────────────────────────────────────────────────────────────────────────────────────────────────

    attachment #2: video (video/webm) ──────────────────────────────────────────────────────────────
    test-results/business-flow-e2e-业务流程端到端测试-分页和筛选功能测试-chromium/video.webm
    ────────────────────────────────────────────────────────────────────────────────────────────────

    Error Context: test-results/business-flow-e2e-业务流程端到端测试-分页和筛选功能测试-chromium/error-context.md

    attachment #4: trace (application/zip) ─────────────────────────────────────────────────────────
    test-results/business-flow-e2e-业务流程端到端测试-分页和筛选功能测试-chromium/trace.zip
    Usage:

        npx playwright show-trace test-results/business-flow-e2e-业务流程端到端测试-分页和筛选功能测试-chromium/trace.zip

    ────────────────────────────────────────────────────────────────────────────────────────────────


[1A[2K[chromium] › tests/e2e/business-flow-e2e.spec.ts:417:3 › 业务流程端到端测试 › 错误处理和恢复测试
✅ 认证设置已注入 localStorage

[1A[2K[21/234] [chromium] › tests/e2e/business-flow-e2e.spec.ts:453:3 › 业务流程端到端测试 › 数据一致性验证测试
[1A[2K[chromium] › tests/e2e/business-flow-e2e.spec.ts:453:3 › 业务流程端到端测试 › 数据一致性验证测试
✅ 认证设置已注入 localStorage

[1A[2K  7) [chromium] › tests/e2e/business-flow-e2e.spec.ts:374:3 › 业务流程端到端测试 › 性能和响应时间测试 ────────────────

    TimeoutError: page.waitForResponse: Timeout 15000ms exceeded while waiting for event "response"

       at utils/waitPatterns.ts:62

      60 |   const urlMatcher = options?.urlMatcher ?? DEFAULT_GRAPHQL_MATCHER;
      61 |
    > 62 |   await page.waitForResponse(
         |              ^
      63 |     response =>
      64 |       response.request().method() === 'POST' &&
      65 |       matchesUrl(response.url(), urlMatcher) &&
        at waitForGraphQL (/home/shangmeilin/cube-castle/frontend/tests/e2e/utils/waitPatterns.ts:62:14)
        at waitForOrganizationsResponse (/home/shangmeilin/cube-castle/frontend/tests/e2e/business-flow-e2e.spec.ts:10:54)
        at /home/shangmeilin/cube-castle/frontend/tests/e2e/business-flow-e2e.spec.ts:106:42

    attachment #1: screenshot (image/png) ──────────────────────────────────────────────────────────
    test-results/business-flow-e2e-业务流程端到端测试-性能和响应时间测试-chromium/test-failed-1.png
    ────────────────────────────────────────────────────────────────────────────────────────────────

    attachment #2: video (video/webm) ──────────────────────────────────────────────────────────────
    test-results/business-flow-e2e-业务流程端到端测试-性能和响应时间测试-chromium/video.webm
    ────────────────────────────────────────────────────────────────────────────────────────────────

    Error Context: test-results/business-flow-e2e-业务流程端到端测试-性能和响应时间测试-chromium/error-context.md

    attachment #4: trace (application/zip) ─────────────────────────────────────────────────────────
    test-results/business-flow-e2e-业务流程端到端测试-性能和响应时间测试-chromium/trace.zip
    Usage:

        npx playwright show-trace test-results/business-flow-e2e-业务流程端到端测试-性能和响应时间测试-chromium/trace.zip

    ────────────────────────────────────────────────────────────────────────────────────────────────


[1A[2K  8) [chromium] › tests/e2e/business-flow-e2e.spec.ts:417:3 › 业务流程端到端测试 › 错误处理和恢复测试 ────────────────

    TimeoutError: page.waitForResponse: Timeout 15000ms exceeded while waiting for event "response"

       at utils/waitPatterns.ts:62

      60 |   const urlMatcher = options?.urlMatcher ?? DEFAULT_GRAPHQL_MATCHER;
      61 |
    > 62 |   await page.waitForResponse(
         |              ^
      63 |     response =>
      64 |       response.request().method() === 'POST' &&
      65 |       matchesUrl(response.url(), urlMatcher) &&
        at waitForGraphQL (/home/shangmeilin/cube-castle/frontend/tests/e2e/utils/waitPatterns.ts:62:14)
        at waitForOrganizationsResponse (/home/shangmeilin/cube-castle/frontend/tests/e2e/business-flow-e2e.spec.ts:10:54)
        at /home/shangmeilin/cube-castle/frontend/tests/e2e/business-flow-e2e.spec.ts:106:42

    attachment #1: screenshot (image/png) ──────────────────────────────────────────────────────────
    test-results/business-flow-e2e-业务流程端到端测试-错误处理和恢复测试-chromium/test-failed-1.png
    ────────────────────────────────────────────────────────────────────────────────────────────────

    attachment #2: video (video/webm) ──────────────────────────────────────────────────────────────
    test-results/business-flow-e2e-业务流程端到端测试-错误处理和恢复测试-chromium/video.webm
    ────────────────────────────────────────────────────────────────────────────────────────────────

    Error Context: test-results/business-flow-e2e-业务流程端到端测试-错误处理和恢复测试-chromium/error-context.md

    attachment #4: trace (application/zip) ─────────────────────────────────────────────────────────
    test-results/business-flow-e2e-业务流程端到端测试-错误处理和恢复测试-chromium/trace.zip
    Usage:

        npx playwright show-trace test-results/business-flow-e2e-业务流程端到端测试-错误处理和恢复测试-chromium/trace.zip

    ────────────────────────────────────────────────────────────────────────────────────────────────


[1A[2K[22/234] [chromium] › tests/e2e/canvas-e2e.spec.ts:14:3 › Canvas UI 基础体验 › 应用外壳渲染与导航
[1A[2K[chromium] › tests/e2e/canvas-e2e.spec.ts:14:3 › Canvas UI 基础体验 › 应用外壳渲染与导航
✅ 认证设置已注入 localStorage

[1A[2K[23/234] [chromium] › tests/e2e/canvas-e2e.spec.ts:26:3 › Canvas UI 基础体验 › 导航跳转至组织列表
[1A[2K  9) [chromium] › tests/e2e/basic-functionality-test.spec.ts:42:3 › 时态管理系统基础功能验证 › 组织管理页面可访问 ───────

    Error: [2mexpect([22m[31mlocator[39m[2m).[22mtoBeVisible[2m([22m[2m)[22m failed

    Locator: getByTestId('temporal-organization-dashboard')
    Expected: visible
    Timeout: 15000ms
    Error: element(s) not found

    Call log:
    [2m  - Expect "toBeVisible" with timeout 15000ms[22m
    [2m  - waiting for getByTestId('temporal-organization-dashboard')[22m


      45 |
      46 |     // 等待组织dashboard加载完成
    > 47 |     await expect(page.getByTestId(temporalEntitySelectors.organization.dashboard)).toBeVisible({ timeout: 15000 });
         |                                                                                    ^
      48 |
      49 |     // 等待加载状态消失
      50 |     await page.waitForSelector('text=加载组织数据中...', { state: 'detached', timeout: 15000 }).catch(() => {
        at /home/shangmeilin/cube-castle/frontend/tests/e2e/basic-functionality-test.spec.ts:47:84

    attachment #1: screenshot (image/png) ──────────────────────────────────────────────────────────
    test-results/basic-functionality-test-时态管理系统基础功能验证-组织管理页面可访问-chromium/test-failed-1.png
    ────────────────────────────────────────────────────────────────────────────────────────────────

    attachment #2: video (video/webm) ──────────────────────────────────────────────────────────────
    test-results/basic-functionality-test-时态管理系统基础功能验证-组织管理页面可访问-chromium/video.webm
    ────────────────────────────────────────────────────────────────────────────────────────────────

    Error Context: test-results/basic-functionality-test-时态管理系统基础功能验证-组织管理页面可访问-chromium/error-context.md

    attachment #4: trace (application/zip) ─────────────────────────────────────────────────────────
    test-results/basic-functionality-test-时态管理系统基础功能验证-组织管理页面可访问-chromium/trace.zip
    Usage:

        npx playwright show-trace test-results/basic-functionality-test-时态管理系统基础功能验证-组织管理页面可访问-chromium/trace.zip

    ────────────────────────────────────────────────────────────────────────────────────────────────


[1A[2K[chromium] › tests/e2e/canvas-e2e.spec.ts:26:3 › Canvas UI 基础体验 › 导航跳转至组织列表
✅ 认证设置已注入 localStorage

[1A[2K  10) [chromium] › tests/e2e/business-flow-e2e.spec.ts:453:3 › 业务流程端到端测试 › 数据一致性验证测试 ───────────────

    TimeoutError: page.waitForResponse: Timeout 15000ms exceeded while waiting for event "response"

       at utils/waitPatterns.ts:62

      60 |   const urlMatcher = options?.urlMatcher ?? DEFAULT_GRAPHQL_MATCHER;
      61 |
    > 62 |   await page.waitForResponse(
         |              ^
      63 |     response =>
      64 |       response.request().method() === 'POST' &&
      65 |       matchesUrl(response.url(), urlMatcher) &&
        at waitForGraphQL (/home/shangmeilin/cube-castle/frontend/tests/e2e/utils/waitPatterns.ts:62:14)
        at waitForOrganizationsResponse (/home/shangmeilin/cube-castle/frontend/tests/e2e/business-flow-e2e.spec.ts:10:54)
        at /home/shangmeilin/cube-castle/frontend/tests/e2e/business-flow-e2e.spec.ts:106:42

    attachment #1: screenshot (image/png) ──────────────────────────────────────────────────────────
    test-results/business-flow-e2e-业务流程端到端测试-数据一致性验证测试-chromium/test-failed-1.png
    ────────────────────────────────────────────────────────────────────────────────────────────────

    attachment #2: video (video/webm) ──────────────────────────────────────────────────────────────
    test-results/business-flow-e2e-业务流程端到端测试-数据一致性验证测试-chromium/video.webm
    ────────────────────────────────────────────────────────────────────────────────────────────────

    Error Context: test-results/business-flow-e2e-业务流程端到端测试-数据一致性验证测试-chromium/error-context.md

    attachment #4: trace (application/zip) ─────────────────────────────────────────────────────────
    test-results/business-flow-e2e-业务流程端到端测试-数据一致性验证测试-chromium/trace.zip
    Usage:

        npx playwright show-trace test-results/business-flow-e2e-业务流程端到端测试-数据一致性验证测试-chromium/trace.zip

    ────────────────────────────────────────────────────────────────────────────────────────────────


[1A[2K[24/234] [chromium] › tests/e2e/canvas-e2e.spec.ts:37:3 › Canvas UI 基础体验 › 组织表格加载
[1A[2K[chromium] › tests/e2e/canvas-e2e.spec.ts:37:3 › Canvas UI 基础体验 › 组织表格加载
✅ 认证设置已注入 localStorage

[1A[2K[25/234] [chromium] › tests/e2e/canvas-e2e.spec.ts:54:3 › Canvas UI 基础体验 › 响应式布局
[1A[2K[chromium] › tests/e2e/canvas-e2e.spec.ts:54:3 › Canvas UI 基础体验 › 响应式布局
✅ 认证设置已注入 localStorage

[1A[2K  11) [chromium] › tests/e2e/canvas-e2e.spec.ts:14:3 › Canvas UI 基础体验 › 应用外壳渲染与导航 ──────────────────

    Error: [2mexpect([22m[31mlocator[39m[2m).[22mtoBeVisible[2m([22m[2m)[22m failed

    Locator: locator('[data-testid="temporal-organization-dashboard"]')
    Expected: visible
    Timeout: 15000ms
    Error: element(s) not found

    Call log:
    [2m  - Expect "toBeVisible" with timeout 15000ms[22m
    [2m  - waiting for locator('[data-testid="temporal-organization-dashboard"]')[22m


       9 |     await setupAuth(page);
      10 |     await page.goto('/');
    > 11 |     await expect(page.locator(`[data-testid="${DASHBOARD_TESTID}"]`)).toBeVisible({ timeout: 15000 });
         |                                                                       ^
      12 |   });
      13 |
      14 |   test('应用外壳渲染与导航', async ({ page }) => {
        at /home/shangmeilin/cube-castle/frontend/tests/e2e/canvas-e2e.spec.ts:11:71

    attachment #1: screenshot (image/png) ──────────────────────────────────────────────────────────
    test-results/canvas-e2e-Canvas-UI-基础体验-应用外壳渲染与导航-chromium/test-failed-1.png
    ────────────────────────────────────────────────────────────────────────────────────────────────

    attachment #2: video (video/webm) ──────────────────────────────────────────────────────────────
    test-results/canvas-e2e-Canvas-UI-基础体验-应用外壳渲染与导航-chromium/video.webm
    ────────────────────────────────────────────────────────────────────────────────────────────────

    Error Context: test-results/canvas-e2e-Canvas-UI-基础体验-应用外壳渲染与导航-chromium/error-context.md

    attachment #4: trace (application/zip) ─────────────────────────────────────────────────────────
    test-results/canvas-e2e-Canvas-UI-基础体验-应用外壳渲染与导航-chromium/trace.zip
    Usage:

        npx playwright show-trace test-results/canvas-e2e-Canvas-UI-基础体验-应用外壳渲染与导航-chromium/trace.zip

    ────────────────────────────────────────────────────────────────────────────────────────────────


[1A[2K[26/234] [chromium] › tests/e2e/canvas-e2e.spec.ts:67:3 › Canvas UI 基础体验 › 主要操作按钮具有 Canvas 样式
[1A[2K[chromium] › tests/e2e/canvas-e2e.spec.ts:67:3 › Canvas UI 基础体验 › 主要操作按钮具有 Canvas 样式
✅ 认证设置已注入 localStorage

[1A[2K  12) [chromium] › tests/e2e/canvas-e2e.spec.ts:26:3 › Canvas UI 基础体验 › 导航跳转至组织列表 ──────────────────

    Error: [2mexpect([22m[31mlocator[39m[2m).[22mtoBeVisible[2m([22m[2m)[22m failed

    Locator: locator('[data-testid="temporal-organization-dashboard"]')
    Expected: visible
    Timeout: 15000ms
    Error: element(s) not found

    Call log:
    [2m  - Expect "toBeVisible" with timeout 15000ms[22m
    [2m  - waiting for locator('[data-testid="temporal-organization-dashboard"]')[22m


       9 |     await setupAuth(page);
      10 |     await page.goto('/');
    > 11 |     await expect(page.locator(`[data-testid="${DASHBOARD_TESTID}"]`)).toBeVisible({ timeout: 15000 });
         |                                                                       ^
      12 |   });
      13 |
      14 |   test('应用外壳渲染与导航', async ({ page }) => {
        at /home/shangmeilin/cube-castle/frontend/tests/e2e/canvas-e2e.spec.ts:11:71

    attachment #1: screenshot (image/png) ──────────────────────────────────────────────────────────
    test-results/canvas-e2e-Canvas-UI-基础体验-导航跳转至组织列表-chromium/test-failed-1.png
    ────────────────────────────────────────────────────────────────────────────────────────────────

    attachment #2: video (video/webm) ──────────────────────────────────────────────────────────────
    test-results/canvas-e2e-Canvas-UI-基础体验-导航跳转至组织列表-chromium/video.webm
    ────────────────────────────────────────────────────────────────────────────────────────────────

    Error Context: test-results/canvas-e2e-Canvas-UI-基础体验-导航跳转至组织列表-chromium/error-context.md

    attachment #4: trace (application/zip) ─────────────────────────────────────────────────────────
    test-results/canvas-e2e-Canvas-UI-基础体验-导航跳转至组织列表-chromium/trace.zip
    Usage:

        npx playwright show-trace test-results/canvas-e2e-Canvas-UI-基础体验-导航跳转至组织列表-chromium/trace.zip

    ────────────────────────────────────────────────────────────────────────────────────────────────


[1A[2K  13) [chromium] › tests/e2e/canvas-e2e.spec.ts:37:3 › Canvas UI 基础体验 › 组织表格加载 ─────────────────────

    Error: [2mexpect([22m[31mlocator[39m[2m).[22mtoBeVisible[2m([22m[2m)[22m failed

    Locator: locator('[data-testid="temporal-organization-dashboard"]')
    Expected: visible
    Timeout: 15000ms
    Error: element(s) not found

    Call log:
    [2m  - Expect "toBeVisible" with timeout 15000ms[22m
    [2m  - waiting for locator('[data-testid="temporal-organization-dashboard"]')[22m


       9 |     await setupAuth(page);
      10 |     await page.goto('/');
    > 11 |     await expect(page.locator(`[data-testid="${DASHBOARD_TESTID}"]`)).toBeVisible({ timeout: 15000 });
         |                                                                       ^
      12 |   });
      13 |
      14 |   test('应用外壳渲染与导航', async ({ page }) => {
        at /home/shangmeilin/cube-castle/frontend/tests/e2e/canvas-e2e.spec.ts:11:71

    attachment #1: screenshot (image/png) ──────────────────────────────────────────────────────────
    test-results/canvas-e2e-Canvas-UI-基础体验-组织表格加载-chromium/test-failed-1.png
    ────────────────────────────────────────────────────────────────────────────────────────────────

    attachment #2: video (video/webm) ──────────────────────────────────────────────────────────────
    test-results/canvas-e2e-Canvas-UI-基础体验-组织表格加载-chromium/video.webm
    ────────────────────────────────────────────────────────────────────────────────────────────────

    Error Context: test-results/canvas-e2e-Canvas-UI-基础体验-组织表格加载-chromium/error-context.md

    attachment #4: trace (application/zip) ─────────────────────────────────────────────────────────
    test-results/canvas-e2e-Canvas-UI-基础体验-组织表格加载-chromium/trace.zip
    Usage:

        npx playwright show-trace test-results/canvas-e2e-Canvas-UI-基础体验-组织表格加载-chromium/trace.zip

    ────────────────────────────────────────────────────────────────────────────────────────────────


[1A[2K[27/234] [chromium] › tests/e2e/canvas-e2e.spec.ts:73:3 › Canvas UI 基础体验 › 统计数据与表格行展示
[1A[2K  14) [chromium] › tests/e2e/canvas-e2e.spec.ts:54:3 › Canvas UI 基础体验 › 响应式布局 ──────────────────────

    Error: [2mexpect([22m[31mlocator[39m[2m).[22mtoBeVisible[2m([22m[2m)[22m failed

    Locator: locator('[data-testid="temporal-organization-dashboard"]')
    Expected: visible
    Timeout: 15000ms
    Error: element(s) not found

    Call log:
    [2m  - Expect "toBeVisible" with timeout 15000ms[22m
    [2m  - waiting for locator('[data-testid="temporal-organization-dashboard"]')[22m


       9 |     await setupAuth(page);
      10 |     await page.goto('/');
    > 11 |     await expect(page.locator(`[data-testid="${DASHBOARD_TESTID}"]`)).toBeVisible({ timeout: 15000 });
         |                                                                       ^
      12 |   });
      13 |
      14 |   test('应用外壳渲染与导航', async ({ page }) => {
        at /home/shangmeilin/cube-castle/frontend/tests/e2e/canvas-e2e.spec.ts:11:71

    attachment #1: screenshot (image/png) ──────────────────────────────────────────────────────────
    test-results/canvas-e2e-Canvas-UI-基础体验-响应式布局-chromium/test-failed-1.png
    ────────────────────────────────────────────────────────────────────────────────────────────────

    attachment #2: video (video/webm) ──────────────────────────────────────────────────────────────
    test-results/canvas-e2e-Canvas-UI-基础体验-响应式布局-chromium/video.webm
    ────────────────────────────────────────────────────────────────────────────────────────────────

    Error Context: test-results/canvas-e2e-Canvas-UI-基础体验-响应式布局-chromium/error-context.md

    attachment #4: trace (application/zip) ─────────────────────────────────────────────────────────
    test-results/canvas-e2e-Canvas-UI-基础体验-响应式布局-chromium/trace.zip
    Usage:

        npx playwright show-trace test-results/canvas-e2e-Canvas-UI-基础体验-响应式布局-chromium/trace.zip

    ────────────────────────────────────────────────────────────────────────────────────────────────


[1A[2K[chromium] › tests/e2e/canvas-e2e.spec.ts:73:3 › Canvas UI 基础体验 › 统计数据与表格行展示
✅ 认证设置已注入 localStorage

[1A[2K[28/234] [chromium] › tests/e2e/cqrs-protocol-separation.spec.ts:55:3 › CQRS协议分离验证 › 🚫 命令端应拒绝GET查询请求
[1A[2K[chromium] › tests/e2e/cqrs-protocol-separation.spec.ts:55:3 › CQRS协议分离验证 › 🚫 命令端应拒绝GET查询请求
🚀 开始CQRS架构协议分离测试

[1A[2K✅ 已加载认证令牌用于CQRS验证

[1A[2K测试: 命令端拒绝GET查询

[1A[2K✅ 命令端正确拒绝GET查询请求 (HTTP 401)

[1A[2K[29/234] [chromium] › tests/e2e/cqrs-protocol-separation.spec.ts:68:3 › CQRS协议分离验证 › 🚫 命令端应拒绝单个组织查询
[1A[2K[chromium] › tests/e2e/cqrs-protocol-separation.spec.ts:68:3 › CQRS协议分离验证 › 🚫 命令端应拒绝单个组织查询
测试: 命令端拒绝单个组织查询

[1A[2K✅ 命令端正确拒绝单个组织查询请求 (HTTP 401)

[1A[2K[30/234] [chromium] › tests/e2e/cqrs-protocol-separation.spec.ts:79:3 › CQRS协议分离验证 › ✅ 命令端应支持POST创建操作
[1A[2K[chromium] › tests/e2e/cqrs-protocol-separation.spec.ts:79:3 › CQRS协议分离验证 › ✅ 命令端应支持POST创建操作
测试: 命令端支持POST创建

[1A[2K[31/234] [chromium] › tests/e2e/cqrs-protocol-separation.spec.ts:111:3 › CQRS协议分离验证 › 🚫 查询端应拒绝POST命令请求
[1A[2K[chromium] › tests/e2e/cqrs-protocol-separation.spec.ts:111:3 › CQRS协议分离验证 › 🚫 查询端应拒绝POST命令请求
🚀 开始CQRS架构协议分离测试

[1A[2K✅ 已加载认证令牌用于CQRS验证

[1A[2K测试: 查询端拒绝POST命令

[1A[2K[chromium] › tests/e2e/cqrs-protocol-separation.spec.ts:79:3 › CQRS协议分离验证 › ✅ 命令端应支持POST创建操作
❌ 创建组织失败，状态码: [33m500[39m 响应: {"success":false,"error":{"code":"CREATE_ERROR","message":"创建操作失败","details":{"operation":"CREATE","retryable":false}},"timestamp":"2025-11-24T06:44:52Z","requestId":"73f92f83-ccf6-403b-933b-3ed62c3d09da"}


[1A[2K[chromium] › tests/e2e/cqrs-protocol-separation.spec.ts:111:3 › CQRS协议分离验证 › 🚫 查询端应拒绝POST命令请求
🏁 CQRS协议分离测试完成

[1A[2K📊 测试结果总结:

[1A[2K  ✅ 命令端正确拒绝查询操作

[1A[2K  ✅ 查询端正确拒绝命令操作

[1A[2K  ✅ 协议分离严格执行

[1A[2K  ✅ CQRS架构符合设计规范

[1A[2K[chromium] › tests/e2e/cqrs-protocol-separation.spec.ts:79:3 › CQRS协议分离验证 › ✅ 命令端应支持POST创建操作
🏁 CQRS协议分离测试完成

[1A[2K📊 测试结果总结:

[1A[2K  ✅ 命令端正确拒绝查询操作

[1A[2K  ✅ 查询端正确拒绝命令操作

[1A[2K  ✅ 协议分离严格执行

[1A[2K  ✅ CQRS架构符合设计规范

[1A[2K  15) [chromium] › tests/e2e/cqrs-protocol-separation.spec.ts:111:3 › CQRS协议分离验证 › 🚫 查询端应拒绝POST命令请求 

    Error: [2mexpect([22m[31mreceived[39m[2m).[22mtoBe[2m([22m[32mexpected[39m[2m) // Object.is equality[22m

    Expected: [32m404[39m
    Received: [31m401[39m

      122 |
      123 |     // 查询端应该不存在此端点
    > 124 |     expect(response.status()).toBe(404);
          |                               ^
      125 |     
      126 |     console.log('✅ 查询端正确拒绝POST命令请求');
      127 |   });
        at /home/shangmeilin/cube-castle/frontend/tests/e2e/cqrs-protocol-separation.spec.ts:124:31

    attachment #1: trace (application/zip) ─────────────────────────────────────────────────────────
    test-results/cqrs-protocol-separation-CQRS协议分离验证-🚫-查询端应拒绝POST命令请求-chromium/trace.zip
    Usage:

        npx playwright show-trace test-results/cqrs-protocol-separation-CQRS协议分离验证-🚫-查询端应拒绝POST命令请求-chromium/trace.zip

    ────────────────────────────────────────────────────────────────────────────────────────────────


[1A[2K  16) [chromium] › tests/e2e/cqrs-protocol-separation.spec.ts:79:3 › CQRS协议分离验证 › ✅ 命令端应支持POST创建操作 ─

    Error: [2mexpect([22m[31mreceived[39m[2m).[22mtoBe[2m([22m[32mexpected[39m[2m) // Object.is equality[22m

    Expected: [32m201[39m
    Received: [31m500[39m

       97 |       console.warn('❌ 创建组织失败，状态码:', response.status(), '响应:', await response.text());
       98 |     }
    >  99 |     expect(response.status()).toBe(201);
          |                               ^
      100 |     
      101 |     const body = await response.json();
      102 |     expect(body.success).toBeTruthy();
        at /home/shangmeilin/cube-castle/frontend/tests/e2e/cqrs-protocol-separation.spec.ts:99:31

    attachment #1: trace (application/zip) ─────────────────────────────────────────────────────────
    test-results/cqrs-protocol-separation-CQRS协议分离验证-✅-命令端应支持POST创建操作-chromium/trace.zip
    Usage:

        npx playwright show-trace test-results/cqrs-protocol-separation-CQRS协议分离验证-✅-命令端应支持POST创建操作-chromium/trace.zip

    ────────────────────────────────────────────────────────────────────────────────────────────────


[1A[2K[32/234] [chromium] › tests/e2e/cqrs-protocol-separation.spec.ts:129:3 › CQRS协议分离验证 › 🚫 查询端应拒绝PUT更新请求
[1A[2K[chromium] › tests/e2e/cqrs-protocol-separation.spec.ts:129:3 › CQRS协议分离验证 › 🚫 查询端应拒绝PUT更新请求
🚀 开始CQRS架构协议分离测试

[1A[2K✅ 已加载认证令牌用于CQRS验证

[1A[2K[33/234] [chromium] › tests/e2e/cqrs-protocol-separation.spec.ts:155:3 › CQRS协议分离验证 › ✅ 查询端应支持GraphQL查询
[1A[2K测试: 查询端拒绝PUT更新

[1A[2K[chromium] › tests/e2e/cqrs-protocol-separation.spec.ts:155:3 › CQRS协议分离验证 › ✅ 查询端应支持GraphQL查询
🚀 开始CQRS架构协议分离测试

[1A[2K✅ 已加载认证令牌用于CQRS验证

[1A[2K测试: 查询端支持GraphQL查询

[1A[2K✅ 查询端正确支持GraphQL查询

[1A[2K📊 查询到 5 个组织

[1A[2K[chromium] › tests/e2e/cqrs-protocol-separation.spec.ts:129:3 › CQRS协议分离验证 › 🚫 查询端应拒绝PUT更新请求
🏁 CQRS协议分离测试完成

[1A[2K📊 测试结果总结:

[1A[2K  ✅ 命令端正确拒绝查询操作

[1A[2K  ✅ 查询端正确拒绝命令操作

[1A[2K  ✅ 协议分离严格执行

[1A[2K  ✅ CQRS架构符合设计规范

[1A[2K[34/234] [chromium] › tests/e2e/cqrs-protocol-separation.spec.ts:187:3 › CQRS协议分离验证 › ✅ 查询端应支持单个组织GraphQL查询
[1A[2K[chromium] › tests/e2e/cqrs-protocol-separation.spec.ts:187:3 › CQRS协议分离验证 › ✅ 查询端应支持单个组织GraphQL查询
测试: 查询端支持单个组织GraphQL查询

[1A[2K📋 使用组织代码: 1000000

[1A[2K  17) [chromium] › tests/e2e/cqrs-protocol-separation.spec.ts:129:3 › CQRS协议分离验证 › 🚫 查询端应拒绝PUT更新请求 

    Error: [2mexpect([22m[31mreceived[39m[2m).[22mtoBe[2m([22m[32mexpected[39m[2m) // Object.is equality[22m

    Expected: [32m404[39m
    Received: [31m401[39m

      138 |     });
      139 |
    > 140 |     expect(response.status()).toBe(404);
          |                               ^
      141 |     
      142 |     console.log('✅ 查询端正确拒绝PUT更新请求');
      143 |   });
        at /home/shangmeilin/cube-castle/frontend/tests/e2e/cqrs-protocol-separation.spec.ts:140:31

    attachment #1: trace (application/zip) ─────────────────────────────────────────────────────────
    test-results/cqrs-protocol-separation-CQRS协议分离验证-🚫-查询端应拒绝PUT更新请求-chromium/trace.zip
    Usage:

        npx playwright show-trace test-results/cqrs-protocol-separation-CQRS协议分离验证-🚫-查询端应拒绝PUT更新请求-chromium/trace.zip

    ────────────────────────────────────────────────────────────────────────────────────────────────


[1A[2K✅ 查询端正确支持单个组织GraphQL查询

[1A[2K[35/234] [chromium] › tests/e2e/cqrs-protocol-separation.spec.ts:245:3 › CQRS协议分离验证 › ✅ 查询端应支持组织统计GraphQL查询
[1A[2K[chromium] › tests/e2e/cqrs-protocol-separation.spec.ts:245:3 › CQRS协议分离验证 › ✅ 查询端应支持组织统计GraphQL查询
测试: 查询端支持组织统计查询

[1A[2K✅ 查询端正确支持组织统计GraphQL查询

[1A[2K📊 统计信息: 总计504个组织

[1A[2K🏁 CQRS协议分离测试完成

[1A[2K📊 测试结果总结:

[1A[2K  ✅ 命令端正确拒绝查询操作

[1A[2K  ✅ 查询端正确拒绝命令操作

[1A[2K  ✅ 协议分离严格执行

[1A[2K  ✅ CQRS架构符合设计规范

[1A[2K[36/234] [chromium] › tests/e2e/cqrs-protocol-separation.spec.ts:284:3 › CQRS协议分离验证 › 🔄 CQRS端到端操作验证
[1A[2K[chromium] › tests/e2e/cqrs-protocol-separation.spec.ts:284:3 › CQRS协议分离验证 › 🔄 CQRS端到端操作验证
🚀 开始CQRS架构协议分离测试

[1A[2K✅ 已加载认证令牌用于CQRS验证

[1A[2K测试: CQRS端到端操作流程

[1A[2K📝 步骤1: 通过命令端创建组织

[1A[2K🏁 CQRS协议分离测试完成

[1A[2K📊 测试结果总结:

[1A[2K  ✅ 命令端正确拒绝查询操作

[1A[2K  ✅ 查询端正确拒绝命令操作

[1A[2K  ✅ 协议分离严格执行

[1A[2K  ✅ CQRS架构符合设计规范

[1A[2K  18) [chromium] › tests/e2e/cqrs-protocol-separation.spec.ts:284:3 › CQRS协议分离验证 › 🔄 CQRS端到端操作验证 ──

    Error: [2mexpect([22m[31mreceived[39m[2m).[22mtoBe[2m([22m[32mexpected[39m[2m) // Object.is equality[22m

    Expected: [32m201[39m
    Received: [31m500[39m

      303 |     });
      304 |
    > 305 |     expect(createResponse.status()).toBe(201);
          |                                     ^
      306 |     const createdEnvelope = await createResponse.json();
      307 |     const createdOrgCode = createdEnvelope.data?.code;
      308 |     if (!createdOrgCode) {
        at /home/shangmeilin/cube-castle/frontend/tests/e2e/cqrs-protocol-separation.spec.ts:305:37

    attachment #1: trace (application/zip) ─────────────────────────────────────────────────────────
    test-results/cqrs-protocol-separation-CQRS协议分离验证-🔄-CQRS端到端操作验证-chromium/trace.zip
    Usage:

        npx playwright show-trace test-results/cqrs-protocol-separation-CQRS协议分离验证-🔄-CQRS端到端操作验证-chromium/trace.zip

    ────────────────────────────────────────────────────────────────────────────────────────────────


[1A[2K[37/234] [chromium] › tests/e2e/cqrs-protocol-separation.spec.ts:145:3 › CQRS协议分离验证 › 🚫 查询端应拒绝DELETE删除请求
[1A[2K[chromium] › tests/e2e/cqrs-protocol-separation.spec.ts:145:3 › CQRS协议分离验证 › 🚫 查询端应拒绝DELETE删除请求
🚀 开始CQRS架构协议分离测试

[1A[2K✅ 已加载认证令牌用于CQRS验证

[1A[2K测试: 查询端拒绝DELETE删除

[1A[2K🏁 CQRS协议分离测试完成

[1A[2K📊 测试结果总结:

[1A[2K  ✅ 命令端正确拒绝查询操作

[1A[2K  ✅ 查询端正确拒绝命令操作

[1A[2K  ✅ 协议分离严格执行

[1A[2K  ✅ CQRS架构符合设计规范

[1A[2K  19) [chromium] › tests/e2e/cqrs-protocol-separation.spec.ts:145:3 › CQRS协议分离验证 › 🚫 查询端应拒绝DELETE删除请求 

    Error: [2mexpect([22m[31mreceived[39m[2m).[22mtoBe[2m([22m[32mexpected[39m[2m) // Object.is equality[22m

    Expected: [32m404[39m
    Received: [31m401[39m

      148 |     const response = await request.delete(buildQueryRestUrl('/api/v1/organization-units/1000001'));
      149 |
    > 150 |     expect(response.status()).toBe(404);
          |                               ^
      151 |     
      152 |     console.log('✅ 查询端正确拒绝DELETE删除请求');
      153 |   });
        at /home/shangmeilin/cube-castle/frontend/tests/e2e/cqrs-protocol-separation.spec.ts:150:31

    attachment #1: trace (application/zip) ─────────────────────────────────────────────────────────
    test-results/cqrs-protocol-separation-CQRS协议分离验证-🚫-查询端应拒绝DELETE删除请求-chromium/trace.zip
    Usage:

        npx playwright show-trace test-results/cqrs-protocol-separation-CQRS协议分离验证-🚫-查询端应拒绝DELETE删除请求-chromium/trace.zip

    ────────────────────────────────────────────────────────────────────────────────────────────────


[1A[2K[38/234] [chromium] › tests/e2e/cqrs-protocol-separation.spec.ts:369:3 › CQRS协议分离验证 › 📋 CQRS架构健康检查
[1A[2K[chromium] › tests/e2e/cqrs-protocol-separation.spec.ts:369:3 › CQRS协议分离验证 › 📋 CQRS架构健康检查
🚀 开始CQRS架构协议分离测试

[1A[2K✅ 已加载认证令牌用于CQRS验证

[1A[2K测试: CQRS架构健康检查

[1A[2K✅ 命令端健康状态正常

[1A[2K🏁 CQRS协议分离测试完成

[1A[2K📊 测试结果总结:

[1A[2K  ✅ 命令端正确拒绝查询操作

[1A[2K  ✅ 查询端正确拒绝命令操作

[1A[2K  ✅ 协议分离严格执行

[1A[2K  ✅ CQRS架构符合设计规范

[1A[2K  20) [chromium] › tests/e2e/cqrs-protocol-separation.spec.ts:369:3 › CQRS协议分离验证 › 📋 CQRS架构健康检查 ───

    Error: [2mexpect([22m[31mreceived[39m[2m).[22mtoContain[2m([22m[32mexpected[39m[2m) // indexOf[22m

    Expected substring: [32m"graphql"[39m
    Received string:    [31m"command"[39m

      387 |
      388 |     const queryHealth = await queryHealthResponse.json();
    > 389 |     expect(queryHealth.service).toContain('graphql');
          |                                 ^
      390 |     console.log('✅ 查询端健康状态正常');
      391 |
      392 |     console.log('🎉 CQRS架构健康检查完成');
        at /home/shangmeilin/cube-castle/frontend/tests/e2e/cqrs-protocol-separation.spec.ts:389:33

    attachment #1: trace (application/zip) ─────────────────────────────────────────────────────────
    test-results/cqrs-protocol-separation-CQRS协议分离验证-📋-CQRS架构健康检查-chromium/trace.zip
    Usage:

        npx playwright show-trace test-results/cqrs-protocol-separation-CQRS协议分离验证-📋-CQRS架构健康检查-chromium/trace.zip

    ────────────────────────────────────────────────────────────────────────────────────────────────


[1A[2K[39/234] [chromium] › tests/e2e/five-state-lifecycle-management.spec.ts:25:3 › 五状态生命周期管理系统 › 加载后显示时间轴及当前版本信息
[1A[2K[chromium] › tests/e2e/five-state-lifecycle-management.spec.ts:25:3 › 五状态生命周期管理系统 › 加载后显示时间轴及当前版本信息
✅ 发现活跃前端服务：http://localhost:3000

[1A[2K✅ 认证设置已注入 localStorage

[1A[2K[40/234] [chromium] › tests/e2e/five-state-lifecycle-management.spec.ts:43:3 › 五状态生命周期管理系统 › 支持选择时间轴节点并进入编辑模式
[1A[2K[chromium] › tests/e2e/five-state-lifecycle-management.spec.ts:43:3 › 五状态生命周期管理系统 › 支持选择时间轴节点并进入编辑模式
✅ 发现活跃前端服务：http://localhost:3000

[1A[2K✅ 认证设置已注入 localStorage

[1A[2K  21) [chromium] › tests/e2e/canvas-e2e.spec.ts:67:3 › Canvas UI 基础体验 › 主要操作按钮具有 Canvas 样式 ─────────

    Error: [2mexpect([22m[31mlocator[39m[2m).[22mtoBeVisible[2m([22m[2m)[22m failed

    Locator: locator('[data-testid="temporal-organization-dashboard"]')
    Expected: visible
    Timeout: 15000ms
    Error: element(s) not found

    Call log:
    [2m  - Expect "toBeVisible" with timeout 15000ms[22m
    [2m  - waiting for locator('[data-testid="temporal-organization-dashboard"]')[22m


       9 |     await setupAuth(page);
      10 |     await page.goto('/');
    > 11 |     await expect(page.locator(`[data-testid="${DASHBOARD_TESTID}"]`)).toBeVisible({ timeout: 15000 });
         |                                                                       ^
      12 |   });
      13 |
      14 |   test('应用外壳渲染与导航', async ({ page }) => {
        at /home/shangmeilin/cube-castle/frontend/tests/e2e/canvas-e2e.spec.ts:11:71

    attachment #1: screenshot (image/png) ──────────────────────────────────────────────────────────
    test-results/canvas-e2e-Canvas-UI-基础体验-主要操作按钮具有-Canvas-样式-chromium/test-failed-1.png
    ────────────────────────────────────────────────────────────────────────────────────────────────

    attachment #2: video (video/webm) ──────────────────────────────────────────────────────────────
    test-results/canvas-e2e-Canvas-UI-基础体验-主要操作按钮具有-Canvas-样式-chromium/video.webm
    ────────────────────────────────────────────────────────────────────────────────────────────────

    Error Context: test-results/canvas-e2e-Canvas-UI-基础体验-主要操作按钮具有-Canvas-样式-chromium/error-context.md

    attachment #4: trace (application/zip) ─────────────────────────────────────────────────────────
    test-results/canvas-e2e-Canvas-UI-基础体验-主要操作按钮具有-Canvas-样式-chromium/trace.zip
    Usage:

        npx playwright show-trace test-results/canvas-e2e-Canvas-UI-基础体验-主要操作按钮具有-Canvas-样式-chromium/trace.zip

    ────────────────────────────────────────────────────────────────────────────────────────────────


[1A[2K[41/234] [chromium] › tests/e2e/five-state-lifecycle-management.spec.ts:59:3 › 五状态生命周期管理系统 › 可以启动插入新版本流程并触发校验
[1A[2K[chromium] › tests/e2e/five-state-lifecycle-management.spec.ts:59:3 › 五状态生命周期管理系统 › 可以启动插入新版本流程并触发校验
✅ 发现活跃前端服务：http://localhost:3000

[1A[2K✅ 认证设置已注入 localStorage

[1A[2K  22) [chromium] › tests/e2e/canvas-e2e.spec.ts:73:3 › Canvas UI 基础体验 › 统计数据与表格行展示 ─────────────────

    Error: [2mexpect([22m[31mlocator[39m[2m).[22mtoBeVisible[2m([22m[2m)[22m failed

    Locator: locator('[data-testid="temporal-organization-dashboard"]')
    Expected: visible
    Timeout: 15000ms
    Error: element(s) not found

    Call log:
    [2m  - Expect "toBeVisible" with timeout 15000ms[22m
    [2m  - waiting for locator('[data-testid="temporal-organization-dashboard"]')[22m


       9 |     await setupAuth(page);
      10 |     await page.goto('/');
    > 11 |     await expect(page.locator(`[data-testid="${DASHBOARD_TESTID}"]`)).toBeVisible({ timeout: 15000 });
         |                                                                       ^
      12 |   });
      13 |
      14 |   test('应用外壳渲染与导航', async ({ page }) => {
        at /home/shangmeilin/cube-castle/frontend/tests/e2e/canvas-e2e.spec.ts:11:71

    attachment #1: screenshot (image/png) ──────────────────────────────────────────────────────────
    test-results/canvas-e2e-Canvas-UI-基础体验-统计数据与表格行展示-chromium/test-failed-1.png
    ────────────────────────────────────────────────────────────────────────────────────────────────

    attachment #2: video (video/webm) ──────────────────────────────────────────────────────────────
    test-results/canvas-e2e-Canvas-UI-基础体验-统计数据与表格行展示-chromium/video.webm
    ────────────────────────────────────────────────────────────────────────────────────────────────

    Error Context: test-results/canvas-e2e-Canvas-UI-基础体验-统计数据与表格行展示-chromium/error-context.md

    attachment #4: trace (application/zip) ─────────────────────────────────────────────────────────
    test-results/canvas-e2e-Canvas-UI-基础体验-统计数据与表格行展示-chromium/trace.zip
    Usage:

        npx playwright show-trace test-results/canvas-e2e-Canvas-UI-基础体验-统计数据与表格行展示-chromium/trace.zip

    ────────────────────────────────────────────────────────────────────────────────────────────────


[1A[2K[42/234] [chromium] › tests/e2e/five-state-lifecycle-management.spec.ts:77:3 › 五状态生命周期管理系统 › 可切换到审计历史并显示记录提示
[1A[2K[chromium] › tests/e2e/five-state-lifecycle-management.spec.ts:77:3 › 五状态生命周期管理系统 › 可切换到审计历史并显示记录提示
✅ 发现活跃前端服务：http://localhost:3000

[1A[2K✅ 认证设置已注入 localStorage

[1A[2K  23) [chromium] › tests/e2e/five-state-lifecycle-management.spec.ts:25:3 › 五状态生命周期管理系统 › 加载后显示时间轴及当前版本信息 

    TimeoutError: page.waitForSelector: Timeout 15000ms exceeded.
    Call log:
    [2m  - waiting for locator('[data-testid="temporal-master-detail-view"]') to be visible[22m


      20 |     await setupAuth(page);
      21 |     await page.goto(`${baseUrl}/organizations/${TEST_ORGANIZATION_CODE}/temporal`);
    > 22 |     await page.waitForSelector('[data-testid="temporal-master-detail-view"]', { timeout: 15_000 });
         |                ^
      23 |   });
      24 |
      25 |   test('加载后显示时间轴及当前版本信息', async ({ page }) => {
        at /home/shangmeilin/cube-castle/frontend/tests/e2e/five-state-lifecycle-management.spec.ts:22:16

    attachment #1: screenshot (image/png) ──────────────────────────────────────────────────────────
    test-results/five-state-lifecycle-management-五状态生命周期管理系统-加载后显示时间轴及当前版本信息-chromium/test-failed-1.png
    ────────────────────────────────────────────────────────────────────────────────────────────────

    attachment #2: video (video/webm) ──────────────────────────────────────────────────────────────
    test-results/five-state-lifecycle-management-五状态生命周期管理系统-加载后显示时间轴及当前版本信息-chromium/video.webm
    ────────────────────────────────────────────────────────────────────────────────────────────────

    Error Context: test-results/five-state-lifecycle-management-五状态生命周期管理系统-加载后显示时间轴及当前版本信息-chromium/error-context.md

    attachment #4: trace (application/zip) ─────────────────────────────────────────────────────────
    test-results/five-state-lifecycle-management-五状态生命周期管理系统-加载后显示时间轴及当前版本信息-chromium/trace.zip
    Usage:

        npx playwright show-trace test-results/five-state-lifecycle-management-五状态生命周期管理系统-加载后显示时间轴及当前版本信息-chromium/trace.zip

    ────────────────────────────────────────────────────────────────────────────────────────────────


[1A[2K  24) [chromium] › tests/e2e/five-state-lifecycle-management.spec.ts:43:3 › 五状态生命周期管理系统 › 支持选择时间轴节点并进入编辑模式 

    TimeoutError: page.waitForSelector: Timeout 15000ms exceeded.
    Call log:
    [2m  - waiting for locator('[data-testid="temporal-master-detail-view"]') to be visible[22m


      20 |     await setupAuth(page);
      21 |     await page.goto(`${baseUrl}/organizations/${TEST_ORGANIZATION_CODE}/temporal`);
    > 22 |     await page.waitForSelector('[data-testid="temporal-master-detail-view"]', { timeout: 15_000 });
         |                ^
      23 |   });
      24 |
      25 |   test('加载后显示时间轴及当前版本信息', async ({ page }) => {
        at /home/shangmeilin/cube-castle/frontend/tests/e2e/five-state-lifecycle-management.spec.ts:22:16

    attachment #1: screenshot (image/png) ──────────────────────────────────────────────────────────
    test-results/five-state-lifecycle-management-五状态生命周期管理系统-支持选择时间轴节点并进入编辑模式-chromium/test-failed-1.png
    ────────────────────────────────────────────────────────────────────────────────────────────────

    attachment #2: video (video/webm) ──────────────────────────────────────────────────────────────
    test-results/five-state-lifecycle-management-五状态生命周期管理系统-支持选择时间轴节点并进入编辑模式-chromium/video.webm
    ────────────────────────────────────────────────────────────────────────────────────────────────

    Error Context: test-results/five-state-lifecycle-management-五状态生命周期管理系统-支持选择时间轴节点并进入编辑模式-chromium/error-context.md

    attachment #4: trace (application/zip) ─────────────────────────────────────────────────────────
    test-results/five-state-lifecycle-management-五状态生命周期管理系统-支持选择时间轴节点并进入编辑模式-chromium/trace.zip
    Usage:

        npx playwright show-trace test-results/five-state-lifecycle-management-五状态生命周期管理系统-支持选择时间轴节点并进入编辑模式-chromium/trace.zip

    ────────────────────────────────────────────────────────────────────────────────────────────────


[1A[2K[43/234] [chromium] › tests/e2e/frontend-cqrs-compliance.spec.ts:27:3 › 前端CQRS协议遵循验证 › ✅ 前端应使用GraphQL进行查询
[1A[2K[chromium] › tests/e2e/frontend-cqrs-compliance.spec.ts:27:3 › 前端CQRS协议遵循验证 › ✅ 前端应使用GraphQL进行查询
🚀 开始前端CQRS协议遵循测试

[1A[2K✅ 发现活跃前端服务：http://localhost:3000

[1A[2K✅ 使用前端基址: http://localhost:3000

[1A[2K测试: 前端使用GraphQL查询

[1A[2K✅ 认证设置已注入 localStorage

[1A[2K[44/234] [chromium] › tests/e2e/frontend-cqrs-compliance.spec.ts:72:3 › 前端CQRS协议遵循验证 › ✅ 前端应使用REST API进行命令操作
[1A[2K[chromium] › tests/e2e/frontend-cqrs-compliance.spec.ts:72:3 › 前端CQRS协议遵循验证 › ✅ 前端应使用REST API进行命令操作
🚀 开始前端CQRS协议遵循测试

[1A[2K✅ 发现活跃前端服务：http://localhost:3000

[1A[2K✅ 使用前端基址: http://localhost:3000

[1A[2K测试: 前端使用REST API执行命令

[1A[2K✅ 认证设置已注入 localStorage

[1A[2Kℹ️ 本次测试未触发命令操作，这是正常的

[1A[2K🏁 前端CQRS协议遵循测试完成

[1A[2K📊 测试结果总结:

[1A[2K  ✅ 前端正确使用GraphQL进行查询

[1A[2K  ✅ 前端正确使用REST API进行命令

[1A[2K  ✅ 没有违反CQRS协议的请求

[1A[2K  ✅ 网络请求模式符合架构设计

[1A[2K[45/234] [chromium] › tests/e2e/frontend-cqrs-compliance.spec.ts:138:3 › 前端CQRS协议遵循验证 › 🔍 前端网络请求协议分析
[1A[2K[chromium] › tests/e2e/frontend-cqrs-compliance.spec.ts:138:3 › 前端CQRS协议遵循验证 › 🔍 前端网络请求协议分析
🚀 开始前端CQRS协议遵循测试

[1A[2K✅ 发现活跃前端服务：http://localhost:3000

[1A[2K✅ 使用前端基址: http://localhost:3000

[1A[2K测试: 分析前端网络请求协议使用情况

[1A[2K✅ 认证设置已注入 localStorage

[1A[2K[chromium] › tests/e2e/frontend-cqrs-compliance.spec.ts:27:3 › 前端CQRS协议遵循验证 › ✅ 前端应使用GraphQL进行查询
🏁 前端CQRS协议遵循测试完成

[1A[2K📊 测试结果总结:

[1A[2K  ✅ 前端正确使用GraphQL进行查询

[1A[2K  ✅ 前端正确使用REST API进行命令

[1A[2K  ✅ 没有违反CQRS协议的请求

[1A[2K  ✅ 网络请求模式符合架构设计

[1A[2K  25) [chromium] › tests/e2e/frontend-cqrs-compliance.spec.ts:27:3 › 前端CQRS协议遵循验证 › ✅ 前端应使用GraphQL进行查询 

    Error: [2mexpect([22m[31mreceived[39m[2m).[22mtoBeGreaterThan[2m([22m[32mexpected[39m[2m)[22m

    Expected: > [32m0[39m
    Received:   [31m0[39m

      54 |
      55 |     // 验证使用了GraphQL查询
    > 56 |     expect(graphqlRequests.length).toBeGreaterThan(0);
         |                                    ^
      57 |     console.log(`✅ 检测到 ${graphqlRequests.length} 个GraphQL查询请求`);
      58 |
      59 |     // 验证没有使用REST GET查询 (违反CQRS原则)
        at /home/shangmeilin/cube-castle/frontend/tests/e2e/frontend-cqrs-compliance.spec.ts:56:36

    attachment #1: screenshot (image/png) ──────────────────────────────────────────────────────────
    test-results/frontend-cqrs-compliance-前端CQRS协议遵循验证-✅-前端应使用GraphQL进行查询-chromium/test-failed-1.png
    ────────────────────────────────────────────────────────────────────────────────────────────────

    attachment #2: video (video/webm) ──────────────────────────────────────────────────────────────
    test-results/frontend-cqrs-compliance-前端CQRS协议遵循验证-✅-前端应使用GraphQL进行查询-chromium/video.webm
    ────────────────────────────────────────────────────────────────────────────────────────────────

    Error Context: test-results/frontend-cqrs-compliance-前端CQRS协议遵循验证-✅-前端应使用GraphQL进行查询-chromium/error-context.md

    attachment #4: trace (application/zip) ─────────────────────────────────────────────────────────
    test-results/frontend-cqrs-compliance-前端CQRS协议遵循验证-✅-前端应使用GraphQL进行查询-chromium/trace.zip
    Usage:

        npx playwright show-trace test-results/frontend-cqrs-compliance-前端CQRS协议遵循验证-✅-前端应使用GraphQL进行查询-chromium/trace.zip

    ────────────────────────────────────────────────────────────────────────────────────────────────


[1A[2K[46/234] [chromium] › tests/e2e/frontend-cqrs-compliance.spec.ts:195:3 › 前端CQRS协议遵循验证 › 🎯 前端错误处理验证
[1A[2K[chromium] › tests/e2e/frontend-cqrs-compliance.spec.ts:195:3 › 前端CQRS协议遵循验证 › 🎯 前端错误处理验证
🚀 开始前端CQRS协议遵循测试

[1A[2K✅ 发现活跃前端服务：http://localhost:3000

[1A[2K✅ 使用前端基址: http://localhost:3000

[1A[2K测试: 前端处理CQRS服务错误

[1A[2K✅ 认证设置已注入 localStorage

[1A[2K✅ 前端错误处理测试完成

[1A[2K✅ 无网络错误，CQRS服务正常运行

[1A[2K🏁 前端CQRS协议遵循测试完成

[1A[2K📊 测试结果总结:

[1A[2K  ✅ 前端正确使用GraphQL进行查询

[1A[2K  ✅ 前端正确使用REST API进行命令

[1A[2K  ✅ 没有违反CQRS协议的请求

[1A[2K  ✅ 网络请求模式符合架构设计

[1A[2K[47/234] [chromium] › tests/e2e/job-catalog-layout-baseline.spec.ts:134:3 › Job Catalog 布局基线截图 › 职位列表页面布局
[1A[2K[48/234] [chromium] › tests/e2e/job-catalog-layout-baseline.spec.ts:141:3 › Job Catalog 布局基线截图 › 职类管理列表布局
[1A[2K[49/234] [chromium] › tests/e2e/job-catalog-layout-baseline.spec.ts:148:3 › Job Catalog 布局基线截图 › 职类详情布局
[1A[2K[50/234] [chromium] › tests/e2e/job-catalog-secondary-navigation.spec.ts:179:3 › 职位管理二级导航（真实后端权限验证） › 管理员通过 UI 编辑职类成功并触发 If-Match
[1A[2K[chromium] › tests/e2e/job-catalog-secondary-navigation.spec.ts:179:3 › 职位管理二级导航（真实后端权限验证） › 管理员通过 UI 编辑职类成功并触发 If-Match
✅ 发现活跃前端服务：http://localhost:3000

[1A[2K[chromium] › tests/e2e/frontend-cqrs-compliance.spec.ts:138:3 › 前端CQRS协议遵循验证 › 🔍 前端网络请求协议分析
📊 网络请求分析结果:

[1A[2K  GraphQL查询: 0 个

[1A[2K  REST GET: 0 个

[1A[2K  REST POST: 0 个

[1A[2K  REST PUT: 0 个

[1A[2K  REST DELETE: 0 个

[1A[2K🏁 前端CQRS协议遵循测试完成

[1A[2K📊 测试结果总结:

[1A[2K  ✅ 前端正确使用GraphQL进行查询

[1A[2K  ✅ 前端正确使用REST API进行命令

[1A[2K  ✅ 没有违反CQRS协议的请求

[1A[2K  ✅ 网络请求模式符合架构设计

[1A[2K  26) [chromium] › tests/e2e/frontend-cqrs-compliance.spec.ts:138:3 › 前端CQRS协议遵循验证 › 🔍 前端网络请求协议分析 ─

    Error: [2mexpect([22m[31mreceived[39m[2m).[22mtoBeGreaterThan[2m([22m[32mexpected[39m[2m)[22m

    Expected: > [32m0[39m
    Received:   [31m0[39m

      187 |
      188 |     // CQRS协议分离验证
    > 189 |     expect(networkRequests.graphql.length).toBeGreaterThan(0);
          |                                            ^
      190 |     expect(networkRequests.restGet.length).toBe(0);
      191 |     
      192 |     console.log('✅ 前端CQRS协议使用正确');
        at /home/shangmeilin/cube-castle/frontend/tests/e2e/frontend-cqrs-compliance.spec.ts:189:44

    attachment #1: screenshot (image/png) ──────────────────────────────────────────────────────────
    test-results/frontend-cqrs-compliance-前端CQRS协议遵循验证-🔍-前端网络请求协议分析-chromium/test-failed-1.png
    ────────────────────────────────────────────────────────────────────────────────────────────────

    attachment #2: video (video/webm) ──────────────────────────────────────────────────────────────
    test-results/frontend-cqrs-compliance-前端CQRS协议遵循验证-🔍-前端网络请求协议分析-chromium/video.webm
    ────────────────────────────────────────────────────────────────────────────────────────────────

    Error Context: test-results/frontend-cqrs-compliance-前端CQRS协议遵循验证-🔍-前端网络请求协议分析-chromium/error-context.md

    attachment #4: trace (application/zip) ─────────────────────────────────────────────────────────
    test-results/frontend-cqrs-compliance-前端CQRS协议遵循验证-🔍-前端网络请求协议分析-chromium/trace.zip
    Usage:

        npx playwright show-trace test-results/frontend-cqrs-compliance-前端CQRS协议遵循验证-🔍-前端网络请求协议分析-chromium/trace.zip

    ────────────────────────────────────────────────────────────────────────────────────────────────


[1A[2K[51/234] [chromium] › tests/e2e/monitoring-dashboard.spec.ts:45:3 › 系统监控总览 /dashboard › 未认证用户访问会被重定向到登录页
[1A[2K[chromium] › tests/e2e/monitoring-dashboard.spec.ts:45:3 › 系统监控总览 /dashboard › 未认证用户访问会被重定向到登录页
✅ 发现活跃前端服务：http://localhost:3000

[1A[2K  27) [chromium] › tests/e2e/five-state-lifecycle-management.spec.ts:59:3 › 五状态生命周期管理系统 › 可以启动插入新版本流程并触发校验 

    TimeoutError: page.waitForSelector: Timeout 15000ms exceeded.
    Call log:
    [2m  - waiting for locator('[data-testid="temporal-master-detail-view"]') to be visible[22m


      20 |     await setupAuth(page);
      21 |     await page.goto(`${baseUrl}/organizations/${TEST_ORGANIZATION_CODE}/temporal`);
    > 22 |     await page.waitForSelector('[data-testid="temporal-master-detail-view"]', { timeout: 15_000 });
         |                ^
      23 |   });
      24 |
      25 |   test('加载后显示时间轴及当前版本信息', async ({ page }) => {
        at /home/shangmeilin/cube-castle/frontend/tests/e2e/five-state-lifecycle-management.spec.ts:22:16

    attachment #1: screenshot (image/png) ──────────────────────────────────────────────────────────
    test-results/five-state-lifecycle-management-五状态生命周期管理系统-可以启动插入新版本流程并触发校验-chromium/test-failed-1.png
    ────────────────────────────────────────────────────────────────────────────────────────────────

    attachment #2: video (video/webm) ──────────────────────────────────────────────────────────────
    test-results/five-state-lifecycle-management-五状态生命周期管理系统-可以启动插入新版本流程并触发校验-chromium/video.webm
    ────────────────────────────────────────────────────────────────────────────────────────────────

    Error Context: test-results/five-state-lifecycle-management-五状态生命周期管理系统-可以启动插入新版本流程并触发校验-chromium/error-context.md

    attachment #4: trace (application/zip) ─────────────────────────────────────────────────────────
    test-results/five-state-lifecycle-management-五状态生命周期管理系统-可以启动插入新版本流程并触发校验-chromium/trace.zip
    Usage:

        npx playwright show-trace test-results/five-state-lifecycle-management-五状态生命周期管理系统-可以启动插入新版本流程并触发校验-chromium/trace.zip

    ────────────────────────────────────────────────────────────────────────────────────────────────


[1A[2K[52/234] [chromium] › tests/e2e/monitoring-dashboard.spec.ts:51:3 › 系统监控总览 /dashboard › 认证后展示监控数据并支持刷新
[1A[2K[chromium] › tests/e2e/monitoring-dashboard.spec.ts:51:3 › 系统监控总览 /dashboard › 认证后展示监控数据并支持刷新
✅ 发现活跃前端服务：http://localhost:3000

[1A[2K[53/234] [chromium] › tests/e2e/name-validation-parentheses.spec.ts:20:3 › 组织名称允许括号验证 › 更新组织名称为包含括号的名称，应成功
[1A[2K  28) [chromium] › tests/e2e/name-validation-parentheses.spec.ts:20:3 › 组织名称允许括号验证 › 更新组织名称为包含括号的名称，应成功 

    Error: REST 更新应返回 200 并接受括号名称

    [2mexpect([22m[31mreceived[39m[2m).[22mtoBe[2m([22m[32mexpected[39m[2m) // Object.is equality[22m

    Expected: [32m200[39m
    Received: [31m500[39m

      55 |     });
      56 |
    > 57 |     expect(resp.status(), 'REST 更新应返回 200 并接受括号名称').toBe(200);
         |                                                     ^
      58 |     const body = await resp.json();
      59 |     expect(body).toMatchObject({
      60 |       success: true,
        at /home/shangmeilin/cube-castle/frontend/tests/e2e/name-validation-parentheses.spec.ts:57:53

    attachment #1: trace (application/zip) ─────────────────────────────────────────────────────────
    test-results/name-validation-parentheses-组织名称允许括号验证-更新组织名称为包含括号的名称，应成功-chromium/trace.zip
    Usage:

        npx playwright show-trace test-results/name-validation-parentheses-组织名称允许括号验证-更新组织名称为包含括号的名称，应成功-chromium/trace.zip

    ────────────────────────────────────────────────────────────────────────────────────────────────


[1A[2K  29) [chromium] › tests/e2e/five-state-lifecycle-management.spec.ts:77:3 › 五状态生命周期管理系统 › 可切换到审计历史并显示记录提示 

    TimeoutError: page.waitForSelector: Timeout 15000ms exceeded.
    Call log:
    [2m  - waiting for locator('[data-testid="temporal-master-detail-view"]') to be visible[22m


      20 |     await setupAuth(page);
      21 |     await page.goto(`${baseUrl}/organizations/${TEST_ORGANIZATION_CODE}/temporal`);
    > 22 |     await page.waitForSelector('[data-testid="temporal-master-detail-view"]', { timeout: 15_000 });
         |                ^
      23 |   });
      24 |
      25 |   test('加载后显示时间轴及当前版本信息', async ({ page }) => {
        at /home/shangmeilin/cube-castle/frontend/tests/e2e/five-state-lifecycle-management.spec.ts:22:16

    attachment #1: screenshot (image/png) ──────────────────────────────────────────────────────────
    test-results/five-state-lifecycle-management-五状态生命周期管理系统-可切换到审计历史并显示记录提示-chromium/test-failed-1.png
    ────────────────────────────────────────────────────────────────────────────────────────────────

    attachment #2: video (video/webm) ──────────────────────────────────────────────────────────────
    test-results/five-state-lifecycle-management-五状态生命周期管理系统-可切换到审计历史并显示记录提示-chromium/video.webm
    ────────────────────────────────────────────────────────────────────────────────────────────────

    Error Context: test-results/five-state-lifecycle-management-五状态生命周期管理系统-可切换到审计历史并显示记录提示-chromium/error-context.md

    attachment #4: trace (application/zip) ─────────────────────────────────────────────────────────
    test-results/five-state-lifecycle-management-五状态生命周期管理系统-可切换到审计历史并显示记录提示-chromium/trace.zip
    Usage:

        npx playwright show-trace test-results/five-state-lifecycle-management-五状态生命周期管理系统-可切换到审计历史并显示记录提示-chromium/trace.zip

    ────────────────────────────────────────────────────────────────────────────────────────────────


[1A[2K[54/234] [chromium] › tests/e2e/operational-monitoring-e2e.spec.ts:26:3 › Operational Monitoring API › health/metrics/alerts/rate-limit require auth and tenant
[1A[2K[55/234] [chromium] › tests/e2e/optimization-verification-e2e.spec.ts:39:3 › 优化效果验证测试 › Phase 2: 验证简化后的前端验证体系
[1A[2K[56/234] [chromium] › tests/e2e/optimization-verification-e2e.spec.ts:62:3 › 优化效果验证测试 › Phase 2: 验证Zod复杂验证已简化
[1A[2K[chromium] › tests/e2e/optimization-verification-e2e.spec.ts:39:3 › 优化效果验证测试 › Phase 2: 验证简化后的前端验证体系
✅ 认证设置已注入 localStorage

[1A[2K[chromium] › tests/e2e/optimization-verification-e2e.spec.ts:62:3 › 优化效果验证测试 › Phase 2: 验证Zod复杂验证已简化
✅ 认证设置已注入 localStorage

[1A[2K[57/234] [chromium] › tests/e2e/optimization-verification-e2e.spec.ts:88:3 › 优化效果验证测试 › Phase 3: 验证DDD简化效果
[1A[2K[chromium] › tests/e2e/optimization-verification-e2e.spec.ts:88:3 › 优化效果验证测试 › Phase 3: 验证DDD简化效果
✅ 认证设置已注入 localStorage

[1A[2K简化后API响应时间: 83ms

[1A[2K  30) [chromium] › tests/e2e/optimization-verification-e2e.spec.ts:88:3 › 优化效果验证测试 › Phase 3: 验证DDD简化效果 

    Error: [2mexpect([22m[31mreceived[39m[2m).[22mtoBe[2m([22m[32mexpected[39m[2m) // Object.is equality[22m

    Expected: [32m201[39m
    Received: [31m500[39m

      125 |     
      126 |     // 验证响应成功且性能良好
    > 127 |     expect(response.status).toBe(201);
          |                             ^
      128 |     expect(responseTime).toBeLessThan(500); // 简化后应该更快
      129 |   });
      130 |
        at /home/shangmeilin/cube-castle/frontend/tests/e2e/optimization-verification-e2e.spec.ts:127:29

    attachment #1: screenshot (image/png) ──────────────────────────────────────────────────────────
    test-results/optimization-verification-e2e-优化效果验证测试-Phase-3-验证DDD简化效果-chromium/test-failed-1.png
    ────────────────────────────────────────────────────────────────────────────────────────────────

    attachment #2: video (video/webm) ──────────────────────────────────────────────────────────────
    test-results/optimization-verification-e2e-优化效果验证测试-Phase-3-验证DDD简化效果-chromium/video.webm
    ────────────────────────────────────────────────────────────────────────────────────────────────

    Error Context: test-results/optimization-verification-e2e-优化效果验证测试-Phase-3-验证DDD简化效果-chromium/error-context.md

    attachment #4: trace (application/zip) ─────────────────────────────────────────────────────────
    test-results/optimization-verification-e2e-优化效果验证测试-Phase-3-验证DDD简化效果-chromium/trace.zip
    Usage:

        npx playwright show-trace test-results/optimization-verification-e2e-优化效果验证测试-Phase-3-验证DDD简化效果-chromium/trace.zip

    ────────────────────────────────────────────────────────────────────────────────────────────────


[1A[2K[58/234] [chromium] › tests/e2e/optimization-verification-e2e.spec.ts:131:3 › 优化效果验证测试 › 优化收益量化验证
[1A[2K[chromium] › tests/e2e/optimization-verification-e2e.spec.ts:131:3 › 优化效果验证测试 › 优化收益量化验证
✅ 认证设置已注入 localStorage

[1A[2K前端资源总大小: 0.00KB

[1A[2K  31) [chromium] › tests/e2e/optimization-verification-e2e.spec.ts:131:3 › 优化效果验证测试 › 优化收益量化验证 ─────

    Error: [2mexpect([22m[31mreceived[39m[2m).[22mtoBe[2m([22m[32mexpected[39m[2m) // Object.is equality[22m

    Expected: [32m2[39m
    Received: [31m1[39m

      177 |
      178 |     // 验证只有2个服务在运行
    > 179 |     expect(activeServices.length).toBe(2);
          |                                   ^
      180 |     expect(activeServices).toContain(8090); // 查询服务
      181 |     expect(activeServices).toContain(9090); // 命令服务
      182 |   });
        at /home/shangmeilin/cube-castle/frontend/tests/e2e/optimization-verification-e2e.spec.ts:179:35

    attachment #1: screenshot (image/png) ──────────────────────────────────────────────────────────
    test-results/optimization-verification-e2e-优化效果验证测试-优化收益量化验证-chromium/test-failed-1.png
    ────────────────────────────────────────────────────────────────────────────────────────────────

    attachment #2: video (video/webm) ──────────────────────────────────────────────────────────────
    test-results/optimization-verification-e2e-优化效果验证测试-优化收益量化验证-chromium/video.webm
    ────────────────────────────────────────────────────────────────────────────────────────────────

    Error Context: test-results/optimization-verification-e2e-优化效果验证测试-优化收益量化验证-chromium/error-context.md

    attachment #4: trace (application/zip) ─────────────────────────────────────────────────────────
    test-results/optimization-verification-e2e-优化效果验证测试-优化收益量化验证-chromium/trace.zip
    Usage:

        npx playwright show-trace test-results/optimization-verification-e2e-优化效果验证测试-优化收益量化验证-chromium/trace.zip

    ────────────────────────────────────────────────────────────────────────────────────────────────


[1A[2K[59/234] [chromium] › tests/e2e/optimization-verification-e2e.spec.ts:184:3 › 优化效果验证测试 › 系统稳定性验证测试
[1A[2K[chromium] › tests/e2e/optimization-verification-e2e.spec.ts:184:3 › 优化效果验证测试 › 系统稳定性验证测试
✅ 认证设置已注入 localStorage

[1A[2K成功率: 0.00%

[1A[2K平均响应时间: 70.80ms

[1A[2K  32) [chromium] › tests/e2e/optimization-verification-e2e.spec.ts:184:3 › 优化效果验证测试 › 系统稳定性验证测试 ────

    Error: [2mexpect([22m[31mreceived[39m[2m).[22mtoBeGreaterThan[2m([22m[32mexpected[39m[2m)[22m

    Expected: > [32m0.8[39m
    Received:   [31m0[39m

      238 |
      239 |     // 断言稳定性要求
    > 240 |     expect(successRate).toBeGreaterThan(0.8); // 成功率 > 80%
          |                         ^
      241 |     expect(avgDuration).toBeLessThan(1000);   // 平均响应时间 < 1秒
      242 |   });
      243 |
        at /home/shangmeilin/cube-castle/frontend/tests/e2e/optimization-verification-e2e.spec.ts:240:25

    attachment #1: screenshot (image/png) ──────────────────────────────────────────────────────────
    test-results/optimization-verification-e2e-优化效果验证测试-系统稳定性验证测试-chromium/test-failed-1.png
    ────────────────────────────────────────────────────────────────────────────────────────────────

    attachment #2: video (video/webm) ──────────────────────────────────────────────────────────────
    test-results/optimization-verification-e2e-优化效果验证测试-系统稳定性验证测试-chromium/video.webm
    ────────────────────────────────────────────────────────────────────────────────────────────────

    Error Context: test-results/optimization-verification-e2e-优化效果验证测试-系统稳定性验证测试-chromium/error-context.md

    attachment #4: trace (application/zip) ─────────────────────────────────────────────────────────
    test-results/optimization-verification-e2e-优化效果验证测试-系统稳定性验证测试-chromium/trace.zip
    Usage:

        npx playwright show-trace test-results/optimization-verification-e2e-优化效果验证测试-系统稳定性验证测试-chromium/trace.zip

    ────────────────────────────────────────────────────────────────────────────────────────────────


[1A[2K[60/234] [chromium] › tests/e2e/optimization-verification-e2e.spec.ts:244:3 › 优化效果验证测试 › 监控指标验证测试
[1A[2K[chromium] › tests/e2e/optimization-verification-e2e.spec.ts:244:3 › 优化效果验证测试 › 监控指标验证测试
✅ 认证设置已注入 localStorage

[1A[2K  33) [chromium] › tests/e2e/optimization-verification-e2e.spec.ts:244:3 › 优化效果验证测试 › 监控指标验证测试 ─────

    Error: [2mexpect([22m[31mreceived[39m[2m).[22mtoContain[2m([22m[32mexpected[39m[2m) // indexOf[22m

    Expected substring: [32m"organization_operations_total"[39m
    Received string:    [31m"# HELP db_connections_idle Number of idle database connections[39m
    [31m# TYPE db_connections_idle gauge[39m
    [31mdb_connections_idle{service=\"command-service\"} 2[39m
    [31m# HELP db_connections_in_use Number of database connections currently in use[39m
    [31m# TYPE db_connections_in_use gauge[39m
    [31mdb_connections_in_use{service=\"command-service\"} 0[39m
    [31m# HELP db_query_duration_seconds Database query duration in seconds[39m
    [31m# TYPE db_query_duration_seconds histogram[39m
    [31mdb_query_duration_seconds_bucket{query_type=\"startup\",service=\"command-service\",le=\"0.001\"} 1[39m
    [31mdb_query_duration_seconds_bucket{query_type=\"startup\",service=\"command-service\",le=\"0.005\"} 1[39m
    [31mdb_query_duration_seconds_bucket{query_type=\"startup\",service=\"command-service\",le=\"0.01\"} 1[39m
    [31mdb_query_duration_seconds_bucket{query_type=\"startup\",service=\"command-service\",le=\"0.05\"} 1[39m
    [31mdb_query_duration_seconds_bucket{query_type=\"startup\",service=\"command-service\",le=\"0.1\"} 1[39m
    [31mdb_query_duration_seconds_bucket{query_type=\"startup\",service=\"command-service\",le=\"0.5\"} 1[39m
    [31mdb_query_duration_seconds_bucket{query_type=\"startup\",service=\"command-service\",le=\"1\"} 1[39m
    [31mdb_query_duration_seconds_bucket{query_type=\"startup\",service=\"command-service\",le=\"+Inf\"} 1[39m
    [31mdb_query_duration_seconds_sum{query_type=\"startup\",service=\"command-service\"} 0[39m
    [31mdb_query_duration_seconds_count{query_type=\"startup\",service=\"command-service\"} 1[39m
    [31m# HELP go_gc_duration_seconds A summary of the pause duration of garbage collection cycles.[39m
    [31m# TYPE go_gc_duration_seconds summary[39m
    [31mgo_gc_duration_seconds{quantile=\"0\"} 6.5178e-05[39m
    [31mgo_gc_duration_seconds{quantile=\"0.25\"} 0.000337397[39m
    [31mgo_gc_duration_seconds{quantile=\"0.5\"} 0.000430797[39m
    [31mgo_gc_duration_seconds{quantile=\"0.75\"} 0.000521558[39m
    [31mgo_gc_duration_seconds{quantile=\"1\"} 0.000521558[39m
    [31mgo_gc_duration_seconds_sum 0.00135493[39m
    [31mgo_gc_duration_seconds_count 4[39m
    [31m# HELP go_goroutines Number of goroutines that currently exist.[39m
    [31m# TYPE go_goroutines gauge[39m
    [31mgo_goroutines 22[39m
    [31m# HELP go_info Information about the Go environment.[39m
    [31m# TYPE go_info gauge[39m
    [31mgo_info{version=\"go1.24.9\"} 1[39m
    [31m# HELP go_memstats_alloc_bytes Number of bytes allocated and still in use.[39m
    [31m# TYPE go_memstats_alloc_bytes gauge[39m
    [31mgo_memstats_alloc_bytes 2.629296e+06[39m
    [31m# HELP go_memstats_alloc_bytes_total Total number of bytes allocated, even if freed.[39m
    [31m# TYPE go_memstats_alloc_bytes_total counter[39m
    [31mgo_memstats_alloc_bytes_total 7.338064e+06[39m
    [31m# HELP go_memstats_buck_hash_sys_bytes Number of bytes used by the profiling bucket hash table.[39m
    [31m# TYPE go_memstats_buck_hash_sys_bytes gauge[39m
    [31mgo_memstats_buck_hash_sys_bytes 1.450191e+06[39m
    [31m# HELP go_memstats_frees_total Total number of frees.[39m
    [31m# TYPE go_memstats_frees_total counter[39m
    [31mgo_memstats_frees_total 68641[39m
    [31m# HELP go_memstats_gc_sys_bytes Number of bytes used for garbage collection system metadata.[39m
    [31m# TYPE go_memstats_gc_sys_bytes gauge[39m
    [31mgo_memstats_gc_sys_bytes 2.962008e+06[39m
    [31m# HELP go_memstats_heap_alloc_bytes Number of heap bytes allocated and still in use.[39m
    [31m# TYPE go_memstats_heap_alloc_bytes gauge[39m
    [31mgo_memstats_heap_alloc_bytes 2.629296e+06[39m
    [31m# HELP go_memstats_heap_idle_bytes Number of heap bytes waiting to be used.[39m
    [31m# TYPE go_memstats_heap_idle_bytes gauge[39m
    [31mgo_memstats_heap_idle_bytes 5.947392e+06[39m
    [31m# HELP go_memstats_heap_inuse_bytes Number of heap bytes that are in use.[39m
    [31m# TYPE go_memstats_heap_inuse_bytes gauge[39m
    [31mgo_memstats_heap_inuse_bytes 5.357568e+06[39m
    [31m# HELP go_memstats_heap_objects Number of allocated objects.[39m
    [31m# TYPE go_memstats_heap_objects gauge[39m
    [31mgo_memstats_heap_objects 12554[39m
    [31m# HELP go_memstats_heap_released_bytes Number of heap bytes released to OS.[39m
    [31m# TYPE go_memstats_heap_released_bytes gauge[39m
    [31mgo_memstats_heap_released_bytes 5.046272e+06[39m
    [31m# HELP go_memstats_heap_sys_bytes Number of heap bytes obtained from system.[39m
    [31m# TYPE go_memstats_heap_sys_bytes gauge[39m
    [31mgo_memstats_heap_sys_bytes 1.130496e+07[39m
    [31m# HELP go_memstats_last_gc_time_seconds Number of seconds since 1970 of last garbage collection.[39m
    [31m# TYPE go_memstats_last_gc_time_seconds gauge[39m
    [31mgo_memstats_last_gc_time_seconds 1.7639667301708405e+09[39m
    [31m# HELP go_memstats_lookups_total Total number of pointer lookups.[39m
    [31m# TYPE go_memstats_lookups_total counter[39m
    [31mgo_memstats_lookups_total 0[39m
    [31m# HELP go_memstats_mallocs_total Total number of mallocs.[39m
    [31m# TYPE go_memstats_mallocs_total counter[39m
    [31mgo_memstats_mallocs_total 81195[39m
    [31m# HELP go_memstats_mcache_inuse_bytes Number of bytes in use by mcache structures.[39m
    [31m# TYPE go_memstats_mcache_inuse_bytes gauge[39m
    [31mgo_memstats_mcache_inuse_bytes 9664[39m
    [31m# HELP go_memstats_mcache_sys_bytes Number of bytes used for mcache structures obtained from system.[39m
    [31m# TYPE go_memstats_mcache_sys_bytes gauge[39m
    [31mgo_memstats_mcache_sys_bytes 15704[39m
    [31m# HELP go_memstats_mspan_inuse_bytes Number of bytes in use by mspan structures.[39m
    [31m# TYPE go_memstats_mspan_inuse_bytes gauge[39m
    [31mgo_memstats_mspan_inuse_bytes 164160[39m
    [31m# HELP go_memstats_mspan_sys_bytes Number of bytes used for mspan structures obtained from system.[39m
    [31m# TYPE go_memstats_mspan_sys_bytes gauge[39m
    [31mgo_memstats_mspan_sys_bytes 179520[39m
    [31m# HELP go_memstats_next_gc_bytes Number of heap bytes when next garbage collection will take place.[39m
    [31m# TYPE go_memstats_next_gc_bytes gauge[39m
    [31mgo_memstats_next_gc_bytes 4.194304e+06[39m
    [31m# HELP go_memstats_other_sys_bytes Number of bytes used for other system allocations.[39m
    [31m# TYPE go_memstats_other_sys_bytes gauge[39m
    [31mgo_memstats_other_sys_bytes 1.541961e+06[39m
    [31m# HELP go_memstats_stack_inuse_bytes Number of bytes in use by the stack allocator.[39m
    [31m# TYPE go_memstats_stack_inuse_bytes gauge[39m
    [31mgo_memstats_stack_inuse_bytes 1.245184e+06[39m
    [31m# HELP go_memstats_stack_sys_bytes Number of bytes obtained from system for stack allocator.[39m
    [31m# TYPE go_memstats_stack_sys_bytes gauge[39m
    [31mgo_memstats_stack_sys_bytes 1.245184e+06[39m
    [31m# HELP go_memstats_sys_bytes Number of bytes obtained from system.[39m
    [31m# TYPE go_memstats_sys_bytes gauge[39m
    [31mgo_memstats_sys_bytes 1.8699528e+07[39m
    [31m# HELP go_threads Number of OS threads created.[39m
    [31m# TYPE go_threads gauge[39m
    [31mgo_threads 12[39m
    [31m# HELP http_requests_total Total HTTP requests handled by the command service grouped by method, route, and status code.[39m
    [31m# TYPE http_requests_total counter[39m
    [31mhttp_requests_total{method=\"DELETE\",route=\"/api/v1/organization-units/*\",status=\"401\"} 1[39m
    [31mhttp_requests_total{method=\"GET\",route=\"/api/v1/operational/*\",status=\"401\"} 2[39m
    [31mhttp_requests_total{method=\"GET\",route=\"/api/v1/operational/alerts\",status=\"200\"} 1[39m
    [31mhttp_requests_total{method=\"GET\",route=\"/api/v1/operational/health\",status=\"200\"} 1[39m
    [31mhttp_requests_total{method=\"GET\",route=\"/api/v1/operational/metrics\",status=\"200\"} 1[39m
    [31mhttp_requests_total{method=\"GET\",route=\"/api/v1/operational/rate-limit/stats\",status=\"200\"} 1[39m
    [31mhttp_requests_total{method=\"GET\",route=\"/api/v1/organization-units\",status=\"401\"} 1[39m
    [31mhttp_requests_total{method=\"GET\",route=\"/api/v1/organization-units/*\",status=\"401\"} 1[39m
    [31mhttp_requests_total{method=\"GET\",route=\"/health\",status=\"200\"} 27[39m
    [31mhttp_requests_total{method=\"GET\",route=\"/metrics\",status=\"200\"} 1[39m
    [31mhttp_requests_total{method=\"GET\",route=\"unknown\",status=\"404\"} 55[39m
    [31mhttp_requests_total{method=\"POST\",route=\"/api/v1/job-family-groups\",status=\"201\"} 1[39m
    [31mhttp_requests_total{method=\"POST\",route=\"/api/v1/organization-units\",status=\"401\"} 1[39m
    [31mhttp_requests_total{method=\"POST\",route=\"/api/v1/organization-units\",status=\"500\"} 8[39m
    [31mhttp_requests_total{method=\"POST\",route=\"/auth/dev-token\",status=\"200\"} 4[39m
    [31mhttp_requests_total{method=\"POST\",route=\"/graphql\",status=\"200\"} 16[39m
    [31mhttp_requests_total{method=\"PUT\",route=\"/api/v1/organization-units/*\",status=\"401\"} 1[39m
    [31mhttp_requests_total{method=\"PUT\",route=\"/api/v1/organization-units/{code}\",status=\"500\"} 1[39m
    [31m# HELP outbox_dispatch_active Indicator whether dispatcher is actively polling[39m
    [31m# TYPE outbox_dispatch_active gauge[39m
    [31moutbox_dispatch_active 0[39m
    [31m# HELP outbox_dispatch_failure_total Number of outbox events failed to publish[39m
    [31m# TYPE outbox_dispatch_failure_total counter[39m
    [31moutbox_dispatch_failure_total 0[39m
    [31m# HELP outbox_dispatch_retry_total Number of outbox events scheduled for retry[39m
    [31m# TYPE outbox_dispatch_retry_total counter[39m
    [31moutbox_dispatch_retry_total 0[39m
    [31m# HELP outbox_dispatch_success_total Number of outbox events successfully published[39m
    [31m# TYPE outbox_dispatch_success_total counter[39m
    [31moutbox_dispatch_success_total 0[39m
    [31m# HELP process_cpu_seconds_total Total user and system CPU time spent in seconds.[39m
    [31m# TYPE process_cpu_seconds_total counter[39m
    [31mprocess_cpu_seconds_total 0.61[39m
    [31m# HELP process_max_fds Maximum number of open file descriptors.[39m
    [31m# TYPE process_max_fds gauge[39m
    [31mprocess_max_fds 1.048576e+06[39m
    [31m# HELP process_open_fds Number of open file descriptors.[39m
    [31m# TYPE process_open_fds gauge[39m
    [31mprocess_open_fds 18[39m
    [31m# HELP process_resident_memory_bytes Resident memory size in bytes.[39m
    [31m# TYPE process_resident_memory_bytes gauge[39m
    [31mprocess_resident_memory_bytes 2.6353664e+07[39m
    [31m# HELP process_start_time_seconds Start time of the process since unix epoch in seconds.[39m
    [31m# TYPE process_start_time_seconds gauge[39m
    [31mprocess_start_time_seconds 1.76396653655e+09[39m
    [31m# HELP process_virtual_memory_bytes Virtual memory size in bytes.[39m
    [31m# TYPE process_virtual_memory_bytes gauge[39m
    [31mprocess_virtual_memory_bytes 1.280884736e+09[39m
    [31m# HELP process_virtual_memory_max_bytes Maximum amount of virtual memory available in bytes.[39m
    [31m# TYPE process_virtual_memory_max_bytes gauge[39m
    [31mprocess_virtual_memory_max_bytes 1.8446744073709552e+19[39m
    [31m# HELP promhttp_metric_handler_requests_in_flight Current number of scrapes being served.[39m
    [31m# TYPE promhttp_metric_handler_requests_in_flight gauge[39m
    [31mpromhttp_metric_handler_requests_in_flight 1[39m
    [31m# HELP promhttp_metric_handler_requests_total Total number of scrapes by HTTP status code.[39m
    [31m# TYPE promhttp_metric_handler_requests_total counter[39m
    [31mpromhttp_metric_handler_requests_total{code=\"200\"} 1[39m
    [31mpromhttp_metric_handler_requests_total{code=\"500\"} 0[39m
    [31mpromhttp_metric_handler_requests_total{code=\"503\"} 0[39m
    [31m# HELP validator_chain_duration_seconds Histogram of validation chain execution durations.[39m
    [31m# TYPE validator_chain_duration_seconds histogram[39m
    [31mvalidator_chain_duration_seconds_bucket{operation=\"CreateOrganization\",le=\"0.005\"} 8[39m
    [31mvalidator_chain_duration_seconds_bucket{operation=\"CreateOrganization\",le=\"0.01\"} 8[39m
    [31mvalidator_chain_duration_seconds_bucket{operation=\"CreateOrganization\",le=\"0.025\"} 8[39m
    [31mvalidator_chain_duration_seconds_bucket{operation=\"CreateOrganization\",le=\"0.05\"} 8[39m
    [31mvalidator_chain_duration_seconds_bucket{operation=\"CreateOrganization\",le=\"0.1\"} 8[39m
    [31mvalidator_chain_duration_seconds_bucket{operation=\"CreateOrganization\",le=\"0.25\"} 8[39m
    [31mvalidator_chain_duration_seconds_bucket{operation=\"CreateOrganization\",le=\"0.5\"} 8[39m
    [31mvalidator_chain_duration_seconds_bucket{operation=\"CreateOrganization\",le=\"1\"} 8[39m
    [31mvalidator_chain_duration_seconds_bucket{operation=\"CreateOrganization\",le=\"2.5\"} 8[39m
    [31mvalidator_chain_duration_seconds_bucket{operation=\"CreateOrganization\",le=\"5\"} 8[39m
    [31mvalidator_chain_duration_seconds_bucket{operation=\"CreateOrganization\",le=\"10\"} 8[39m
    [31mvalidator_chain_duration_seconds_bucket{operation=\"CreateOrganization\",le=\"+Inf\"} 8[39m
    [31mvalidator_chain_duration_seconds_sum{operation=\"CreateOrganization\"} 0.014130471000000002[39m
    [31mvalidator_chain_duration_seconds_count{operation=\"CreateOrganization\"} 8[39m
    [31mvalidator_chain_duration_seconds_bucket{operation=\"UpdateOrganization\",le=\"0.005\"} 0[39m
    [31mvalidator_chain_duration_seconds_bucket{operation=\"UpdateOrganization\",le=\"0.01\"} 1[39m
    [31mvalidator_chain_duration_seconds_bucket{operation=\"UpdateOrganization\",le=\"0.025\"} 1[39m
    [31mvalidator_chain_duration_seconds_bucket{operation=\"UpdateOrganization\",le=\"0.05\"} 1[39m
    [31mvalidator_chain_duration_seconds_bucket{operation=\"UpdateOrganization\",le=\"0.1\"} 1[39m
    [31mvalidator_chain_duration_seconds_bucket{operation=\"UpdateOrganization\",le=\"0.25\"} 1[39m
    [31mvalidator_chain_duration_seconds_bucket{operation=\"UpdateOrganization\",le=\"0.5\"} 1[39m
    [31mvalidator_chain_duration_seconds_bucket{operation=\"UpdateOrganization\",le=\"1\"} 1[39m
    [31mvalidator_chain_duration_seconds_bucket{operation=\"UpdateOrganization\",le=\"2.5\"} 1[39m
    [31mvalidator_chain_duration_seconds_bucket{operation=\"UpdateOrganization\",le=\"5\"} 1[39m
    [31mvalidator_chain_duration_seconds_bucket{operation=\"UpdateOrganization\",le=\"10\"} 1[39m
    [31mvalidator_chain_duration_seconds_bucket{operation=\"UpdateOrganization\",le=\"+Inf\"} 1[39m
    [31mvalidator_chain_duration_seconds_sum{operation=\"UpdateOrganization\"} 0.008486386[39m
    [31mvalidator_chain_duration_seconds_count{operation=\"UpdateOrganization\"} 1[39m
    [31m# HELP validator_chain_outcome_total Total number of validation chain executions grouped by outcome.[39m
    [31m# TYPE validator_chain_outcome_total counter[39m
    [31mvalidator_chain_outcome_total{operation=\"CreateOrganization\",outcome=\"success\"} 8[39m
    [31mvalidator_chain_outcome_total{operation=\"UpdateOrganization\",outcome=\"success\"} 1[39m
    [31m# HELP validator_rule_duration_seconds Histogram of validation rule execution durations.[39m
    [31m# TYPE validator_rule_duration_seconds histogram[39m
    [31mvalidator_rule_duration_seconds_bucket{rule_id=\"ORG-CIRC\",le=\"0.005\"} 1[39m
    [31mvalidator_rule_duration_seconds_bucket{rule_id=\"ORG-CIRC\",le=\"0.01\"} 1[39m
    [31mvalidator_rule_duration_seconds_bucket{rule_id=\"ORG-CIRC\",le=\"0.025\"} 1[39m
    [31mvalidator_rule_duration_seconds_bucket{rule_id=\"ORG-CIRC\",le=\"0.05\"} 1[39m
    [31mvalidator_rule_duration_seconds_bucket{rule_id=\"ORG-CIRC\",le=\"0.1\"} 1[39m
    [31mvalidator_rule_duration_seconds_bucket{rule_id=\"ORG-CIRC\",le=\"0.25\"} 1[39m
    [31mvalidator_rule_duration_seconds_bucket{rule_id=\"ORG-CIRC\",le=\"0.5\"} 1[39m
    [31mvalidator_rule_duration_seconds_bucket{rule_id=\"ORG-CIRC\",le=\"1\"} 1[39m
    [31mvalidator_rule_duration_seconds_bucket{rule_id=\"ORG-CIRC\",le=\"2.5\"} 1[39m
    [31mvalidator_rule_duration_seconds_bucket{rule_id=\"ORG-CIRC\",le=\"5\"} 1[39m
    [31mvalidator_rule_duration_seconds_bucket{rule_id=\"ORG-CIRC\",le=\"10\"} 1[39m
    [31mvalidator_rule_duration_seconds_bucket{rule_id=\"ORG-CIRC\",le=\"+Inf\"} 1[39m
    [31mvalidator_rule_duration_seconds_sum{rule_id=\"ORG-CIRC\"} 0.004242979[39m
    [31mvalidator_rule_duration_seconds_count{rule_id=\"ORG-CIRC\"} 1[39m
    [31mvalidator_rule_duration_seconds_bucket{rule_id=\"ORG-DEPTH\",le=\"0.005\"} 9[39m
    [31mvalidator_rule_duration_seconds_bucket{rule_id=\"ORG-DEPTH\",le=\"0.01\"} 9[39m
    [31mvalidator_rule_duration_seconds_bucket{rule_id=\"ORG-DEPTH\",le=\"0.025\"} 9[39m
    [31mvalidator_rule_duration_seconds_bucket{rule_id=\"ORG-DEPTH\",le=\"0.05\"} 9[39m
    [31mvalidator_rule_duration_seconds_bucket{rule_id=\"ORG-DEPTH\",le=\"0.1\"} 9[39m
    [31mvalidator_rule_duration_seconds_bucket{rule_id=\"ORG-DEPTH\",le=\"0.25\"} 9[39m
    [31mvalidator_rule_duration_seconds_bucket{rule_id=\"ORG-DEPTH\",le=\"0.5\"} 9[39m
    [31mvalidator_rule_duration_seconds_bucket{rule_id=\"ORG-DEPTH\",le=\"1\"} 9[39m
    [31mvalidator_rule_duration_seconds_bucket{rule_id=\"ORG-DEPTH\",le=\"2.5\"} 9[39m
    [31mvalidator_rule_duration_seconds_bucket{rule_id=\"ORG-DEPTH\",le=\"5\"} 9[39m
    [31mvalidator_rule_duration_seconds_bucket{rule_id=\"ORG-DEPTH\",le=\"10\"} 9[39m
    [31mvalidator_rule_duration_seconds_bucket{rule_id=\"ORG-DEPTH\",le=\"+Inf\"} 9[39m
    [31mvalidator_rule_duration_seconds_sum{rule_id=\"ORG-DEPTH\"} 0.006777448[39m
    [31mvalidator_rule_duration_seconds_count{rule_id=\"ORG-DEPTH\"} 9[39m
    [31mvalidator_rule_duration_seconds_bucket{rule_id=\"ORG-STATUS\",le=\"0.005\"} 1[39m
    [31mvalidator_rule_duration_seconds_bucket{rule_id=\"ORG-STATUS\",le=\"0.01\"} 1[39m
    [31mvalidator_rule_duration_seconds_bucket{rule_id=\"ORG-STATUS\",le=\"0.025\"} 1[39m
    [31mvalidator_rule_duration_seconds_bucket{rule_id=\"ORG-STATUS\",le=\"0.05\"} 1[39m
    [31mvalidator_rule_duration_seconds_bucket{rule_id=\"ORG-STATUS\",le=\"0.1\"} 1[39m
    [31mvalidator_rule_duration_seconds_bucket{rule_id=\"ORG-STATUS\",le=\"0.25\"} 1[39m
    [31mvalidator_rule_duration_seconds_bucket{rule_id=\"ORG-STATUS\",le=\"0.5\"} 1[39m
    [31mvalidator_rule_duration_seconds_bucket{rule_id=\"ORG-STATUS\",le=\"1\"} 1[39m
    [31mvalidator_rule_duration_seconds_bucket{rule_id=\"ORG-STATUS\",le=\"2.5\"} 1[39m
    [31mvalidator_rule_duration_seconds_bucket{rule_id=\"ORG-STATUS\",le=\"5\"} 1[39m
    [31mvalidator_rule_duration_seconds_bucket{rule_id=\"ORG-STATUS\",le=\"10\"} 1[39m
    [31mvalidator_rule_duration_seconds_bucket{rule_id=\"ORG-STATUS\",le=\"+Inf\"} 1[39m
    [31mvalidator_rule_duration_seconds_sum{rule_id=\"ORG-STATUS\"} 1.842e-06[39m
    [31mvalidator_rule_duration_seconds_count{rule_id=\"ORG-STATUS\"} 1[39m
    [31mvalidator_rule_duration_seconds_bucket{rule_id=\"ORG-TEMPORAL\",le=\"0.005\"} 9[39m
    [31mvalidator_rule_duration_seconds_bucket{rule_id=\"ORG-TEMPORAL\",le=\"0.01\"} 9[39m
    [31mvalidator_rule_duration_seconds_bucket{rule_id=\"ORG-TEMPORAL\",le=\"0.025\"} 9[39m
    [31mvalidator_rule_duration_seconds_bucket{rule_id=\"ORG-TEMPORAL\",le=\"0.05\"} 9[39m
    [31mvalidator_rule_duration_seconds_bucket{rule_id=\"ORG-TEMPORAL\",le=\"0.1\"} 9[39m
    [31mvalidator_rule_duration_seconds_bucket{rule_id=\"ORG-TEMPORAL\",le=\"0.25\"} 9[39m
    [31mvalidator_rule_duration_seconds_bucket{rule_id=\"ORG-TEMPORAL\",le=\"0.5\"} 9[39m
    [31mvalidator_rule_duration_seconds_bucket{rule_id=\"ORG-TEMPORAL\",le=\"1\"} 9[39m
    [31mvalidator_rule_duration_seconds_bucket{rule_id=\"ORG-TEMPORAL\",le=\"2.5\"} 9[39m
    [31mvalidator_rule_duration_seconds_bucket{rule_id=\"ORG-TEMPORAL\",le=\"5\"} 9[39m
    [31mvalidator_rule_duration_seconds_bucket{rule_id=\"ORG-TEMPORAL\",le=\"10\"} 9[39m
    [31mvalidator_rule_duration_seconds_bucket{rule_id=\"ORG-TEMPORAL\",le=\"+Inf\"} 9[39m
    [31mvalidator_rule_duration_seconds_sum{rule_id=\"ORG-TEMPORAL\"} 0.010939091[39m
    [31mvalidator_rule_duration_seconds_count{rule_id=\"ORG-TEMPORAL\"} 9[39m
    [31m# HELP validator_rule_outcome_total Total number of validation rule executions grouped by outcome.[39m
    [31m# TYPE validator_rule_outcome_total counter[39m
    [31mvalidator_rule_outcome_total{outcome=\"success\",rule_id=\"ORG-CIRC\"} 1[39m
    [31mvalidator_rule_outcome_total{outcome=\"success\",rule_id=\"ORG-DEPTH\"} 9[39m
    [31mvalidator_rule_outcome_total{outcome=\"success\",rule_id=\"ORG-STATUS\"} 1[39m
    [31mvalidator_rule_outcome_total{outcome=\"success\",rule_id=\"ORG-TEMPORAL\"} 9[39m
    [31m"[39m

      317 |
      318 |     // 验证业务指标被正确记录
    > 319 |     expect(updatedMetrics).toContain('organization_operations_total');
          |                            ^
      320 |     expect(updatedMetrics).toContain('http_requests_total');
      321 |   });
      322 | });
        at /home/shangmeilin/cube-castle/frontend/tests/e2e/optimization-verification-e2e.spec.ts:319:28

    attachment #1: screenshot (image/png) ──────────────────────────────────────────────────────────
    test-results/optimization-verification-e2e-优化效果验证测试-监控指标验证测试-chromium/test-failed-1.png
    ────────────────────────────────────────────────────────────────────────────────────────────────

    attachment #2: video (video/webm) ──────────────────────────────────────────────────────────────
    test-results/optimization-verification-e2e-优化效果验证测试-监控指标验证测试-chromium/video.webm
    ────────────────────────────────────────────────────────────────────────────────────────────────

    Error Context: test-results/optimization-verification-e2e-优化效果验证测试-监控指标验证测试-chromium/error-context.md

    attachment #4: trace (application/zip) ─────────────────────────────────────────────────────────
    test-results/optimization-verification-e2e-优化效果验证测试-监控指标验证测试-chromium/trace.zip
    Usage:

        npx playwright show-trace test-results/optimization-verification-e2e-优化效果验证测试-监控指标验证测试-chromium/trace.zip

    ────────────────────────────────────────────────────────────────────────────────────────────────


[1A[2K[61/234] [chromium] › tests/e2e/organization-create.spec.ts:12:3 › Organization Create Flow › allows selecting parent organization before submitting create request
[1A[2K[chromium] › tests/e2e/organization-create.spec.ts:12:3 › Organization Create Flow › allows selecting parent organization before submitting create request
✅ 认证设置已注入 localStorage

[1A[2K  34) [chromium] › tests/e2e/optimization-verification-e2e.spec.ts:39:3 › 优化效果验证测试 › Phase 2: 验证简化后的前端验证体系 

    TimeoutError: locator.click: Timeout 15000ms exceeded.
    Call log:
    [2m  - waiting for getByTestId('create-organization-button')[22m


      40 |     await page.goto('/organizations');
      41 |
    > 42 |     await page.getByTestId('create-organization-button').click();
         |                                                          ^
      43 |     await page.waitForURL('**/organizations/new');
      44 |
      45 |     const form = page.getByTestId(temporalEntitySelectors.organization.form);
        at /home/shangmeilin/cube-castle/frontend/tests/e2e/optimization-verification-e2e.spec.ts:42:58

    attachment #1: screenshot (image/png) ──────────────────────────────────────────────────────────
    test-results/optimization-verification-e2e-优化效果验证测试-Phase-2-验证简化后的前端验证体系-chromium/test-failed-1.png
    ────────────────────────────────────────────────────────────────────────────────────────────────

    attachment #2: video (video/webm) ──────────────────────────────────────────────────────────────
    test-results/optimization-verification-e2e-优化效果验证测试-Phase-2-验证简化后的前端验证体系-chromium/video.webm
    ────────────────────────────────────────────────────────────────────────────────────────────────

    Error Context: test-results/optimization-verification-e2e-优化效果验证测试-Phase-2-验证简化后的前端验证体系-chromium/error-context.md

    attachment #4: trace (application/zip) ─────────────────────────────────────────────────────────
    test-results/optimization-verification-e2e-优化效果验证测试-Phase-2-验证简化后的前端验证体系-chromium/trace.zip
    Usage:

        npx playwright show-trace test-results/optimization-verification-e2e-优化效果验证测试-Phase-2-验证简化后的前端验证体系-chromium/trace.zip

    ────────────────────────────────────────────────────────────────────────────────────────────────


[1A[2K  35) [chromium] › tests/e2e/optimization-verification-e2e.spec.ts:62:3 › 优化效果验证测试 › Phase 2: 验证Zod复杂验证已简化 

    TimeoutError: locator.click: Timeout 15000ms exceeded.
    Call log:
    [2m  - waiting for getByTestId('create-organization-button')[22m


      75 |     });
      76 |
    > 77 |     await page.getByTestId('create-organization-button').click();
         |                                                          ^
      78 |     await page.waitForURL('**/organizations/new');
      79 |     await page.getByTestId('form-field-name').focus();
      80 |     await page.waitForTimeout(500);
        at /home/shangmeilin/cube-castle/frontend/tests/e2e/optimization-verification-e2e.spec.ts:77:58

    attachment #1: screenshot (image/png) ──────────────────────────────────────────────────────────
    test-results/optimization-verification-e2e-优化效果验证测试-Phase-2-验证Zod复杂验证已简化-chromium/test-failed-1.png
    ────────────────────────────────────────────────────────────────────────────────────────────────

    attachment #2: video (video/webm) ──────────────────────────────────────────────────────────────
    test-results/optimization-verification-e2e-优化效果验证测试-Phase-2-验证Zod复杂验证已简化-chromium/video.webm
    ────────────────────────────────────────────────────────────────────────────────────────────────

    Error Context: test-results/optimization-verification-e2e-优化效果验证测试-Phase-2-验证Zod复杂验证已简化-chromium/error-context.md

    attachment #4: trace (application/zip) ─────────────────────────────────────────────────────────
    test-results/optimization-verification-e2e-优化效果验证测试-Phase-2-验证Zod复杂验证已简化-chromium/trace.zip
    Usage:

        npx playwright show-trace test-results/optimization-verification-e2e-优化效果验证测试-Phase-2-验证Zod复杂验证已简化-chromium/trace.zip

    ────────────────────────────────────────────────────────────────────────────────────────────────


[1A[2K[62/234] [chromium] › tests/e2e/position-crud-full-lifecycle.spec.ts:38:3 › 职位管理完整CRUD生命周期 › Step 1: 创建职位 (Create)
[1A[2K[63/234] [chromium] › tests/e2e/position-crud-full-lifecycle.spec.ts:396:3 › 职位管理CRUD错误处理 › 验证创建职位时的必填字段校验
[1A[2K[chromium] › tests/e2e/position-crud-full-lifecycle.spec.ts:38:3 › 职位管理完整CRUD生命周期 › Step 1: 创建职位 (Create)
✅ 认证设置已注入 localStorage

[1A[2K
🧪 [Step 1] 创建职位测试 - E2E-1763966740252-9hnummim9

[1A[2K[chromium] › tests/e2e/position-crud-full-lifecycle.spec.ts:396:3 › 职位管理CRUD错误处理 › 验证创建职位时的必填字段校验
✅ 认证设置已注入 localStorage

[1A[2K✅ 必填字段校验返回状态 422

[1A[2K[64/234] [chromium] › tests/e2e/position-crud-full-lifecycle.spec.ts:424:3 › 职位管理CRUD错误处理 › 验证更新不存在的职位返回404
[1A[2K[chromium] › tests/e2e/position-crud-full-lifecycle.spec.ts:424:3 › 职位管理CRUD错误处理 › 验证更新不存在的职位返回404
✅ 认证设置已注入 localStorage

[1A[2K  36) [chromium] › tests/e2e/position-crud-full-lifecycle.spec.ts:38:3 › 职位管理完整CRUD生命周期 › Step 1: 创建职位 (Create) 

    Error: 创建职位应返回201

    [2mexpect([22m[31mreceived[39m[2m).[22mtoBe[2m([22m[32mexpected[39m[2m) // Object.is equality[22m

    Expected: [32m201[39m
    Received: [31m500[39m

      82 |
      83 |     // 验证响应
    > 84 |     expect(response.status(), '创建职位应返回201').toBe(201);
         |                                             ^
      85 |
      86 |     console.log('✅ 创建职位响应:', JSON.stringify(responseBody, null, 2));
      87 |
        at /home/shangmeilin/cube-castle/frontend/tests/e2e/position-crud-full-lifecycle.spec.ts:84:45

    attachment #1: screenshot (image/png) ──────────────────────────────────────────────────────────
    test-results/position-crud-full-lifecyc-b9f01-RUD生命周期-Step-1-创建职位-Create--chromium/test-failed-1.png
    ────────────────────────────────────────────────────────────────────────────────────────────────

    attachment #2: video (video/webm) ──────────────────────────────────────────────────────────────
    test-results/position-crud-full-lifecyc-b9f01-RUD生命周期-Step-1-创建职位-Create--chromium/video.webm
    ────────────────────────────────────────────────────────────────────────────────────────────────

    Error Context: test-results/position-crud-full-lifecyc-b9f01-RUD生命周期-Step-1-创建职位-Create--chromium/error-context.md

    attachment #4: trace (application/zip) ─────────────────────────────────────────────────────────
    test-results/position-crud-full-lifecyc-b9f01-RUD生命周期-Step-1-创建职位-Create--chromium/trace.zip
    Usage:

        npx playwright show-trace test-results/position-crud-full-lifecyc-b9f01-RUD生命周期-Step-1-创建职位-Create--chromium/trace.zip

    ────────────────────────────────────────────────────────────────────────────────────────────────


[1A[2K[65/234] [chromium] › tests/e2e/position-crud-full-lifecycle.spec.ts:110:3 › 职位管理完整CRUD生命周期 › Step 2: 读取职位详情 (Read)
[1A[2K[66/234] [chromium] › tests/e2e/position-crud-full-lifecycle.spec.ts:147:3 › 职位管理完整CRUD生命周期 › Step 3: 更新职位信息 (Update)
[1A[2K[67/234] [chromium] › tests/e2e/position-crud-full-lifecycle.spec.ts:205:3 › 职位管理完整CRUD生命周期 › Step 4: 填充职位 (Fill Position)
[1A[2K[68/234] [chromium] › tests/e2e/position-crud-full-lifecycle.spec.ts:265:3 › 职位管理完整CRUD生命周期 › Step 5: 空缺职位 (Vacate Position)
[1A[2K[69/234] [chromium] › tests/e2e/position-crud-full-lifecycle.spec.ts:312:3 › 职位管理完整CRUD生命周期 › Step 6: 删除职位 (Delete)
[1A[2K[70/234] [chromium] › tests/e2e/position-crud-full-lifecycle.spec.ts:363:3 › 职位管理完整CRUD生命周期 › Step 7: 验证完整生命周期一致性
[1A[2K[71/234] [chromium] › tests/e2e/position-crud-live.spec.ts:15:3 › 职位管理 CRUD（真实后端链路） › 加载职位列表并跳转详情
[1A[2K[72/234] [chromium] › tests/e2e/position-crud-live.spec.ts:96:3 › 职位管理 Mock 守护 › Mock 模式显示只读提示并禁用创建按钮
[1A[2K✅ 不存在职位校验通过

[1A[2K[73/234] [chromium] › tests/e2e/position-observability.spec.ts:27:3 › Position Observability (Plan 240D) › collects [OBS] logs and writes to plan240/D
[1A[2K[chromium] › tests/e2e/position-observability.spec.ts:27:3 › Position Observability (Plan 240D) › collects [OBS] logs and writes to plan240/D
✅ 认证设置已注入 localStorage

[1A[2K  37) [chromium] › tests/e2e/position-observability.spec.ts:27:3 › Position Observability (Plan 240D) › collects [OBS] logs and writes to plan240/D 

    Error: [2mexpect([22m[31mreceived[39m[2m).[22mtoBe[2m([22m[32mexpected[39m[2m) // Object.is equality[22m

    Expected: [32m201[39m
    Received: [31m500[39m

      91 |         test.skip(true, '职位创建依赖参考数据缺失（Job Catalog/Org），跳过观测验证');
      92 |       }
    > 93 |       expect(createResp.status()).toBe(201);
         |                                   ^
      94 |       const created = await createResp.json();
      95 |       positionCode = created?.data?.code as string;
      96 |
        at /home/shangmeilin/cube-castle/frontend/tests/e2e/position-observability.spec.ts:93:35

    attachment #1: screenshot (image/png) ──────────────────────────────────────────────────────────
    test-results/position-observability-Pos-8ee07-ogs-and-writes-to-plan240-D-chromium/test-failed-1.png
    ────────────────────────────────────────────────────────────────────────────────────────────────

    attachment #2: video (video/webm) ──────────────────────────────────────────────────────────────
    test-results/position-observability-Pos-8ee07-ogs-and-writes-to-plan240-D-chromium/video.webm
    ────────────────────────────────────────────────────────────────────────────────────────────────

    Error Context: test-results/position-observability-Pos-8ee07-ogs-and-writes-to-plan240-D-chromium/error-context.md

    attachment #4: trace (application/zip) ─────────────────────────────────────────────────────────
    test-results/position-observability-Pos-8ee07-ogs-and-writes-to-plan240-D-chromium/trace.zip
    Usage:

        npx playwright show-trace test-results/position-observability-Pos-8ee07-ogs-and-writes-to-plan240-D-chromium/trace.zip

    ────────────────────────────────────────────────────────────────────────────────────────────────


[1A[2K[74/234] [chromium] › tests/e2e/position-lifecycle.spec.ts:67:3 › 职位生命周期视图 › 展示任职与调动历史
[1A[2K[chromium] › tests/e2e/position-lifecycle.spec.ts:67:3 › 职位生命周期视图 › 展示任职与调动历史
✅ 认证设置已注入 localStorage

[1A[2K[75/234] [chromium] › tests/e2e/position-tabs.spec.ts:139:3 › 职位详情多页签体验 › 六个页签可切换且展示对应内容
[1A[2K  38) [chromium] › tests/e2e/organization-create.spec.ts:12:3 › Organization Create Flow › allows selecting parent organization before submitting create request 

    Error: [2mexpect([22m[31mlocator[39m[2m).[22mtoBeVisible[2m([22m[2m)[22m failed

    Locator: getByTestId('temporal-organization-dashboard')
    Expected: visible
    Timeout: 15000ms
    Error: element(s) not found

    Call log:
    [2m  - Expect "toBeVisible" with timeout 15000ms[22m
    [2m  - waiting for getByTestId('temporal-organization-dashboard')[22m


       7 |     await setupAuth(page);
       8 |     await page.goto('/organizations');
    >  9 |     await expect(page.getByTestId(temporalEntitySelectors.organization.dashboard)).toBeVisible({ timeout: 15000 });
         |                                                                                    ^
      10 |   });
      11 |
      12 |   test('allows selecting parent organization before submitting create request', async ({ page }) => {
        at /home/shangmeilin/cube-castle/frontend/tests/e2e/organization-create.spec.ts:9:84

    attachment #1: screenshot (image/png) ──────────────────────────────────────────────────────────
    test-results/organization-create-Organi-7fb78-e-submitting-create-request-chromium/test-failed-1.png
    ────────────────────────────────────────────────────────────────────────────────────────────────

    attachment #2: video (video/webm) ──────────────────────────────────────────────────────────────
    test-results/organization-create-Organi-7fb78-e-submitting-create-request-chromium/video.webm
    ────────────────────────────────────────────────────────────────────────────────────────────────

    Error Context: test-results/organization-create-Organi-7fb78-e-submitting-create-request-chromium/error-context.md

    attachment #4: trace (application/zip) ─────────────────────────────────────────────────────────
    test-results/organization-create-Organi-7fb78-e-submitting-create-request-chromium/trace.zip
    Usage:

        npx playwright show-trace test-results/organization-create-Organi-7fb78-e-submitting-create-request-chromium/trace.zip

    ────────────────────────────────────────────────────────────────────────────────────────────────


[1A[2K[76/234] [chromium] › tests/e2e/position-tabs.spec.ts:186:3 › 职位详情多页签体验 › Mock 模式下隐藏写入按钮
[1A[2K[77/234] [chromium] › tests/e2e/regression-e2e.spec.ts:25:3 › 回归测试和兼容性验证 › 关键功能回归测试
[1A[2K[chromium] › tests/e2e/regression-e2e.spec.ts:25:3 › 回归测试和兼容性验证 › 关键功能回归测试
✅ 认证设置已注入 localStorage

[1A[2K  39) [chromium] › tests/e2e/job-catalog-secondary-navigation.spec.ts:179:3 › 职位管理二级导航（真实后端权限验证） › 管理员通过 UI 编辑职类成功并触发 If-Match 

    Error: [2mexpect([22m[31mlocator[39m[2m).[22mtoBeVisible[2m([22m[2m)[22m failed

    Locator: getByRole('heading', { name: '职类详情' })
    Expected: visible
    Timeout: 15000ms
    Error: element(s) not found

    Call log:
    [2m  - Expect "toBeVisible" with timeout 15000ms[22m
    [2m  - waiting for getByRole('heading', { name: '职类详情' })[22m


      191 |       await loadingHeading.waitFor({ state: 'hidden', timeout: 15000 });
      192 |     }
    > 193 |     await expect(page.getByRole('heading', { name: '职类详情' })).toBeVisible();
          |                                                               ^
      194 |     await expect(page.getByText(jobFamilyGroup.name)).toBeVisible();
      195 |
      196 |   const editButton = page.getByRole('main').getByRole('button', { name: '编辑当前版本' });
        at /home/shangmeilin/cube-castle/frontend/tests/e2e/job-catalog-secondary-navigation.spec.ts:193:63

    attachment #1: screenshot (image/png) ──────────────────────────────────────────────────────────
    test-results/job-catalog-secondary-navi-af1dd-管理员通过-UI-编辑职类成功并触发-If-Match-chromium/test-failed-1.png
    ────────────────────────────────────────────────────────────────────────────────────────────────

    attachment #2: video (video/webm) ──────────────────────────────────────────────────────────────
    test-results/job-catalog-secondary-navi-af1dd-管理员通过-UI-编辑职类成功并触发-If-Match-chromium/video.webm
    ────────────────────────────────────────────────────────────────────────────────────────────────

    Error Context: test-results/job-catalog-secondary-navi-af1dd-管理员通过-UI-编辑职类成功并触发-If-Match-chromium/error-context.md

    attachment #4: trace (application/zip) ─────────────────────────────────────────────────────────
    test-results/job-catalog-secondary-navi-af1dd-管理员通过-UI-编辑职类成功并触发-If-Match-chromium/trace.zip
    Usage:

        npx playwright show-trace test-results/job-catalog-secondary-navi-af1dd-管理员通过-UI-编辑职类成功并触发-If-Match-chromium/trace.zip

    ────────────────────────────────────────────────────────────────────────────────────────────────


[1A[2K[78/234] [chromium] › tests/e2e/job-catalog-secondary-navigation.spec.ts:220:3 › 职位管理二级导航（真实后端权限验证） › 普通用户更新职类遭遇 403 禁止访问
[1A[2K[79/234] [chromium] › tests/e2e/job-catalog-secondary-navigation.spec.ts:238:3 › 职位管理二级导航（真实后端权限验证） › If-Match 不匹配返回 412 Precondition Failed
[1A[2K[80/234] [chromium] › tests/e2e/regression-e2e.spec.ts:47:3 › 回归测试和兼容性验证 › API兼容性测试
[1A[2K[chromium] › tests/e2e/regression-e2e.spec.ts:47:3 › 回归测试和兼容性验证 › API兼容性测试
✅ 认证设置已注入 localStorage

[1A[2K  40) [chromium] › tests/e2e/regression-e2e.spec.ts:47:3 › 回归测试和兼容性验证 › API兼容性测试 ───────────────────

    Error: [2mexpect([22m[31mreceived[39m[2m).[22mtoHaveProperty[2m([22m[32mpath[39m[2m, [22m[32mvalue[39m[2m)[22m

    Expected path: [32m"service"[39m

    Expected value: [32m"organization-command-service"[39m
    Received value: [31m"command"[39m

      108 |     expect(restHealth.status).toBe(200);
      109 |     expect(restHealth.data).toHaveProperty('status', 'healthy');
    > 110 |     expect(restHealth.data).toHaveProperty('service', 'organization-command-service');
          |                             ^
      111 |   });
      112 |
      113 |   test('数据迁移验证测试', async ({ page }) => {
        at /home/shangmeilin/cube-castle/frontend/tests/e2e/regression-e2e.spec.ts:110:29

    attachment #1: screenshot (image/png) ──────────────────────────────────────────────────────────
    test-results/regression-e2e-回归测试和兼容性验证-API兼容性测试-chromium/test-failed-1.png
    ────────────────────────────────────────────────────────────────────────────────────────────────

    attachment #2: video (video/webm) ──────────────────────────────────────────────────────────────
    test-results/regression-e2e-回归测试和兼容性验证-API兼容性测试-chromium/video.webm
    ────────────────────────────────────────────────────────────────────────────────────────────────

    Error Context: test-results/regression-e2e-回归测试和兼容性验证-API兼容性测试-chromium/error-context.md

    attachment #4: trace (application/zip) ─────────────────────────────────────────────────────────
    test-results/regression-e2e-回归测试和兼容性验证-API兼容性测试-chromium/trace.zip
    Usage:

        npx playwright show-trace test-results/regression-e2e-回归测试和兼容性验证-API兼容性测试-chromium/trace.zip

    ────────────────────────────────────────────────────────────────────────────────────────────────


[1A[2K[81/234] [chromium] › tests/e2e/regression-e2e.spec.ts:113:3 › 回归测试和兼容性验证 › 数据迁移验证测试
[1A[2K[chromium] › tests/e2e/regression-e2e.spec.ts:113:3 › 回归测试和兼容性验证 › 数据迁移验证测试
✅ 认证设置已注入 localStorage

[1A[2K[82/234] [chromium] › tests/e2e/regression-e2e.spec.ts:187:3 › 回归测试和兼容性验证 › 跨浏览器兼容性验证
[1A[2K[chromium] › tests/e2e/regression-e2e.spec.ts:187:3 › 回归测试和兼容性验证 › 跨浏览器兼容性验证
✅ 认证设置已注入 localStorage

[1A[2K测试浏览器: chromium

[1A[2K  41) [chromium] › tests/e2e/position-lifecycle.spec.ts:67:3 › 职位生命周期视图 › 展示任职与调动历史 ────────────────

    TimeoutError: page.waitForResponse: Timeout 15000ms exceeded while waiting for event "response"

       at utils/waitPatterns.ts:62

      60 |   const urlMatcher = options?.urlMatcher ?? DEFAULT_GRAPHQL_MATCHER;
      61 |
    > 62 |   await page.waitForResponse(
         |              ^
      63 |     response =>
      64 |       response.request().method() === 'POST' &&
      65 |       matchesUrl(response.url(), urlMatcher) &&
        at waitForGraphQL (/home/shangmeilin/cube-castle/frontend/tests/e2e/utils/waitPatterns.ts:62:14)
        at /home/shangmeilin/cube-castle/frontend/tests/e2e/position-lifecycle.spec.ts:72:31

    attachment #1: screenshot (image/png) ──────────────────────────────────────────────────────────
    test-results/position-lifecycle-职位生命周期视图-展示任职与调动历史-chromium/test-failed-1.png
    ────────────────────────────────────────────────────────────────────────────────────────────────

    attachment #2: video (video/webm) ──────────────────────────────────────────────────────────────
    test-results/position-lifecycle-职位生命周期视图-展示任职与调动历史-chromium/video.webm
    ────────────────────────────────────────────────────────────────────────────────────────────────

    Error Context: test-results/position-lifecycle-职位生命周期视图-展示任职与调动历史-chromium/error-context.md

    attachment #4: trace (application/zip) ─────────────────────────────────────────────────────────
    test-results/position-lifecycle-职位生命周期视图-展示任职与调动历史-chromium/trace.zip
    Usage:

        npx playwright show-trace test-results/position-lifecycle-职位生命周期视图-展示任职与调动历史-chromium/trace.zip

    ────────────────────────────────────────────────────────────────────────────────────────────────


[1A[2K[83/234] [chromium] › tests/e2e/regression-e2e.spec.ts:229:3 › 回归测试和兼容性验证 › 性能回归测试
[1A[2K[chromium] › tests/e2e/regression-e2e.spec.ts:229:3 › 回归测试和兼容性验证 › 性能回归测试
✅ 认证设置已注入 localStorage

[1A[2K  42) [chromium] › tests/e2e/regression-e2e.spec.ts:25:3 › 回归测试和兼容性验证 › 关键功能回归测试 ───────────────────

    Error: [2mexpect([22m[31mlocator[39m[2m).[22mtoBeVisible[2m([22m[2m)[22m failed

    Locator: getByText('组织架构管理')
    Expected: visible
    Timeout: 15000ms
    Error: element(s) not found

    Call log:
    [2m  - Expect "toBeVisible" with timeout 15000ms[22m
    [2m  - waiting for getByText('组织架构管理')[22m


      27 |
      28 |     // 1. 验证基本UI组件正常工作
    > 29 |     await expect(page.getByText('组织架构管理')).toBeVisible();
         |                                            ^
      30 |     await expect(page.getByRole('button', { name: '新增组织单元' })).toBeVisible();
      31 |     await expect(page.getByRole('button', { name: '导入数据' })).toBeVisible();
      32 |     await expect(page.getByRole('button', { name: '导出报告' })).toBeVisible();
        at /home/shangmeilin/cube-castle/frontend/tests/e2e/regression-e2e.spec.ts:29:44

    attachment #1: screenshot (image/png) ──────────────────────────────────────────────────────────
    test-results/regression-e2e-回归测试和兼容性验证-关键功能回归测试-chromium/test-failed-1.png
    ────────────────────────────────────────────────────────────────────────────────────────────────

    attachment #2: video (video/webm) ──────────────────────────────────────────────────────────────
    test-results/regression-e2e-回归测试和兼容性验证-关键功能回归测试-chromium/video.webm
    ────────────────────────────────────────────────────────────────────────────────────────────────

    Error Context: test-results/regression-e2e-回归测试和兼容性验证-关键功能回归测试-chromium/error-context.md

    attachment #4: trace (application/zip) ─────────────────────────────────────────────────────────
    test-results/regression-e2e-回归测试和兼容性验证-关键功能回归测试-chromium/trace.zip
    Usage:

        npx playwright show-trace test-results/regression-e2e-回归测试和兼容性验证-关键功能回归测试-chromium/trace.zip

    ────────────────────────────────────────────────────────────────────────────────────────────────


[1A[2K[84/234] [chromium] › tests/e2e/regression-e2e.spec.ts:286:3 › 回归测试和兼容性验证 › 错误边界和异常处理测试
[1A[2K[chromium] › tests/e2e/regression-e2e.spec.ts:286:3 › 回归测试和兼容性验证 › 错误边界和异常处理测试
✅ 认证设置已注入 localStorage

[1A[2K  43) [chromium] › tests/e2e/regression-e2e.spec.ts:187:3 › 回归测试和兼容性验证 › 跨浏览器兼容性验证 ─────────────────

    Error: [2mexpect([22m[31mlocator[39m[2m).[22mtoBeVisible[2m([22m[2m)[22m failed

    Locator: getByText('组织架构管理')
    Expected: visible
    Timeout: 15000ms
    Error: element(s) not found

    Call log:
    [2m  - Expect "toBeVisible" with timeout 15000ms[22m
    [2m  - waiting for getByText('组织架构管理')[22m


      191 |
      192 |     // 1. 验证基本功能在所有浏览器中正常工作
    > 193 |     await expect(page.getByText('组织架构管理')).toBeVisible();
          |                                            ^
      194 |
      195 |     // 2. 验证JavaScript功能
      196 |     const jsTest = await page.evaluate(() => {
        at /home/shangmeilin/cube-castle/frontend/tests/e2e/regression-e2e.spec.ts:193:44

    attachment #1: screenshot (image/png) ──────────────────────────────────────────────────────────
    test-results/regression-e2e-回归测试和兼容性验证-跨浏览器兼容性验证-chromium/test-failed-1.png
    ────────────────────────────────────────────────────────────────────────────────────────────────

    attachment #2: video (video/webm) ──────────────────────────────────────────────────────────────
    test-results/regression-e2e-回归测试和兼容性验证-跨浏览器兼容性验证-chromium/video.webm
    ────────────────────────────────────────────────────────────────────────────────────────────────

    Error Context: test-results/regression-e2e-回归测试和兼容性验证-跨浏览器兼容性验证-chromium/error-context.md

    attachment #4: trace (application/zip) ─────────────────────────────────────────────────────────
    test-results/regression-e2e-回归测试和兼容性验证-跨浏览器兼容性验证-chromium/trace.zip
    Usage:

        npx playwright show-trace test-results/regression-e2e-回归测试和兼容性验证-跨浏览器兼容性验证-chromium/trace.zip

    ────────────────────────────────────────────────────────────────────────────────────────────────


[1A[2K[85/234] [chromium] › tests/e2e/schema-validation.spec.ts:26:3 › Schema & 契约验证 › REST 创建组织返回契约字段
[1A[2K[chromium] › tests/e2e/schema-validation.spec.ts:26:3 › Schema & 契约验证 › REST 创建组织返回契约字段
✅ 发现活跃前端服务：http://localhost:3000

[1A[2K  44) [chromium] › tests/e2e/schema-validation.spec.ts:26:3 › Schema & 契约验证 › REST 创建组织返回契约字段 ──────

    Error: [2mexpect([22m[31mreceived[39m[2m).[22mtoBe[2m([22m[32mexpected[39m[2m) // Object.is equality[22m

    Expected: [32m201[39m
    Received: [31m500[39m

      42 |     });
      43 |
    > 44 |     expect(response.status()).toBe(201);
         |                               ^
      45 |     const body = await response.json();
      46 |
      47 |     expect(body).toMatchObject({
        at /home/shangmeilin/cube-castle/frontend/tests/e2e/schema-validation.spec.ts:44:31

    attachment #1: trace (application/zip) ─────────────────────────────────────────────────────────
    test-results/schema-validation-Schema-契约验证-REST-创建组织返回契约字段-chromium/trace.zip
    Usage:

        npx playwright show-trace test-results/schema-validation-Schema-契约验证-REST-创建组织返回契约字段-chromium/trace.zip

    ────────────────────────────────────────────────────────────────────────────────────────────────


[1A[2K[86/234] [chromium] › tests/e2e/schema-validation.spec.ts:59:3 › Schema & 契约验证 › REST 创建组织缺少字段时返回 400
[1A[2K[chromium] › tests/e2e/schema-validation.spec.ts:59:3 › Schema & 契约验证 › REST 创建组织缺少字段时返回 400
✅ 发现活跃前端服务：http://localhost:3000

[1A[2K[87/234] [chromium] › tests/e2e/schema-validation.spec.ts:79:3 › Schema & 契约验证 › GraphQL organizations 字段类型正确
[1A[2K[chromium] › tests/e2e/schema-validation.spec.ts:79:3 › Schema & 契约验证 › GraphQL organizations 字段类型正确
✅ 发现活跃前端服务：http://localhost:3000

[1A[2K[88/234] [chromium] › tests/e2e/schema-validation.spec.ts:115:3 › Schema & 契约验证 › GraphQL 错误响应携带 message
[1A[2K[chromium] › tests/e2e/schema-validation.spec.ts:115:3 › Schema & 契约验证 › GraphQL 错误响应携带 message
✅ 发现活跃前端服务：http://localhost:3000

[1A[2K  45) [chromium] › tests/e2e/schema-validation.spec.ts:115:3 › Schema & 契约验证 › GraphQL 错误响应携带 message 

    Error: [2mexpect([22m[31mreceived[39m[2m).[22mtoBeTruthy[2m()[22m

    Received: [31mfalse[39m

      130 |     });
      131 |
    > 132 |     expect(response.ok()).toBeTruthy();
          |                           ^
      133 |     const body = await response.json();
      134 |     expect(body.errors?.[0]?.message).toContain('nonexistentField');
      135 |   });
        at /home/shangmeilin/cube-castle/frontend/tests/e2e/schema-validation.spec.ts:132:27

    attachment #1: trace (application/zip) ─────────────────────────────────────────────────────────
    test-results/schema-validation-Schema-契约验证-GraphQL-错误响应携带-message-chromium/trace.zip
    Usage:

        npx playwright show-trace test-results/schema-validation-Schema-契约验证-GraphQL-错误响应携带-message-chromium/trace.zip

    ────────────────────────────────────────────────────────────────────────────────────────────────


[1A[2K[89/234] [chromium] › tests/e2e/simple-connection-test.spec.ts:6:1 › 简单的服务器连接测试
[1A[2K[chromium] › tests/e2e/simple-connection-test.spec.ts:6:1 › 简单的服务器连接测试
开始测试服务器连接...

[1A[2K✅ 发现活跃前端服务：http://localhost:3000

[1A[2K✅ 使用前端基址: http://localhost:3000

[1A[2K页面加载成功

[1A[2K当前URL: http://localhost:3000/

[1A[2K页面标题: Cube Castle - 人力资源管理系统

[1A[2K测试完成成功

[1A[2K[90/234] [chromium] › tests/e2e/smoke-org-detail.spec.ts:8:3 › 组织详情 Smoke › 可以打开组织详情页面（Temporal）
[1A[2K[chromium] › tests/e2e/smoke-org-detail.spec.ts:8:3 › 组织详情 Smoke › 可以打开组织详情页面（Temporal）
✅ 认证设置已注入 localStorage

[1A[2K  46) [chromium] › tests/e2e/regression-e2e.spec.ts:229:3 › 回归测试和兼容性验证 › 性能回归测试 ────────────────────

    Error: [2mexpect([22m[31mlocator[39m[2m).[22mtoBeVisible[2m([22m[2m)[22m failed

    Locator: getByText('组织架构管理')
    Expected: visible
    Timeout: 15000ms
    Error: element(s) not found

    Call log:
    [2m  - Expect "toBeVisible" with timeout 15000ms[22m
    [2m  - waiting for getByText('组织架构管理')[22m


      232 |     const startTime = Date.now();
      233 |     await page.goto('/organizations');
    > 234 |     await expect(page.getByText('组织架构管理')).toBeVisible();
          |                                            ^
      235 |     const loadTime = Date.now() - startTime;
      236 |
      237 |     console.log(`页面加载时间: ${loadTime}ms`);
        at /home/shangmeilin/cube-castle/frontend/tests/e2e/regression-e2e.spec.ts:234:44

    attachment #1: screenshot (image/png) ──────────────────────────────────────────────────────────
    test-results/regression-e2e-回归测试和兼容性验证-性能回归测试-chromium/test-failed-1.png
    ────────────────────────────────────────────────────────────────────────────────────────────────

    attachment #2: video (video/webm) ──────────────────────────────────────────────────────────────
    test-results/regression-e2e-回归测试和兼容性验证-性能回归测试-chromium/video.webm
    ────────────────────────────────────────────────────────────────────────────────────────────────

    Error Context: test-results/regression-e2e-回归测试和兼容性验证-性能回归测试-chromium/error-context.md

    attachment #4: trace (application/zip) ─────────────────────────────────────────────────────────
    test-results/regression-e2e-回归测试和兼容性验证-性能回归测试-chromium/trace.zip
    Usage:

        npx playwright show-trace test-results/regression-e2e-回归测试和兼容性验证-性能回归测试-chromium/trace.zip

    ────────────────────────────────────────────────────────────────────────────────────────────────


[1A[2K[91/234] [chromium] › tests/e2e/temporal-editform-defaults-smoke.spec.ts:13:1 › Temporal edit form creation page renders (smoke)
[1A[2K  47) [chromium] › tests/e2e/position-tabs.spec.ts:139:3 › 职位详情多页签体验 › 六个页签可切换且展示对应内容 ──────────────

    Error: [2mexpect([22m[31mlocator[39m[2m).[22mtoBeVisible[2m([22m[2m)[22m failed

    Locator: getByTestId('temporal-position-page-wrapper')
    Expected: visible
    Timeout: 15000ms
    Error: element(s) not found

    Call log:
    [2m  - Expect "toBeVisible" with timeout 15000ms[22m
    [2m  - waiting for getByTestId('temporal-position-page-wrapper')[22m


      150 |
      151 |     // DOM 就绪断言（使用统一 SSoT 选择器，避免文本渲染时序/字体影响）
    > 152 |     await expect(page.getByTestId(temporalEntitySelectors.position.temporalPageWrapper)).toBeVisible();
          |                                                                                          ^
      153 |     await expect(page.getByTestId(temporalEntitySelectors.position.temporalPage)).toBeVisible();
      154 |
      155 |     // 概览页签默认展示（以 overviewCard 的可见性作为断言，不依赖具体文案）
        at /home/shangmeilin/cube-castle/frontend/tests/e2e/position-tabs.spec.ts:152:90

    attachment #1: screenshot (image/png) ──────────────────────────────────────────────────────────
    test-results/position-tabs-职位详情多页签体验-六个页签可切换且展示对应内容-chromium/test-failed-1.png
    ────────────────────────────────────────────────────────────────────────────────────────────────

    attachment #2: video (video/webm) ──────────────────────────────────────────────────────────────
    test-results/position-tabs-职位详情多页签体验-六个页签可切换且展示对应内容-chromium/video.webm
    ────────────────────────────────────────────────────────────────────────────────────────────────

    Error Context: test-results/position-tabs-职位详情多页签体验-六个页签可切换且展示对应内容-chromium/error-context.md

    attachment #4: trace (application/zip) ─────────────────────────────────────────────────────────
    test-results/position-tabs-职位详情多页签体验-六个页签可切换且展示对应内容-chromium/trace.zip
    Usage:

        npx playwright show-trace test-results/position-tabs-职位详情多页签体验-六个页签可切换且展示对应内容-chromium/trace.zip

    ────────────────────────────────────────────────────────────────────────────────────────────────


[1A[2K[92/234] [chromium] › tests/e2e/temporal-graphql-comprehensive.spec.ts:112:5 › 时态GraphQL功能完整验证 › 功能完整性测试 › 历史记录查看功能验证
[1A[2K  48) [chromium] › tests/e2e/temporal-editform-defaults-smoke.spec.ts:13:1 › Temporal edit form creation page renders (smoke) 

    Error: [2mexpect([22m[31mlocator[39m[2m).[22mtoBeVisible[2m([22m[2m)[22m failed

    Locator: locator('text=创建新组织').first()
    Expected: visible
    Timeout: 5000ms
    Error: element(s) not found

    Call log:
    [2m  - Expect "toBeVisible" with timeout 5000ms[22m
    [2m  - waiting for locator('text=创建新组织').first()[22m


      23 |   // 创建模式标题或提示文案
      24 |   const createTitle = page.locator('text=创建新组织').first();
    > 25 |   await expect(createTitle).toBeVisible({ timeout: 5000 });
         |                             ^
      26 |
      27 |   // 存在表单主体
      28 |   const form = page.getByTestId(temporalEntitySelectors.organization.form);
        at /home/shangmeilin/cube-castle/frontend/tests/e2e/temporal-editform-defaults-smoke.spec.ts:25:29

    attachment #1: screenshot (image/png) ──────────────────────────────────────────────────────────
    test-results/temporal-editform-defaults-7d7ac-reation-page-renders-smoke--chromium/test-failed-1.png
    ────────────────────────────────────────────────────────────────────────────────────────────────

    attachment #2: video (video/webm) ──────────────────────────────────────────────────────────────
    test-results/temporal-editform-defaults-7d7ac-reation-page-renders-smoke--chromium/video.webm
    ────────────────────────────────────────────────────────────────────────────────────────────────

    Error Context: test-results/temporal-editform-defaults-7d7ac-reation-page-renders-smoke--chromium/error-context.md

    attachment #4: trace (application/zip) ─────────────────────────────────────────────────────────
    test-results/temporal-editform-defaults-7d7ac-reation-page-renders-smoke--chromium/trace.zip
    Usage:

        npx playwright show-trace test-results/temporal-editform-defaults-7d7ac-reation-page-renders-smoke--chromium/trace.zip

    ────────────────────────────────────────────────────────────────────────────────────────────────


[1A[2K  49) [chromium] › tests/e2e/regression-e2e.spec.ts:286:3 › 回归测试和兼容性验证 › 错误边界和异常处理测试 ───────────────

    Error: [2mexpect([22m[31mlocator[39m[2m).[22mtoBeVisible[2m([22m[2m)[22m failed

    Locator: getByText('加载失败').or(getByText('服务器错误'))
    Expected: visible
    Timeout: 15000ms
    Error: element(s) not found

    Call log:
    [2m  - Expect "toBeVisible" with timeout 15000ms[22m
    [2m  - waiting for getByText('加载失败').or(getByText('服务器错误'))[22m


      314 |     await expect(
      315 |       page.getByText('加载失败').or(page.getByText('服务器错误'))
    > 316 |     ).toBeVisible();
          |       ^
      317 |
      318 |     await page.unroute('**/graphql');
      319 |
        at /home/shangmeilin/cube-castle/frontend/tests/e2e/regression-e2e.spec.ts:316:7

    attachment #1: screenshot (image/png) ──────────────────────────────────────────────────────────
    test-results/regression-e2e-回归测试和兼容性验证-错误边界和异常处理测试-chromium/test-failed-1.png
    ────────────────────────────────────────────────────────────────────────────────────────────────

    attachment #2: video (video/webm) ──────────────────────────────────────────────────────────────
    test-results/regression-e2e-回归测试和兼容性验证-错误边界和异常处理测试-chromium/video.webm
    ────────────────────────────────────────────────────────────────────────────────────────────────

    Error Context: test-results/regression-e2e-回归测试和兼容性验证-错误边界和异常处理测试-chromium/error-context.md

    attachment #4: trace (application/zip) ─────────────────────────────────────────────────────────
    test-results/regression-e2e-回归测试和兼容性验证-错误边界和异常处理测试-chromium/trace.zip
    Usage:

        npx playwright show-trace test-results/regression-e2e-回归测试和兼容性验证-错误边界和异常处理测试-chromium/trace.zip

    ────────────────────────────────────────────────────────────────────────────────────────────────


[1A[2K[93/234] [chromium] › tests/e2e/temporal-graphql-comprehensive.spec.ts:132:5 › 时态GraphQL功能完整验证 › 功能完整性测试 › 时间点查询功能验证
[1A[2K[94/234] [chromium] › tests/e2e/temporal-graphql-comprehensive.spec.ts:148:5 › 时态GraphQL功能完整验证 › 功能完整性测试 › 组织切换功能验证
[1A[2K  50) [chromium] › tests/e2e/smoke-org-detail.spec.ts:8:3 › 组织详情 Smoke › 可以打开组织详情页面（Temporal） ──────

    Error: [2mexpect([22m[31mlocator[39m[2m).[22mtoBeVisible[2m([22m[2m)[22m failed

    Locator: getByTestId('temporal-master-detail-view')
    Expected: visible
    Timeout: 20000ms
    Error: element(s) not found

    Call log:
    [2m  - Expect "toBeVisible" with timeout 20000ms[22m
    [2m  - waiting for getByTestId('temporal-master-detail-view')[22m


      13 |
      14 |     // 验证页面骨架（Master-Detail 容器）可见，代表组织详情已打开
    > 15 |     await expect(page.getByTestId('temporal-master-detail-view')).toBeVisible({ timeout: 20000 });
         |                                                                   ^
      16 |   });
      17 | });
      18 |
        at /home/shangmeilin/cube-castle/frontend/tests/e2e/smoke-org-detail.spec.ts:15:67

    attachment #1: screenshot (image/png) ──────────────────────────────────────────────────────────
    test-results/smoke-org-detail-组织详情-Smoke-可以打开组织详情页面（Temporal）-chromium/test-failed-1.png
    ────────────────────────────────────────────────────────────────────────────────────────────────

    attachment #2: video (video/webm) ──────────────────────────────────────────────────────────────
    test-results/smoke-org-detail-组织详情-Smoke-可以打开组织详情页面（Temporal）-chromium/video.webm
    ────────────────────────────────────────────────────────────────────────────────────────────────

    Error Context: test-results/smoke-org-detail-组织详情-Smoke-可以打开组织详情页面（Temporal）-chromium/error-context.md

    attachment #4: trace (application/zip) ─────────────────────────────────────────────────────────
    test-results/smoke-org-detail-组织详情-Smoke-可以打开组织详情页面（Temporal）-chromium/trace.zip
    Usage:

        npx playwright show-trace test-results/smoke-org-detail-组织详情-Smoke-可以打开组织详情页面（Temporal）-chromium/trace.zip

    ────────────────────────────────────────────────────────────────────────────────────────────────


[1A[2K  51) [chromium] › tests/e2e/temporal-graphql-comprehensive.spec.ts:112:5 › 时态GraphQL功能完整验证 › 功能完整性测试 › 历史记录查看功能验证 

    TimeoutError: page.click: Timeout 15000ms exceeded.
    Call log:
    [2m  - waiting for locator('tab:has-text("历史记录查看")')[22m


      57 |
      58 |   async switchToHistoryTab() {
    > 59 |     await this.page.click('tab:has-text("历史记录查看")');
         |                     ^
      60 |     await this.page.waitForSelector('[data-testid="history-records"]', { timeout: 5000 });
      61 |   }
      62 |
        at TemporalTestHelper.switchToHistoryTab (/home/shangmeilin/cube-castle/frontend/tests/e2e/temporal-graphql-comprehensive.spec.ts:59:21)
        at /home/shangmeilin/cube-castle/frontend/tests/e2e/temporal-graphql-comprehensive.spec.ts:114:20

    attachment #1: screenshot (image/png) ──────────────────────────────────────────────────────────
    test-results/temporal-graphql-comprehen-0d544-QL功能完整验证-功能完整性测试-历史记录查看功能验证-chromium/test-failed-1.png
    ────────────────────────────────────────────────────────────────────────────────────────────────

    attachment #2: video (video/webm) ──────────────────────────────────────────────────────────────
    test-results/temporal-graphql-comprehen-0d544-QL功能完整验证-功能完整性测试-历史记录查看功能验证-chromium/video.webm
    ────────────────────────────────────────────────────────────────────────────────────────────────

    Error Context: test-results/temporal-graphql-comprehen-0d544-QL功能完整验证-功能完整性测试-历史记录查看功能验证-chromium/error-context.md

    attachment #4: trace (application/zip) ─────────────────────────────────────────────────────────
    test-results/temporal-graphql-comprehen-0d544-QL功能完整验证-功能完整性测试-历史记录查看功能验证-chromium/trace.zip
    Usage:

        npx playwright show-trace test-results/temporal-graphql-comprehen-0d544-QL功能完整验证-功能完整性测试-历史记录查看功能验证-chromium/trace.zip

    ────────────────────────────────────────────────────────────────────────────────────────────────


[1A[2K[95/234] [chromium] › tests/e2e/temporal-graphql-comprehensive.spec.ts:170:5 › 时态GraphQL功能完整验证 › 错误处理验证 › 无效组织代码处理
[1A[2K[96/234] [chromium] › tests/e2e/temporal-graphql-comprehensive.spec.ts:185:5 › 时态GraphQL功能完整验证 › 错误处理验证 › 无记录时间点处理
[1A[2K  52) [chromium] › tests/e2e/temporal-graphql-comprehensive.spec.ts:132:5 › 时态GraphQL功能完整验证 › 功能完整性测试 › 时间点查询功能验证 

    TimeoutError: page.click: Timeout 15000ms exceeded.
    Call log:
    [2m  - waiting for locator('tab:has-text("时间点查询")')[22m


      62 |
      63 |   async switchToTimePointTab() {
    > 64 |     await this.page.click('tab:has-text("时间点查询")');
         |                     ^
      65 |     await this.page.waitForSelector('[data-testid="timepoint-query"]', { timeout: 5000 });
      66 |   }
      67 |
        at TemporalTestHelper.switchToTimePointTab (/home/shangmeilin/cube-castle/frontend/tests/e2e/temporal-graphql-comprehensive.spec.ts:64:21)
        at /home/shangmeilin/cube-castle/frontend/tests/e2e/temporal-graphql-comprehensive.spec.ts:133:20

    attachment #1: screenshot (image/png) ──────────────────────────────────────────────────────────
    test-results/temporal-graphql-comprehen-0f86a-hQL功能完整验证-功能完整性测试-时间点查询功能验证-chromium/test-failed-1.png
    ────────────────────────────────────────────────────────────────────────────────────────────────

    attachment #2: video (video/webm) ──────────────────────────────────────────────────────────────
    test-results/temporal-graphql-comprehen-0f86a-hQL功能完整验证-功能完整性测试-时间点查询功能验证-chromium/video.webm
    ────────────────────────────────────────────────────────────────────────────────────────────────

    Error Context: test-results/temporal-graphql-comprehen-0f86a-hQL功能完整验证-功能完整性测试-时间点查询功能验证-chromium/error-context.md

    attachment #4: trace (application/zip) ─────────────────────────────────────────────────────────
    test-results/temporal-graphql-comprehen-0f86a-hQL功能完整验证-功能完整性测试-时间点查询功能验证-chromium/trace.zip
    Usage:

        npx playwright show-trace test-results/temporal-graphql-comprehen-0f86a-hQL功能完整验证-功能完整性测试-时间点查询功能验证-chromium/trace.zip

    ────────────────────────────────────────────────────────────────────────────────────────────────


[1A[2K  53) [chromium] › tests/e2e/temporal-graphql-comprehensive.spec.ts:148:5 › 时态GraphQL功能完整验证 › 功能完整性测试 › 组织切换功能验证 

    TimeoutError: page.fill: Timeout 15000ms exceeded.
    Call log:
    [2m  - waiting for locator('input[placeholder*="输入组织代码"]')[22m


      47 |     } else {
      48 |       // 使用自定义代码
    > 49 |       await this.page.fill('input[placeholder*="输入组织代码"]', orgCode);
         |                       ^
      50 |       await this.page.click('button:has-text("使用自定义代码")');
      51 |     }
      52 |     
        at TemporalTestHelper.selectOrganization (/home/shangmeilin/cube-castle/frontend/tests/e2e/temporal-graphql-comprehensive.spec.ts:49:23)
        at /home/shangmeilin/cube-castle/frontend/tests/e2e/temporal-graphql-comprehensive.spec.ts:150:20

    attachment #1: screenshot (image/png) ──────────────────────────────────────────────────────────
    test-results/temporal-graphql-comprehen-6fa2f-phQL功能完整验证-功能完整性测试-组织切换功能验证-chromium/test-failed-1.png
    ────────────────────────────────────────────────────────────────────────────────────────────────

    attachment #2: video (video/webm) ──────────────────────────────────────────────────────────────
    test-results/temporal-graphql-comprehen-6fa2f-phQL功能完整验证-功能完整性测试-组织切换功能验证-chromium/video.webm
    ────────────────────────────────────────────────────────────────────────────────────────────────

    Error Context: test-results/temporal-graphql-comprehen-6fa2f-phQL功能完整验证-功能完整性测试-组织切换功能验证-chromium/error-context.md

    attachment #4: trace (application/zip) ─────────────────────────────────────────────────────────
    test-results/temporal-graphql-comprehen-6fa2f-phQL功能完整验证-功能完整性测试-组织切换功能验证-chromium/trace.zip
    Usage:

        npx playwright show-trace test-results/temporal-graphql-comprehen-6fa2f-phQL功能完整验证-功能完整性测试-组织切换功能验证-chromium/trace.zip

    ────────────────────────────────────────────────────────────────────────────────────────────────


[1A[2K[97/234] [chromium] › tests/e2e/temporal-graphql-comprehensive.spec.ts:193:5 › 时态GraphQL功能完整验证 › 错误处理验证 › 用户界面反馈验证
[1A[2K[98/234] [chromium] › tests/e2e/temporal-graphql-comprehensive.spec.ts:210:5 › 时态GraphQL功能完整验证 › 性能基准验证 › 页面加载性能
[1A[2K[99/234] [chromium] › tests/e2e/temporal-graphql-comprehensive.spec.ts:218:5 › 时态GraphQL功能完整验证 › 性能基准验证 › API响应性能
[1A[2K  54) [chromium] › tests/e2e/temporal-graphql-comprehensive.spec.ts:170:5 › 时态GraphQL功能完整验证 › 错误处理验证 › 无效组织代码处理 

    TimeoutError: page.fill: Timeout 15000ms exceeded.
    Call log:
    [2m  - waiting for locator('input[placeholder*="输入组织代码"]')[22m


      47 |     } else {
      48 |       // 使用自定义代码
    > 49 |       await this.page.fill('input[placeholder*="输入组织代码"]', orgCode);
         |                       ^
      50 |       await this.page.click('button:has-text("使用自定义代码")');
      51 |     }
      52 |     
        at TemporalTestHelper.selectOrganization (/home/shangmeilin/cube-castle/frontend/tests/e2e/temporal-graphql-comprehensive.spec.ts:49:23)
        at /home/shangmeilin/cube-castle/frontend/tests/e2e/temporal-graphql-comprehensive.spec.ts:171:20

    attachment #1: screenshot (image/png) ──────────────────────────────────────────────────────────
    test-results/temporal-graphql-comprehen-0bb84-aphQL功能完整验证-错误处理验证-无效组织代码处理-chromium/test-failed-1.png
    ────────────────────────────────────────────────────────────────────────────────────────────────

    attachment #2: video (video/webm) ──────────────────────────────────────────────────────────────
    test-results/temporal-graphql-comprehen-0bb84-aphQL功能完整验证-错误处理验证-无效组织代码处理-chromium/video.webm
    ────────────────────────────────────────────────────────────────────────────────────────────────

    Error Context: test-results/temporal-graphql-comprehen-0bb84-aphQL功能完整验证-错误处理验证-无效组织代码处理-chromium/error-context.md

    attachment #4: trace (application/zip) ─────────────────────────────────────────────────────────
    test-results/temporal-graphql-comprehen-0bb84-aphQL功能完整验证-错误处理验证-无效组织代码处理-chromium/trace.zip
    Usage:

        npx playwright show-trace test-results/temporal-graphql-comprehen-0bb84-aphQL功能完整验证-错误处理验证-无效组织代码处理-chromium/trace.zip

    ────────────────────────────────────────────────────────────────────────────────────────────────


[1A[2K  55) [chromium] › tests/e2e/temporal-graphql-comprehensive.spec.ts:185:5 › 时态GraphQL功能完整验证 › 错误处理验证 › 无记录时间点处理 

    TimeoutError: page.click: Timeout 15000ms exceeded.
    Call log:
    [2m  - waiting for locator('tab:has-text("时间点查询")')[22m


      62 |
      63 |   async switchToTimePointTab() {
    > 64 |     await this.page.click('tab:has-text("时间点查询")');
         |                     ^
      65 |     await this.page.waitForSelector('[data-testid="timepoint-query"]', { timeout: 5000 });
      66 |   }
      67 |
        at TemporalTestHelper.switchToTimePointTab (/home/shangmeilin/cube-castle/frontend/tests/e2e/temporal-graphql-comprehensive.spec.ts:64:21)
        at /home/shangmeilin/cube-castle/frontend/tests/e2e/temporal-graphql-comprehensive.spec.ts:186:20

    attachment #1: screenshot (image/png) ──────────────────────────────────────────────────────────
    test-results/temporal-graphql-comprehen-7cf40-aphQL功能完整验证-错误处理验证-无记录时间点处理-chromium/test-failed-1.png
    ────────────────────────────────────────────────────────────────────────────────────────────────

    attachment #2: video (video/webm) ──────────────────────────────────────────────────────────────
    test-results/temporal-graphql-comprehen-7cf40-aphQL功能完整验证-错误处理验证-无记录时间点处理-chromium/video.webm
    ────────────────────────────────────────────────────────────────────────────────────────────────

    Error Context: test-results/temporal-graphql-comprehen-7cf40-aphQL功能完整验证-错误处理验证-无记录时间点处理-chromium/error-context.md

    attachment #4: trace (application/zip) ─────────────────────────────────────────────────────────
    test-results/temporal-graphql-comprehen-7cf40-aphQL功能完整验证-错误处理验证-无记录时间点处理-chromium/trace.zip
    Usage:

        npx playwright show-trace test-results/temporal-graphql-comprehen-7cf40-aphQL功能完整验证-错误处理验证-无记录时间点处理-chromium/trace.zip

    ────────────────────────────────────────────────────────────────────────────────────────────────


[1A[2K[100/234] [chromium] › tests/e2e/temporal-graphql-comprehensive.spec.ts:239:5 › 时态GraphQL功能完整验证 › 性能基准验证 › 缓存效率验证
[1A[2K[101/234] [chromium] › tests/e2e/temporal-graphql-comprehensive.spec.ts:253:5 › 时态GraphQL功能完整验证 › 性能基准验证 › 历史记录刷新性能
[1A[2K  56) [chromium] › tests/e2e/temporal-graphql-comprehensive.spec.ts:193:5 › 时态GraphQL功能完整验证 › 错误处理验证 › 用户界面反馈验证 

    TimeoutError: page.click: Timeout 15000ms exceeded.
    Call log:
    [2m  - waiting for locator('tab:has-text("时间点查询")')[22m


      62 |
      63 |   async switchToTimePointTab() {
    > 64 |     await this.page.click('tab:has-text("时间点查询")');
         |                     ^
      65 |     await this.page.waitForSelector('[data-testid="timepoint-query"]', { timeout: 5000 });
      66 |   }
      67 |
        at TemporalTestHelper.switchToTimePointTab (/home/shangmeilin/cube-castle/frontend/tests/e2e/temporal-graphql-comprehensive.spec.ts:64:21)
        at /home/shangmeilin/cube-castle/frontend/tests/e2e/temporal-graphql-comprehensive.spec.ts:194:20

    attachment #1: screenshot (image/png) ──────────────────────────────────────────────────────────
    test-results/temporal-graphql-comprehen-91fe3-aphQL功能完整验证-错误处理验证-用户界面反馈验证-chromium/test-failed-1.png
    ────────────────────────────────────────────────────────────────────────────────────────────────

    attachment #2: video (video/webm) ──────────────────────────────────────────────────────────────
    test-results/temporal-graphql-comprehen-91fe3-aphQL功能完整验证-错误处理验证-用户界面反馈验证-chromium/video.webm
    ────────────────────────────────────────────────────────────────────────────────────────────────

    Error Context: test-results/temporal-graphql-comprehen-91fe3-aphQL功能完整验证-错误处理验证-用户界面反馈验证-chromium/error-context.md

    attachment #4: trace (application/zip) ─────────────────────────────────────────────────────────
    test-results/temporal-graphql-comprehen-91fe3-aphQL功能完整验证-错误处理验证-用户界面反馈验证-chromium/trace.zip
    Usage:

        npx playwright show-trace test-results/temporal-graphql-comprehen-91fe3-aphQL功能完整验证-错误处理验证-用户界面反馈验证-chromium/trace.zip

    ────────────────────────────────────────────────────────────────────────────────────────────────


[1A[2K[102/234] [chromium] › tests/e2e/temporal-graphql-comprehensive.spec.ts:267:5 › 时态GraphQL功能完整验证 › 用户体验验证 › 加载状态显示
[1A[2K  57) [chromium] › tests/e2e/temporal-graphql-comprehensive.spec.ts:218:5 › 时态GraphQL功能完整验证 › 性能基准验证 › API响应性能 

    TimeoutError: page.click: Timeout 15000ms exceeded.
    Call log:
    [2m  - waiting for locator('tab:has-text("时间点查询")')[22m


      62 |
      63 |   async switchToTimePointTab() {
    > 64 |     await this.page.click('tab:has-text("时间点查询")');
         |                     ^
      65 |     await this.page.waitForSelector('[data-testid="timepoint-query"]', { timeout: 5000 });
      66 |   }
      67 |
        at TemporalTestHelper.switchToTimePointTab (/home/shangmeilin/cube-castle/frontend/tests/e2e/temporal-graphql-comprehensive.spec.ts:64:21)
        at /home/shangmeilin/cube-castle/frontend/tests/e2e/temporal-graphql-comprehensive.spec.ts:219:20

    attachment #1: screenshot (image/png) ──────────────────────────────────────────────────────────
    test-results/temporal-graphql-comprehen-1551b-raphQL功能完整验证-性能基准验证-API响应性能-chromium/test-failed-1.png
    ────────────────────────────────────────────────────────────────────────────────────────────────

    attachment #2: video (video/webm) ──────────────────────────────────────────────────────────────
    test-results/temporal-graphql-comprehen-1551b-raphQL功能完整验证-性能基准验证-API响应性能-chromium/video.webm
    ────────────────────────────────────────────────────────────────────────────────────────────────

    Error Context: test-results/temporal-graphql-comprehen-1551b-raphQL功能完整验证-性能基准验证-API响应性能-chromium/error-context.md

    attachment #4: trace (application/zip) ─────────────────────────────────────────────────────────
    test-results/temporal-graphql-comprehen-1551b-raphQL功能完整验证-性能基准验证-API响应性能-chromium/trace.zip
    Usage:

        npx playwright show-trace test-results/temporal-graphql-comprehen-1551b-raphQL功能完整验证-性能基准验证-API响应性能-chromium/trace.zip

    ────────────────────────────────────────────────────────────────────────────────────────────────


[1A[2K[103/234] [chromium] › tests/e2e/temporal-graphql-comprehensive.spec.ts:284:5 › 时态GraphQL功能完整验证 › 用户体验验证 › 视觉反馈验证
[1A[2K  58) [chromium] › tests/e2e/temporal-graphql-comprehensive.spec.ts:239:5 › 时态GraphQL功能完整验证 › 性能基准验证 › 缓存效率验证 

    TimeoutError: page.click: Timeout 15000ms exceeded.
    Call log:
    [2m  - waiting for locator('tab:has-text("时间点查询")')[22m


      62 |
      63 |   async switchToTimePointTab() {
    > 64 |     await this.page.click('tab:has-text("时间点查询")');
         |                     ^
      65 |     await this.page.waitForSelector('[data-testid="timepoint-query"]', { timeout: 5000 });
      66 |   }
      67 |
        at TemporalTestHelper.switchToTimePointTab (/home/shangmeilin/cube-castle/frontend/tests/e2e/temporal-graphql-comprehensive.spec.ts:64:21)
        at /home/shangmeilin/cube-castle/frontend/tests/e2e/temporal-graphql-comprehensive.spec.ts:240:20

    attachment #1: screenshot (image/png) ──────────────────────────────────────────────────────────
    test-results/temporal-graphql-comprehensive-时态GraphQL功能完整验证-性能基准验证-缓存效率验证-chromium/test-failed-1.png
    ────────────────────────────────────────────────────────────────────────────────────────────────

    attachment #2: video (video/webm) ──────────────────────────────────────────────────────────────
    test-results/temporal-graphql-comprehensive-时态GraphQL功能完整验证-性能基准验证-缓存效率验证-chromium/video.webm
    ────────────────────────────────────────────────────────────────────────────────────────────────

    Error Context: test-results/temporal-graphql-comprehensive-时态GraphQL功能完整验证-性能基准验证-缓存效率验证-chromium/error-context.md

    attachment #4: trace (application/zip) ─────────────────────────────────────────────────────────
    test-results/temporal-graphql-comprehensive-时态GraphQL功能完整验证-性能基准验证-缓存效率验证-chromium/trace.zip
    Usage:

        npx playwright show-trace test-results/temporal-graphql-comprehensive-时态GraphQL功能完整验证-性能基准验证-缓存效率验证-chromium/trace.zip

    ────────────────────────────────────────────────────────────────────────────────────────────────


[1A[2K  59) [chromium] › tests/e2e/temporal-graphql-comprehensive.spec.ts:253:5 › 时态GraphQL功能完整验证 › 性能基准验证 › 历史记录刷新性能 

    TimeoutError: page.click: Timeout 15000ms exceeded.
    Call log:
    [2m  - waiting for locator('tab:has-text("历史记录查看")')[22m


      57 |
      58 |   async switchToHistoryTab() {
    > 59 |     await this.page.click('tab:has-text("历史记录查看")');
         |                     ^
      60 |     await this.page.waitForSelector('[data-testid="history-records"]', { timeout: 5000 });
      61 |   }
      62 |
        at TemporalTestHelper.switchToHistoryTab (/home/shangmeilin/cube-castle/frontend/tests/e2e/temporal-graphql-comprehensive.spec.ts:59:21)
        at /home/shangmeilin/cube-castle/frontend/tests/e2e/temporal-graphql-comprehensive.spec.ts:254:20

    attachment #1: screenshot (image/png) ──────────────────────────────────────────────────────────
    test-results/temporal-graphql-comprehen-399b4-aphQL功能完整验证-性能基准验证-历史记录刷新性能-chromium/test-failed-1.png
    ────────────────────────────────────────────────────────────────────────────────────────────────

    attachment #2: video (video/webm) ──────────────────────────────────────────────────────────────
    test-results/temporal-graphql-comprehen-399b4-aphQL功能完整验证-性能基准验证-历史记录刷新性能-chromium/video.webm
    ────────────────────────────────────────────────────────────────────────────────────────────────

    Error Context: test-results/temporal-graphql-comprehen-399b4-aphQL功能完整验证-性能基准验证-历史记录刷新性能-chromium/error-context.md

    attachment #4: trace (application/zip) ─────────────────────────────────────────────────────────
    test-results/temporal-graphql-comprehen-399b4-aphQL功能完整验证-性能基准验证-历史记录刷新性能-chromium/trace.zip
    Usage:

        npx playwright show-trace test-results/temporal-graphql-comprehen-399b4-aphQL功能完整验证-性能基准验证-历史记录刷新性能-chromium/trace.zip

    ────────────────────────────────────────────────────────────────────────────────────────────────


[1A[2K[104/234] [chromium] › tests/e2e/temporal-graphql-comprehensive.spec.ts:296:5 › 时态GraphQL功能完整验证 › 用户体验验证 › 交互流畅性验证
[1A[2K[105/234] [chromium] › tests/e2e/temporal-graphql-comprehensive.spec.ts:324:5 › 跨浏览器兼容性验证 › chromium 基本功能验证
[1A[2K  60) [chromium] › tests/e2e/temporal-graphql-comprehensive.spec.ts:267:5 › 时态GraphQL功能完整验证 › 用户体验验证 › 加载状态显示 

    TimeoutError: page.click: Timeout 15000ms exceeded.
    Call log:
    [2m  - waiting for locator('tab:has-text("时间点查询")')[22m


      62 |
      63 |   async switchToTimePointTab() {
    > 64 |     await this.page.click('tab:has-text("时间点查询")');
         |                     ^
      65 |     await this.page.waitForSelector('[data-testid="timepoint-query"]', { timeout: 5000 });
      66 |   }
      67 |
        at TemporalTestHelper.switchToTimePointTab (/home/shangmeilin/cube-castle/frontend/tests/e2e/temporal-graphql-comprehensive.spec.ts:64:21)
        at /home/shangmeilin/cube-castle/frontend/tests/e2e/temporal-graphql-comprehensive.spec.ts:268:20

    attachment #1: screenshot (image/png) ──────────────────────────────────────────────────────────
    test-results/temporal-graphql-comprehensive-时态GraphQL功能完整验证-用户体验验证-加载状态显示-chromium/test-failed-1.png
    ────────────────────────────────────────────────────────────────────────────────────────────────

    attachment #2: video (video/webm) ──────────────────────────────────────────────────────────────
    test-results/temporal-graphql-comprehensive-时态GraphQL功能完整验证-用户体验验证-加载状态显示-chromium/video.webm
    ────────────────────────────────────────────────────────────────────────────────────────────────

    Error Context: test-results/temporal-graphql-comprehensive-时态GraphQL功能完整验证-用户体验验证-加载状态显示-chromium/error-context.md

    attachment #4: trace (application/zip) ─────────────────────────────────────────────────────────
    test-results/temporal-graphql-comprehensive-时态GraphQL功能完整验证-用户体验验证-加载状态显示-chromium/trace.zip
    Usage:

        npx playwright show-trace test-results/temporal-graphql-comprehensive-时态GraphQL功能完整验证-用户体验验证-加载状态显示-chromium/trace.zip

    ────────────────────────────────────────────────────────────────────────────────────────────────


[1A[2K[106/234] [chromium] › tests/e2e/temporal-graphql-comprehensive.spec.ts:324:5 › 跨浏览器兼容性验证 › firefox 基本功能验证
[1A[2K  61) [chromium] › tests/e2e/temporal-graphql-comprehensive.spec.ts:284:5 › 时态GraphQL功能完整验证 › 用户体验验证 › 视觉反馈验证 

    TimeoutError: page.click: Timeout 15000ms exceeded.
    Call log:
    [2m  - waiting for locator('tab:has-text("时间点查询")')[22m


      62 |
      63 |   async switchToTimePointTab() {
    > 64 |     await this.page.click('tab:has-text("时间点查询")');
         |                     ^
      65 |     await this.page.waitForSelector('[data-testid="timepoint-query"]', { timeout: 5000 });
      66 |   }
      67 |
        at TemporalTestHelper.switchToTimePointTab (/home/shangmeilin/cube-castle/frontend/tests/e2e/temporal-graphql-comprehensive.spec.ts:64:21)
        at /home/shangmeilin/cube-castle/frontend/tests/e2e/temporal-graphql-comprehensive.spec.ts:285:20

    attachment #1: screenshot (image/png) ──────────────────────────────────────────────────────────
    test-results/temporal-graphql-comprehensive-时态GraphQL功能完整验证-用户体验验证-视觉反馈验证-chromium/test-failed-1.png
    ────────────────────────────────────────────────────────────────────────────────────────────────

    attachment #2: video (video/webm) ──────────────────────────────────────────────────────────────
    test-results/temporal-graphql-comprehensive-时态GraphQL功能完整验证-用户体验验证-视觉反馈验证-chromium/video.webm
    ────────────────────────────────────────────────────────────────────────────────────────────────

    Error Context: test-results/temporal-graphql-comprehensive-时态GraphQL功能完整验证-用户体验验证-视觉反馈验证-chromium/error-context.md

    attachment #4: trace (application/zip) ─────────────────────────────────────────────────────────
    test-results/temporal-graphql-comprehensive-时态GraphQL功能完整验证-用户体验验证-视觉反馈验证-chromium/trace.zip
    Usage:

        npx playwright show-trace test-results/temporal-graphql-comprehensive-时态GraphQL功能完整验证-用户体验验证-视觉反馈验证-chromium/trace.zip

    ────────────────────────────────────────────────────────────────────────────────────────────────


[1A[2K[107/234] [chromium] › tests/e2e/temporal-graphql-comprehensive.spec.ts:343:3 › 并发性能验证 › 并发时间点查询
[1A[2K  62) [chromium] › tests/e2e/temporal-graphql-comprehensive.spec.ts:296:5 › 时态GraphQL功能完整验证 › 用户体验验证 › 交互流畅性验证 

    TimeoutError: page.click: Timeout 15000ms exceeded.
    Call log:
    [2m  - waiting for locator('tab:has-text("历史记录查看")')[22m


      57 |
      58 |   async switchToHistoryTab() {
    > 59 |     await this.page.click('tab:has-text("历史记录查看")');
         |                     ^
      60 |     await this.page.waitForSelector('[data-testid="history-records"]', { timeout: 5000 });
      61 |   }
      62 |
        at TemporalTestHelper.switchToHistoryTab (/home/shangmeilin/cube-castle/frontend/tests/e2e/temporal-graphql-comprehensive.spec.ts:59:21)
        at /home/shangmeilin/cube-castle/frontend/tests/e2e/temporal-graphql-comprehensive.spec.ts:298:20

    attachment #1: screenshot (image/png) ──────────────────────────────────────────────────────────
    test-results/temporal-graphql-comprehen-7cfc4-raphQL功能完整验证-用户体验验证-交互流畅性验证-chromium/test-failed-1.png
    ────────────────────────────────────────────────────────────────────────────────────────────────

    attachment #2: video (video/webm) ──────────────────────────────────────────────────────────────
    test-results/temporal-graphql-comprehen-7cfc4-raphQL功能完整验证-用户体验验证-交互流畅性验证-chromium/video.webm
    ────────────────────────────────────────────────────────────────────────────────────────────────

    Error Context: test-results/temporal-graphql-comprehen-7cfc4-raphQL功能完整验证-用户体验验证-交互流畅性验证-chromium/error-context.md

    attachment #4: trace (application/zip) ─────────────────────────────────────────────────────────
    test-results/temporal-graphql-comprehen-7cfc4-raphQL功能完整验证-用户体验验证-交互流畅性验证-chromium/trace.zip
    Usage:

        npx playwright show-trace test-results/temporal-graphql-comprehen-7cfc4-raphQL功能完整验证-用户体验验证-交互流畅性验证-chromium/trace.zip

    ────────────────────────────────────────────────────────────────────────────────────────────────


[1A[2K  63) [chromium] › tests/e2e/temporal-graphql-comprehensive.spec.ts:324:5 › 跨浏览器兼容性验证 › chromium 基本功能验证 

    TimeoutError: page.click: Timeout 15000ms exceeded.
    Call log:
    [2m  - waiting for locator('tab:has-text("历史记录查看")')[22m


      57 |
      58 |   async switchToHistoryTab() {
    > 59 |     await this.page.click('tab:has-text("历史记录查看")');
         |                     ^
      60 |     await this.page.waitForSelector('[data-testid="history-records"]', { timeout: 5000 });
      61 |   }
      62 |
        at TemporalTestHelper.switchToHistoryTab (/home/shangmeilin/cube-castle/frontend/tests/e2e/temporal-graphql-comprehensive.spec.ts:59:21)
        at /home/shangmeilin/cube-castle/frontend/tests/e2e/temporal-graphql-comprehensive.spec.ts:329:20

    attachment #1: screenshot (image/png) ──────────────────────────────────────────────────────────
    test-results/temporal-graphql-comprehensive-跨浏览器兼容性验证-chromium-基本功能验证-chromium/test-failed-1.png
    ────────────────────────────────────────────────────────────────────────────────────────────────

    attachment #2: video (video/webm) ──────────────────────────────────────────────────────────────
    test-results/temporal-graphql-comprehensive-跨浏览器兼容性验证-chromium-基本功能验证-chromium/video.webm
    ────────────────────────────────────────────────────────────────────────────────────────────────

    Error Context: test-results/temporal-graphql-comprehensive-跨浏览器兼容性验证-chromium-基本功能验证-chromium/error-context.md

    attachment #4: trace (application/zip) ─────────────────────────────────────────────────────────
    test-results/temporal-graphql-comprehensive-跨浏览器兼容性验证-chromium-基本功能验证-chromium/trace.zip
    Usage:

        npx playwright show-trace test-results/temporal-graphql-comprehensive-跨浏览器兼容性验证-chromium-基本功能验证-chromium/trace.zip

    ────────────────────────────────────────────────────────────────────────────────────────────────


[1A[2K[108/234] [chromium] › tests/e2e/temporal-graphql-comprehensive.spec.ts:384:3 › 数据完整性验证 › 历史记录数据准确性
[1A[2K[109/234] [chromium] › tests/e2e/temporal-graphql-comprehensive.spec.ts:411:3 › 数据完整性验证 › 时间点查询数据准确性
[1A[2K  64) [chromium] › tests/e2e/temporal-graphql-comprehensive.spec.ts:324:5 › 跨浏览器兼容性验证 › firefox 基本功能验证 

    TimeoutError: page.click: Timeout 15000ms exceeded.
    Call log:
    [2m  - waiting for locator('tab:has-text("历史记录查看")')[22m


      57 |
      58 |   async switchToHistoryTab() {
    > 59 |     await this.page.click('tab:has-text("历史记录查看")');
         |                     ^
      60 |     await this.page.waitForSelector('[data-testid="history-records"]', { timeout: 5000 });
      61 |   }
      62 |
        at TemporalTestHelper.switchToHistoryTab (/home/shangmeilin/cube-castle/frontend/tests/e2e/temporal-graphql-comprehensive.spec.ts:59:21)
        at /home/shangmeilin/cube-castle/frontend/tests/e2e/temporal-graphql-comprehensive.spec.ts:329:20

    attachment #1: screenshot (image/png) ──────────────────────────────────────────────────────────
    test-results/temporal-graphql-comprehensive-跨浏览器兼容性验证-firefox-基本功能验证-chromium/test-failed-1.png
    ────────────────────────────────────────────────────────────────────────────────────────────────

    attachment #2: video (video/webm) ──────────────────────────────────────────────────────────────
    test-results/temporal-graphql-comprehensive-跨浏览器兼容性验证-firefox-基本功能验证-chromium/video.webm
    ────────────────────────────────────────────────────────────────────────────────────────────────

    Error Context: test-results/temporal-graphql-comprehensive-跨浏览器兼容性验证-firefox-基本功能验证-chromium/error-context.md

    attachment #4: trace (application/zip) ─────────────────────────────────────────────────────────
    test-results/temporal-graphql-comprehensive-跨浏览器兼容性验证-firefox-基本功能验证-chromium/trace.zip
    Usage:

        npx playwright show-trace test-results/temporal-graphql-comprehensive-跨浏览器兼容性验证-firefox-基本功能验证-chromium/trace.zip

    ────────────────────────────────────────────────────────────────────────────────────────────────


[1A[2K[110/234] [chromium] › tests/e2e/temporal-header-status-smoke.spec.ts:7:1 › Temporal header shows page and optional status (smoke)
[1A[2K  65) [chromium] › tests/e2e/temporal-graphql-comprehensive.spec.ts:343:3 › 并发性能验证 › 并发时间点查询 ───────

    TimeoutError: page.click: Timeout 15000ms exceeded.
    Call log:
    [2m  - waiting for locator('tab:has-text("时间点查询")')[22m


      62 |
      63 |   async switchToTimePointTab() {
    > 64 |     await this.page.click('tab:has-text("时间点查询")');
         |                     ^
      65 |     await this.page.waitForSelector('[data-testid="timepoint-query"]', { timeout: 5000 });
      66 |   }
      67 |
        at TemporalTestHelper.switchToTimePointTab (/home/shangmeilin/cube-castle/frontend/tests/e2e/temporal-graphql-comprehensive.spec.ts:64:21)
        at /home/shangmeilin/cube-castle/frontend/tests/e2e/temporal-graphql-comprehensive.spec.ts:356:22
        at /home/shangmeilin/cube-castle/frontend/tests/e2e/temporal-graphql-comprehensive.spec.ts:351:21

    attachment #1: screenshot (image/png) ──────────────────────────────────────────────────────────
    test-results/temporal-graphql-comprehensive-并发性能验证-并发时间点查询-chromium/test-failed-1.png
    ────────────────────────────────────────────────────────────────────────────────────────────────

    attachment #2: screenshot (image/png) ──────────────────────────────────────────────────────────
    test-results/temporal-graphql-comprehensive-并发性能验证-并发时间点查询-chromium/test-failed-3.png
    ────────────────────────────────────────────────────────────────────────────────────────────────

    attachment #3: screenshot (image/png) ──────────────────────────────────────────────────────────
    test-results/temporal-graphql-comprehensive-并发性能验证-并发时间点查询-chromium/test-failed-2.png
    ────────────────────────────────────────────────────────────────────────────────────────────────

    Error Context: test-results/temporal-graphql-comprehensive-并发性能验证-并发时间点查询-chromium/error-context.md

    attachment #5: trace (application/zip) ─────────────────────────────────────────────────────────
    test-results/temporal-graphql-comprehensive-并发性能验证-并发时间点查询-chromium/trace.zip
    Usage:

        npx playwright show-trace test-results/temporal-graphql-comprehensive-并发性能验证-并发时间点查询-chromium/trace.zip

    ────────────────────────────────────────────────────────────────────────────────────────────────


[1A[2K[111/234] [chromium] › tests/e2e/temporal-management-integration.spec.ts:283:5 › 时态管理系统集成测试 › UI 场景 (需认证) › 组织列表可导航至组织详情页面
[1A[2K[112/234] [chromium] › tests/e2e/temporal-management-integration.spec.ts:301:5 › 时态管理系统集成测试 › UI 场景 (需认证) › 组织详情页面展示关键时态组件
[1A[2K[chromium] › tests/e2e/temporal-header-status-smoke.spec.ts:7:1 › Temporal header shows page and optional status (smoke)
✅ 认证设置已注入 localStorage

[1A[2K[113/234] [chromium] › tests/e2e/temporal-management-integration.spec.ts:311:3 › 时态管理系统集成测试 › GraphQL 版本列表契约校验
[1A[2K[chromium] › tests/e2e/temporal-management-integration.spec.ts:311:3 › 时态管理系统集成测试 › GraphQL 版本列表契约校验
✅ 发现活跃前端服务：http://localhost:3000

[1A[2K⚠️ Playwright E2E 将在 Mock 模式下运行（后端服务不可用）

[1A[2K[114/234] [chromium] › tests/e2e/temporal-management-integration.spec.ts:327:3 › 时态管理系统集成测试 › GraphQL asOf 查询支持指定时间点
[1A[2K[115/234] [chromium] › tests/e2e/temporal-management-integration.spec.ts:342:3 › 时态管理系统集成测试 › 命令服务拒绝未契约的 /temporal 路径
[1A[2K[chromium] › tests/e2e/temporal-management-integration.spec.ts:342:3 › 时态管理系统集成测试 › 命令服务拒绝未契约的 /temporal 路径
✅ 发现活跃前端服务：http://localhost:3000

[1A[2K⚠️ Playwright E2E 将在 Mock 模式下运行（后端服务不可用）

[1A[2K[116/234] [chromium] › tests/e2e/temporal-management-integration.spec.ts:351:3 › 时态管理系统集成测试 › 命令服务 /versions 缺少必填字段时返回验证错误
[1A[2K[117/234] [chromium] › tests/e2e/test-auth-fix.spec.ts:17:3 › 认证修复验证 › 验证页面可以成功加载
[1A[2K[chromium] › tests/e2e/test-auth-fix.spec.ts:17:3 › 认证修复验证 › 验证页面可以成功加载
✅ 认证设置已注入 localStorage

[1A[2K  66) [chromium] › tests/e2e/temporal-header-status-smoke.spec.ts:7:1 › Temporal header shows page and optional status (smoke) 

    Error: [2mexpect([22m[31mlocator[39m[2m).[22mtoBeVisible[2m([22m[2m)[22m failed

    Locator: getByTestId('temporal-master-detail-view')
    Expected: visible
    Timeout: 10000ms
    Error: element(s) not found

    Call log:
    [2m  - Expect "toBeVisible" with timeout 10000ms[22m
    [2m  - waiting for getByTestId('temporal-master-detail-view')[22m


      13 |
      14 |   // 稳定断言：主容器可见（而非依赖文案）
    > 15 |   await expect(page.getByTestId(temporalEntitySelectors.page.wrapper)).toBeVisible({ timeout: 10_000 });
         |                                                                        ^
      16 |
      17 |   // 可选弱断言：版本页签可见（使用 testid）
      18 |   // await expect(page.getByTestId(temporalEntitySelectors.position.tabId('versions'))).toBeVisible({ timeout: 10_000 });
        at /home/shangmeilin/cube-castle/frontend/tests/e2e/temporal-header-status-smoke.spec.ts:15:72

    attachment #1: screenshot (image/png) ──────────────────────────────────────────────────────────
    test-results/temporal-header-status-smo-2116a--and-optional-status-smoke--chromium/test-failed-1.png
    ────────────────────────────────────────────────────────────────────────────────────────────────

    attachment #2: video (video/webm) ──────────────────────────────────────────────────────────────
    test-results/temporal-header-status-smo-2116a--and-optional-status-smoke--chromium/video.webm
    ────────────────────────────────────────────────────────────────────────────────────────────────

    Error Context: test-results/temporal-header-status-smo-2116a--and-optional-status-smoke--chromium/error-context.md

    attachment #4: trace (application/zip) ─────────────────────────────────────────────────────────
    test-results/temporal-header-status-smo-2116a--and-optional-status-smoke--chromium/trace.zip
    Usage:

        npx playwright show-trace test-results/temporal-header-status-smo-2116a--and-optional-status-smoke--chromium/trace.zip

    ────────────────────────────────────────────────────────────────────────────────────────────────


[1A[2K[118/234] [firefox] › tests/e2e/activate-suspend-workflow.spec.ts:70:5 › 组织启用/停用工作流E2E测试 › 启用流程测试 › 应该成功启用组织 - 200响应
[1A[2K[119/234] [firefox] › tests/e2e/activate-suspend-workflow.spec.ts:97:5 › 组织启用/停用工作流E2E测试 › 启用流程测试 › 应该拒绝重复启用 - 409响应
[1A[2K[120/234] [firefox] › tests/e2e/activate-suspend-workflow.spec.ts:114:5 › 组织启用/停用工作流E2E测试 › 启用流程测试 › 应该支持未来生效日期
[1A[2K[121/234] [firefox] › tests/e2e/activate-suspend-workflow.spec.ts:131:5 › 组织启用/停用工作流E2E测试 › 启用流程测试 › 应该验证org:activate权限
[1A[2K[122/234] [firefox] › tests/e2e/activate-suspend-workflow.spec.ts:145:5 › 组织启用/停用工作流E2E测试 › 停用流程测试 › 应该成功停用组织 - 200响应
[1A[2K[123/234] [firefox] › tests/e2e/activate-suspend-workflow.spec.ts:166:5 › 组织启用/停用工作流E2E测试 › 停用流程测试 › 应该拒绝重复停用 - 409响应
[1A[2K[124/234] [firefox] › tests/e2e/activate-suspend-workflow.spec.ts:183:5 › 组织启用/停用工作流E2E测试 › 停用流程测试 › 应该验证org:suspend权限
[1A[2K[125/234] [firefox] › tests/e2e/activate-suspend-workflow.spec.ts:197:5 › 组织启用/停用工作流E2E测试 › 410弃用端点验证 › 应该对/reactivate返回410 Gone
[1A[2K[126/234] [firefox] › tests/e2e/architecture-e2e.spec.ts:13:3 › 重构后架构完整性验证 › Phase 1: 服务合并验证 - 双核心服务架构
[1A[2K  67) [chromium] › tests/e2e/test-auth-fix.spec.ts:17:3 › 认证修复验证 › 验证页面可以成功加载 ──────────────────────

    Error: [2mexpect([22m[31mlocator[39m[2m).[22mtoBeVisible[2m([22m[2m)[22m failed

    Locator: getByText('组织架构管理')
    Expected: visible
    Timeout: 10000ms
    Error: element(s) not found

    Call log:
    [2m  - Expect "toBeVisible" with timeout 10000ms[22m
    [2m  - waiting for getByText('组织架构管理')[22m


      12 |
      13 |     // 等待页面加载完成
    > 14 |     await expect(page.getByText('组织架构管理')).toBeVisible({ timeout: 10000 });
         |                                            ^
      15 |   });
      16 |
      17 |   test('验证页面可以成功加载', async ({ page }) => {
        at /home/shangmeilin/cube-castle/frontend/tests/e2e/test-auth-fix.spec.ts:14:44

    attachment #1: screenshot (image/png) ──────────────────────────────────────────────────────────
    test-results/test-auth-fix-认证修复验证-验证页面可以成功加载-chromium/test-failed-1.png
    ────────────────────────────────────────────────────────────────────────────────────────────────

    attachment #2: video (video/webm) ──────────────────────────────────────────────────────────────
    test-results/test-auth-fix-认证修复验证-验证页面可以成功加载-chromium/video.webm
    ────────────────────────────────────────────────────────────────────────────────────────────────

    Error Context: test-results/test-auth-fix-认证修复验证-验证页面可以成功加载-chromium/error-context.md

    attachment #4: trace (application/zip) ─────────────────────────────────────────────────────────
    test-results/test-auth-fix-认证修复验证-验证页面可以成功加载-chromium/trace.zip
    Usage:

        npx playwright show-trace test-results/test-auth-fix-认证修复验证-验证页面可以成功加载-chromium/trace.zip

    ────────────────────────────────────────────────────────────────────────────────────────────────


[1A[2K[127/234] [firefox] › tests/e2e/architecture-e2e.spec.ts:41:3 › 重构后架构完整性验证 › Phase 1: GraphQL统一查询接口验证
[1A[2K[firefox] › tests/e2e/architecture-e2e.spec.ts:13:3 › 重构后架构完整性验证 › Phase 1: 服务合并验证 - 双核心服务架构
✅ 认证设置已注入 localStorage

[1A[2K  68) [chromium] › tests/e2e/temporal-graphql-comprehensive.spec.ts:384:3 › 数据完整性验证 › 历史记录数据准确性 ────

    TimeoutError: page.click: Timeout 15000ms exceeded.
    Call log:
    [2m  - waiting for locator('tab:has-text("历史记录查看")')[22m


      57 |
      58 |   async switchToHistoryTab() {
    > 59 |     await this.page.click('tab:has-text("历史记录查看")');
         |                     ^
      60 |     await this.page.waitForSelector('[data-testid="history-records"]', { timeout: 5000 });
      61 |   }
      62 |
        at TemporalTestHelper.switchToHistoryTab (/home/shangmeilin/cube-castle/frontend/tests/e2e/temporal-graphql-comprehensive.spec.ts:59:21)
        at /home/shangmeilin/cube-castle/frontend/tests/e2e/temporal-graphql-comprehensive.spec.ts:387:18

    attachment #1: screenshot (image/png) ──────────────────────────────────────────────────────────
    test-results/temporal-graphql-comprehensive-数据完整性验证-历史记录数据准确性-chromium/test-failed-1.png
    ────────────────────────────────────────────────────────────────────────────────────────────────

    attachment #2: video (video/webm) ──────────────────────────────────────────────────────────────
    test-results/temporal-graphql-comprehensive-数据完整性验证-历史记录数据准确性-chromium/video.webm
    ────────────────────────────────────────────────────────────────────────────────────────────────

    Error Context: test-results/temporal-graphql-comprehensive-数据完整性验证-历史记录数据准确性-chromium/error-context.md

    attachment #4: trace (application/zip) ─────────────────────────────────────────────────────────
    test-results/temporal-graphql-comprehensive-数据完整性验证-历史记录数据准确性-chromium/trace.zip
    Usage:

        npx playwright show-trace test-results/temporal-graphql-comprehensive-数据完整性验证-历史记录数据准确性-chromium/trace.zip

    ────────────────────────────────────────────────────────────────────────────────────────────────


[1A[2K  69) [chromium] › tests/e2e/temporal-graphql-comprehensive.spec.ts:411:3 › 数据完整性验证 › 时间点查询数据准确性 ───

    TimeoutError: page.click: Timeout 15000ms exceeded.
    Call log:
    [2m  - waiting for locator('tab:has-text("时间点查询")')[22m


      62 |
      63 |   async switchToTimePointTab() {
    > 64 |     await this.page.click('tab:has-text("时间点查询")');
         |                     ^
      65 |     await this.page.waitForSelector('[data-testid="timepoint-query"]', { timeout: 5000 });
      66 |   }
      67 |
        at TemporalTestHelper.switchToTimePointTab (/home/shangmeilin/cube-castle/frontend/tests/e2e/temporal-graphql-comprehensive.spec.ts:64:21)
        at /home/shangmeilin/cube-castle/frontend/tests/e2e/temporal-graphql-comprehensive.spec.ts:414:18

    attachment #1: screenshot (image/png) ──────────────────────────────────────────────────────────
    test-results/temporal-graphql-comprehensive-数据完整性验证-时间点查询数据准确性-chromium/test-failed-1.png
    ────────────────────────────────────────────────────────────────────────────────────────────────

    attachment #2: video (video/webm) ──────────────────────────────────────────────────────────────
    test-results/temporal-graphql-comprehensive-数据完整性验证-时间点查询数据准确性-chromium/video.webm
    ────────────────────────────────────────────────────────────────────────────────────────────────

    Error Context: test-results/temporal-graphql-comprehensive-数据完整性验证-时间点查询数据准确性-chromium/error-context.md

    attachment #4: trace (application/zip) ─────────────────────────────────────────────────────────
    test-results/temporal-graphql-comprehensive-数据完整性验证-时间点查询数据准确性-chromium/trace.zip
    Usage:

        npx playwright show-trace test-results/temporal-graphql-comprehensive-数据完整性验证-时间点查询数据准确性-chromium/trace.zip

    ────────────────────────────────────────────────────────────────────────────────────────────────


[1A[2K[128/234] [firefox] › tests/e2e/architecture-e2e.spec.ts:93:3 › 重构后架构完整性验证 › Phase 1: 冗余服务移除验证
[1A[2K[firefox] › tests/e2e/architecture-e2e.spec.ts:41:3 › 重构后架构完整性验证 › Phase 1: GraphQL统一查询接口验证
✅ 认证设置已注入 localStorage

[1A[2K  70) [firefox] › tests/e2e/architecture-e2e.spec.ts:13:3 › 重构后架构完整性验证 › Phase 1: 服务合并验证 - 双核心服务架构 ─

    Error: [2mexpect([22m[31mreceived[39m[2m).[22mtoBe[2m([22m[32mexpected[39m[2m) // Object.is equality[22m

    Expected: [32m200[39m
    Received: [31m404[39m

      35 |
      36 |     // 断言服务健康状态
    > 37 |     expect(commandResponse.status).toBe(200);
         |                                    ^
      38 |     expect(queryResponse.status).toBe(200);
      39 |   });
      40 |
        at /home/shangmeilin/cube-castle/frontend/tests/e2e/architecture-e2e.spec.ts:37:36

    attachment #1: screenshot (image/png) ──────────────────────────────────────────────────────────
    test-results/architecture-e2e-重构后架构完整性验证-Phase-1-服务合并验证---双核心服务架构-firefox/test-failed-1.png
    ────────────────────────────────────────────────────────────────────────────────────────────────

    attachment #2: video (video/webm) ──────────────────────────────────────────────────────────────
    test-results/architecture-e2e-重构后架构完整性验证-Phase-1-服务合并验证---双核心服务架构-firefox/video.webm
    ────────────────────────────────────────────────────────────────────────────────────────────────

    Error Context: test-results/architecture-e2e-重构后架构完整性验证-Phase-1-服务合并验证---双核心服务架构-firefox/error-context.md

    attachment #4: trace (application/zip) ─────────────────────────────────────────────────────────
    test-results/architecture-e2e-重构后架构完整性验证-Phase-1-服务合并验证---双核心服务架构-firefox/trace.zip
    Usage:

        npx playwright show-trace test-results/architecture-e2e-重构后架构完整性验证-Phase-1-服务合并验证---双核心服务架构-firefox/trace.zip

    ────────────────────────────────────────────────────────────────────────────────────────────────


[1A[2K[129/234] [firefox] › tests/e2e/basic-functionality-test.spec.ts:30:3 › 时态管理系统基础功能验证 › 应用基础加载测试
[1A[2K[firefox] › tests/e2e/basic-functionality-test.spec.ts:30:3 › 时态管理系统基础功能验证 › 应用基础加载测试
✅ 发现活跃前端服务：http://localhost:3000

[1A[2K[130/234] [firefox] › tests/e2e/basic-functionality-test.spec.ts:91:3 › 时态管理系统基础功能验证 › 错误处理基础验证
[1A[2K[firefox] › tests/e2e/basic-functionality-test.spec.ts:91:3 › 时态管理系统基础功能验证 › 错误处理基础验证
✅ 发现活跃前端服务：http://localhost:3000

[1A[2K✅ 认证设置已注入 localStorage

[1A[2K[131/234] [firefox] › tests/e2e/basic-functionality-test.spec.ts:59:8 › 时态管理系统基础功能验证 › 测试页面功能验证
[1A[2K[132/234] [firefox] › tests/e2e/basic-functionality-test.spec.ts:74:3 › 时态管理系统基础功能验证 › 系统响应性测试
[1A[2K[firefox] › tests/e2e/basic-functionality-test.spec.ts:74:3 › 时态管理系统基础功能验证 › 系统响应性测试
✅ 发现活跃前端服务：http://localhost:3000

[1A[2K[firefox] › tests/e2e/architecture-e2e.spec.ts:93:3 › 重构后架构完整性验证 › Phase 1: 冗余服务移除验证
✅ 认证设置已注入 localStorage

[1A[2K[133/234] [firefox] › tests/e2e/business-flow-e2e.spec.ts:123:3 › 业务流程端到端测试 › 完整CRUD业务流程测试
[1A[2K[firefox] › tests/e2e/business-flow-e2e.spec.ts:123:3 › 业务流程端到端测试 › 完整CRUD业务流程测试
✅ 认证设置已注入 localStorage

[1A[2K[firefox] › tests/e2e/basic-functionality-test.spec.ts:30:3 › 时态管理系统基础功能验证 › 应用基础加载测试
✅ 认证设置已注入 localStorage

[1A[2K  71) [firefox] › tests/e2e/architecture-e2e.spec.ts:93:3 › 重构后架构完整性验证 › Phase 1: 冗余服务移除验证 ─────────

    Error: [2mexpect([22m[31mreceived[39m[2m).[22mtoBe[2m([22m[32mexpected[39m[2m) // Object.is equality[22m

    Expected: [32mfalse[39m
    Received: [31mtrue[39m

      114 |
      115 |       // 期望服务不可达（已移除）
    > 116 |       expect(response.reachable).toBe(false);
          |                                  ^
      117 |     }
      118 |   });
      119 | });
        at /home/shangmeilin/cube-castle/frontend/tests/e2e/architecture-e2e.spec.ts:116:34

    attachment #1: screenshot (image/png) ──────────────────────────────────────────────────────────
    test-results/architecture-e2e-重构后架构完整性验证-Phase-1-冗余服务移除验证-firefox/test-failed-1.png
    ────────────────────────────────────────────────────────────────────────────────────────────────

    attachment #2: video (video/webm) ──────────────────────────────────────────────────────────────
    test-results/architecture-e2e-重构后架构完整性验证-Phase-1-冗余服务移除验证-firefox/video.webm
    ────────────────────────────────────────────────────────────────────────────────────────────────

    Error Context: test-results/architecture-e2e-重构后架构完整性验证-Phase-1-冗余服务移除验证-firefox/error-context.md

    attachment #4: trace (application/zip) ─────────────────────────────────────────────────────────
    test-results/architecture-e2e-重构后架构完整性验证-Phase-1-冗余服务移除验证-firefox/trace.zip
    Usage:

        npx playwright show-trace test-results/architecture-e2e-重构后架构完整性验证-Phase-1-冗余服务移除验证-firefox/trace.zip

    ────────────────────────────────────────────────────────────────────────────────────────────────


[1A[2K[firefox] › tests/e2e/basic-functionality-test.spec.ts:74:3 › 时态管理系统基础功能验证 › 系统响应性测试
✅ 认证设置已注入 localStorage

[1A[2K[134/234] [firefox] › tests/e2e/business-flow-e2e.spec.ts:288:3 › 业务流程端到端测试 › 分页和筛选功能测试
[1A[2K[firefox] › tests/e2e/business-flow-e2e.spec.ts:288:3 › 业务流程端到端测试 › 分页和筛选功能测试
✅ 认证设置已注入 localStorage

[1A[2K  72) [firefox] › tests/e2e/business-flow-e2e.spec.ts:123:3 › 业务流程端到端测试 › 完整CRUD业务流程测试 ─────────────

    TimeoutError: page.waitForResponse: Timeout 15000ms exceeded while waiting for event "response"

       at utils/waitPatterns.ts:62

      60 |   const urlMatcher = options?.urlMatcher ?? DEFAULT_GRAPHQL_MATCHER;
      61 |
    > 62 |   await page.waitForResponse(
         |              ^
      63 |     response =>
      64 |       response.request().method() === 'POST' &&
      65 |       matchesUrl(response.url(), urlMatcher) &&
        at waitForGraphQL (/home/shangmeilin/cube-castle/frontend/tests/e2e/utils/waitPatterns.ts:62:14)
        at waitForOrganizationsResponse (/home/shangmeilin/cube-castle/frontend/tests/e2e/business-flow-e2e.spec.ts:10:54)
        at /home/shangmeilin/cube-castle/frontend/tests/e2e/business-flow-e2e.spec.ts:106:42

    attachment #1: screenshot (image/png) ──────────────────────────────────────────────────────────
    test-results/business-flow-e2e-业务流程端到端测试-完整CRUD业务流程测试-firefox/test-failed-1.png
    ────────────────────────────────────────────────────────────────────────────────────────────────

    attachment #2: video (video/webm) ──────────────────────────────────────────────────────────────
    test-results/business-flow-e2e-业务流程端到端测试-完整CRUD业务流程测试-firefox/video.webm
    ────────────────────────────────────────────────────────────────────────────────────────────────

    Error Context: test-results/business-flow-e2e-业务流程端到端测试-完整CRUD业务流程测试-firefox/error-context.md

    attachment #4: trace (application/zip) ─────────────────────────────────────────────────────────
    test-results/business-flow-e2e-业务流程端到端测试-完整CRUD业务流程测试-firefox/trace.zip
    Usage:

        npx playwright show-trace test-results/business-flow-e2e-业务流程端到端测试-完整CRUD业务流程测试-firefox/trace.zip

    ────────────────────────────────────────────────────────────────────────────────────────────────


[1A[2K[135/234] [firefox] › tests/e2e/business-flow-e2e.spec.ts:374:3 › 业务流程端到端测试 › 性能和响应时间测试
[1A[2K[firefox] › tests/e2e/business-flow-e2e.spec.ts:374:3 › 业务流程端到端测试 › 性能和响应时间测试
✅ 认证设置已注入 localStorage

[1A[2K  73) [firefox] › tests/e2e/basic-functionality-test.spec.ts:30:3 › 时态管理系统基础功能验证 › 应用基础加载测试 ────────

    Error: [2mexpect([22m[31mlocator[39m[2m).[22mtoBeVisible[2m([22m[2m)[22m failed

    Locator: getByTestId('temporal-organization-dashboard')
    Expected: visible
    Timeout: 15000ms
    Error: element(s) not found

    Call log:
    [2m  - Expect "toBeVisible" with timeout 15000ms[22m
    [2m  - waiting for getByTestId('temporal-organization-dashboard')[22m


      31 |     const startTime = Date.now();
      32 |     await page.goto(BASE_URL);
    > 33 |     await expect(page.getByTestId(temporalEntitySelectors.organization.dashboard)).toBeVisible({ timeout: 15000 });
         |                                                                                    ^
      34 |     const loadTime = Date.now() - startTime;
      35 |
      36 |     expect(loadTime).toBeLessThan(15000);
        at /home/shangmeilin/cube-castle/frontend/tests/e2e/basic-functionality-test.spec.ts:33:84

    attachment #1: screenshot (image/png) ──────────────────────────────────────────────────────────
    test-results/basic-functionality-test-时态管理系统基础功能验证-应用基础加载测试-firefox/test-failed-1.png
    ────────────────────────────────────────────────────────────────────────────────────────────────

    attachment #2: video (video/webm) ──────────────────────────────────────────────────────────────
    test-results/basic-functionality-test-时态管理系统基础功能验证-应用基础加载测试-firefox/video.webm
    ────────────────────────────────────────────────────────────────────────────────────────────────

    Error Context: test-results/basic-functionality-test-时态管理系统基础功能验证-应用基础加载测试-firefox/error-context.md

    attachment #4: trace (application/zip) ─────────────────────────────────────────────────────────
    test-results/basic-functionality-test-时态管理系统基础功能验证-应用基础加载测试-firefox/trace.zip
    Usage:

        npx playwright show-trace test-results/basic-functionality-test-时态管理系统基础功能验证-应用基础加载测试-firefox/trace.zip

    ────────────────────────────────────────────────────────────────────────────────────────────────


[1A[2K  74) [firefox] › tests/e2e/basic-functionality-test.spec.ts:74:3 › 时态管理系统基础功能验证 › 系统响应性测试 ─────────

    Error: [2mexpect([22m[31mlocator[39m[2m).[22mtoBeVisible[2m([22m[2m)[22m failed

    Locator: getByTestId('temporal-organization-dashboard')
    Expected: visible
    Timeout: 15000ms
    Error: element(s) not found

    Call log:
    [2m  - Expect "toBeVisible" with timeout 15000ms[22m
    [2m  - waiting for getByTestId('temporal-organization-dashboard')[22m


      74 |   test('系统响应性测试', async ({ page }) => {
      75 |     await page.goto(BASE_URL);
    > 76 |     await expect(page.getByTestId(temporalEntitySelectors.organization.dashboard)).toBeVisible({ timeout: 15000 });
         |                                                                                    ^
      77 |
      78 |     const buttons = page.locator('button:visible');
      79 |     const buttonCount = await buttons.count();
        at /home/shangmeilin/cube-castle/frontend/tests/e2e/basic-functionality-test.spec.ts:76:84

    attachment #1: screenshot (image/png) ──────────────────────────────────────────────────────────
    test-results/basic-functionality-test-时态管理系统基础功能验证-系统响应性测试-firefox/test-failed-1.png
    ────────────────────────────────────────────────────────────────────────────────────────────────

    attachment #2: video (video/webm) ──────────────────────────────────────────────────────────────
    test-results/basic-functionality-test-时态管理系统基础功能验证-系统响应性测试-firefox/video.webm
    ────────────────────────────────────────────────────────────────────────────────────────────────

    Error Context: test-results/basic-functionality-test-时态管理系统基础功能验证-系统响应性测试-firefox/error-context.md

    attachment #4: trace (application/zip) ─────────────────────────────────────────────────────────
    test-results/basic-functionality-test-时态管理系统基础功能验证-系统响应性测试-firefox/trace.zip
    Usage:

        npx playwright show-trace test-results/basic-functionality-test-时态管理系统基础功能验证-系统响应性测试-firefox/trace.zip

    ────────────────────────────────────────────────────────────────────────────────────────────────


[1A[2K[136/234] [firefox] › tests/e2e/basic-functionality-test.spec.ts:42:3 › 时态管理系统基础功能验证 › 组织管理页面可访问
[1A[2K[firefox] › tests/e2e/basic-functionality-test.spec.ts:42:3 › 时态管理系统基础功能验证 › 组织管理页面可访问
✅ 发现活跃前端服务：http://localhost:3000

[1A[2K[137/234] [firefox] › tests/e2e/business-flow-e2e.spec.ts:417:3 › 业务流程端到端测试 › 错误处理和恢复测试
[1A[2K  75) [firefox] › tests/e2e/business-flow-e2e.spec.ts:288:3 › 业务流程端到端测试 › 分页和筛选功能测试 ────────────────

    TimeoutError: page.waitForResponse: Timeout 15000ms exceeded while waiting for event "response"

       at utils/waitPatterns.ts:62

      60 |   const urlMatcher = options?.urlMatcher ?? DEFAULT_GRAPHQL_MATCHER;
      61 |
    > 62 |   await page.waitForResponse(
         |              ^
      63 |     response =>
      64 |       response.request().method() === 'POST' &&
      65 |       matchesUrl(response.url(), urlMatcher) &&
        at waitForGraphQL (/home/shangmeilin/cube-castle/frontend/tests/e2e/utils/waitPatterns.ts:62:14)
        at waitForOrganizationsResponse (/home/shangmeilin/cube-castle/frontend/tests/e2e/business-flow-e2e.spec.ts:10:54)
        at /home/shangmeilin/cube-castle/frontend/tests/e2e/business-flow-e2e.spec.ts:106:42

    attachment #1: screenshot (image/png) ──────────────────────────────────────────────────────────
    test-results/business-flow-e2e-业务流程端到端测试-分页和筛选功能测试-firefox/test-failed-1.png
    ────────────────────────────────────────────────────────────────────────────────────────────────

    attachment #2: video (video/webm) ──────────────────────────────────────────────────────────────
    test-results/business-flow-e2e-业务流程端到端测试-分页和筛选功能测试-firefox/video.webm
    ────────────────────────────────────────────────────────────────────────────────────────────────

    Error Context: test-results/business-flow-e2e-业务流程端到端测试-分页和筛选功能测试-firefox/error-context.md

    attachment #4: trace (application/zip) ─────────────────────────────────────────────────────────
    test-results/business-flow-e2e-业务流程端到端测试-分页和筛选功能测试-firefox/trace.zip
    Usage:

        npx playwright show-trace test-results/business-flow-e2e-业务流程端到端测试-分页和筛选功能测试-firefox/trace.zip

    ────────────────────────────────────────────────────────────────────────────────────────────────


[1A[2K✅ 认证设置已注入 localStorage

[1A[2K[138/234] [firefox] › tests/e2e/business-flow-e2e.spec.ts:453:3 › 业务流程端到端测试 › 数据一致性验证测试
[1A[2K[firefox] › tests/e2e/business-flow-e2e.spec.ts:417:3 › 业务流程端到端测试 › 错误处理和恢复测试
✅ 认证设置已注入 localStorage

[1A[2K[firefox] › tests/e2e/business-flow-e2e.spec.ts:453:3 › 业务流程端到端测试 › 数据一致性验证测试
✅ 认证设置已注入 localStorage

[1A[2K  76) [firefox] › tests/e2e/business-flow-e2e.spec.ts:374:3 › 业务流程端到端测试 › 性能和响应时间测试 ────────────────

    TimeoutError: page.waitForResponse: Timeout 15000ms exceeded while waiting for event "response"

       at utils/waitPatterns.ts:62

      60 |   const urlMatcher = options?.urlMatcher ?? DEFAULT_GRAPHQL_MATCHER;
      61 |
    > 62 |   await page.waitForResponse(
         |              ^
      63 |     response =>
      64 |       response.request().method() === 'POST' &&
      65 |       matchesUrl(response.url(), urlMatcher) &&
        at waitForGraphQL (/home/shangmeilin/cube-castle/frontend/tests/e2e/utils/waitPatterns.ts:62:14)
        at waitForOrganizationsResponse (/home/shangmeilin/cube-castle/frontend/tests/e2e/business-flow-e2e.spec.ts:10:54)
        at /home/shangmeilin/cube-castle/frontend/tests/e2e/business-flow-e2e.spec.ts:106:42

    attachment #1: screenshot (image/png) ──────────────────────────────────────────────────────────
    test-results/business-flow-e2e-业务流程端到端测试-性能和响应时间测试-firefox/test-failed-1.png
    ────────────────────────────────────────────────────────────────────────────────────────────────

    attachment #2: video (video/webm) ──────────────────────────────────────────────────────────────
    test-results/business-flow-e2e-业务流程端到端测试-性能和响应时间测试-firefox/video.webm
    ────────────────────────────────────────────────────────────────────────────────────────────────

    Error Context: test-results/business-flow-e2e-业务流程端到端测试-性能和响应时间测试-firefox/error-context.md

    attachment #4: trace (application/zip) ─────────────────────────────────────────────────────────
    test-results/business-flow-e2e-业务流程端到端测试-性能和响应时间测试-firefox/trace.zip
    Usage:

        npx playwright show-trace test-results/business-flow-e2e-业务流程端到端测试-性能和响应时间测试-firefox/trace.zip

    ────────────────────────────────────────────────────────────────────────────────────────────────


[1A[2K[139/234] [firefox] › tests/e2e/canvas-e2e.spec.ts:14:3 › Canvas UI 基础体验 › 应用外壳渲染与导航
[1A[2K[firefox] › tests/e2e/canvas-e2e.spec.ts:14:3 › Canvas UI 基础体验 › 应用外壳渲染与导航
✅ 认证设置已注入 localStorage

[1A[2K  77) [firefox] › tests/e2e/business-flow-e2e.spec.ts:417:3 › 业务流程端到端测试 › 错误处理和恢复测试 ────────────────

    TimeoutError: page.waitForResponse: Timeout 15000ms exceeded while waiting for event "response"

       at utils/waitPatterns.ts:62

      60 |   const urlMatcher = options?.urlMatcher ?? DEFAULT_GRAPHQL_MATCHER;
      61 |
    > 62 |   await page.waitForResponse(
         |              ^
      63 |     response =>
      64 |       response.request().method() === 'POST' &&
      65 |       matchesUrl(response.url(), urlMatcher) &&
        at waitForGraphQL (/home/shangmeilin/cube-castle/frontend/tests/e2e/utils/waitPatterns.ts:62:14)
        at waitForOrganizationsResponse (/home/shangmeilin/cube-castle/frontend/tests/e2e/business-flow-e2e.spec.ts:10:54)
        at /home/shangmeilin/cube-castle/frontend/tests/e2e/business-flow-e2e.spec.ts:106:42

    attachment #1: screenshot (image/png) ──────────────────────────────────────────────────────────
    test-results/business-flow-e2e-业务流程端到端测试-错误处理和恢复测试-firefox/test-failed-1.png
    ────────────────────────────────────────────────────────────────────────────────────────────────

    attachment #2: video (video/webm) ──────────────────────────────────────────────────────────────
    test-results/business-flow-e2e-业务流程端到端测试-错误处理和恢复测试-firefox/video.webm
    ────────────────────────────────────────────────────────────────────────────────────────────────

    Error Context: test-results/business-flow-e2e-业务流程端到端测试-错误处理和恢复测试-firefox/error-context.md

    attachment #4: trace (application/zip) ─────────────────────────────────────────────────────────
    test-results/business-flow-e2e-业务流程端到端测试-错误处理和恢复测试-firefox/trace.zip
    Usage:

        npx playwright show-trace test-results/business-flow-e2e-业务流程端到端测试-错误处理和恢复测试-firefox/trace.zip

    ────────────────────────────────────────────────────────────────────────────────────────────────


[1A[2K[140/234] [firefox] › tests/e2e/canvas-e2e.spec.ts:26:3 › Canvas UI 基础体验 › 导航跳转至组织列表
[1A[2K  78) [firefox] › tests/e2e/basic-functionality-test.spec.ts:42:3 › 时态管理系统基础功能验证 › 组织管理页面可访问 ───────

    Error: [2mexpect([22m[31mlocator[39m[2m).[22mtoBeVisible[2m([22m[2m)[22m failed

    Locator: getByTestId('temporal-organization-dashboard')
    Expected: visible
    Timeout: 15000ms
    Error: element(s) not found

    Call log:
    [2m  - Expect "toBeVisible" with timeout 15000ms[22m
    [2m  - waiting for getByTestId('temporal-organization-dashboard')[22m


      45 |
      46 |     // 等待组织dashboard加载完成
    > 47 |     await expect(page.getByTestId(temporalEntitySelectors.organization.dashboard)).toBeVisible({ timeout: 15000 });
         |                                                                                    ^
      48 |
      49 |     // 等待加载状态消失
      50 |     await page.waitForSelector('text=加载组织数据中...', { state: 'detached', timeout: 15000 }).catch(() => {
        at /home/shangmeilin/cube-castle/frontend/tests/e2e/basic-functionality-test.spec.ts:47:84

    attachment #1: screenshot (image/png) ──────────────────────────────────────────────────────────
    test-results/basic-functionality-test-时态管理系统基础功能验证-组织管理页面可访问-firefox/test-failed-1.png
    ────────────────────────────────────────────────────────────────────────────────────────────────

    attachment #2: video (video/webm) ──────────────────────────────────────────────────────────────
    test-results/basic-functionality-test-时态管理系统基础功能验证-组织管理页面可访问-firefox/video.webm
    ────────────────────────────────────────────────────────────────────────────────────────────────

    Error Context: test-results/basic-functionality-test-时态管理系统基础功能验证-组织管理页面可访问-firefox/error-context.md

    attachment #4: trace (application/zip) ─────────────────────────────────────────────────────────
    test-results/basic-functionality-test-时态管理系统基础功能验证-组织管理页面可访问-firefox/trace.zip
    Usage:

        npx playwright show-trace test-results/basic-functionality-test-时态管理系统基础功能验证-组织管理页面可访问-firefox/trace.zip

    ────────────────────────────────────────────────────────────────────────────────────────────────


[1A[2K  79) [firefox] › tests/e2e/business-flow-e2e.spec.ts:453:3 › 业务流程端到端测试 › 数据一致性验证测试 ────────────────

    TimeoutError: page.waitForResponse: Timeout 15000ms exceeded while waiting for event "response"

       at utils/waitPatterns.ts:62

      60 |   const urlMatcher = options?.urlMatcher ?? DEFAULT_GRAPHQL_MATCHER;
      61 |
    > 62 |   await page.waitForResponse(
         |              ^
      63 |     response =>
      64 |       response.request().method() === 'POST' &&
      65 |       matchesUrl(response.url(), urlMatcher) &&
        at waitForGraphQL (/home/shangmeilin/cube-castle/frontend/tests/e2e/utils/waitPatterns.ts:62:14)
        at waitForOrganizationsResponse (/home/shangmeilin/cube-castle/frontend/tests/e2e/business-flow-e2e.spec.ts:10:54)
        at /home/shangmeilin/cube-castle/frontend/tests/e2e/business-flow-e2e.spec.ts:106:42

    attachment #1: screenshot (image/png) ──────────────────────────────────────────────────────────
    test-results/business-flow-e2e-业务流程端到端测试-数据一致性验证测试-firefox/test-failed-1.png
    ────────────────────────────────────────────────────────────────────────────────────────────────

    attachment #2: video (video/webm) ──────────────────────────────────────────────────────────────
    test-results/business-flow-e2e-业务流程端到端测试-数据一致性验证测试-firefox/video.webm
    ────────────────────────────────────────────────────────────────────────────────────────────────

    Error Context: test-results/business-flow-e2e-业务流程端到端测试-数据一致性验证测试-firefox/error-context.md

    attachment #4: trace (application/zip) ─────────────────────────────────────────────────────────
    test-results/business-flow-e2e-业务流程端到端测试-数据一致性验证测试-firefox/trace.zip
    Usage:

        npx playwright show-trace test-results/business-flow-e2e-业务流程端到端测试-数据一致性验证测试-firefox/trace.zip

    ────────────────────────────────────────────────────────────────────────────────────────────────


[1A[2K[141/234] [firefox] › tests/e2e/canvas-e2e.spec.ts:37:3 › Canvas UI 基础体验 › 组织表格加载
[1A[2K[142/234] [firefox] › tests/e2e/canvas-e2e.spec.ts:54:3 › Canvas UI 基础体验 › 响应式布局
[1A[2K[firefox] › tests/e2e/canvas-e2e.spec.ts:26:3 › Canvas UI 基础体验 › 导航跳转至组织列表
✅ 认证设置已注入 localStorage

[1A[2K[firefox] › tests/e2e/canvas-e2e.spec.ts:37:3 › Canvas UI 基础体验 › 组织表格加载
✅ 认证设置已注入 localStorage

[1A[2K[firefox] › tests/e2e/canvas-e2e.spec.ts:54:3 › Canvas UI 基础体验 › 响应式布局
✅ 认证设置已注入 localStorage

[1A[2K  80) [firefox] › tests/e2e/canvas-e2e.spec.ts:14:3 › Canvas UI 基础体验 › 应用外壳渲染与导航 ───────────────────

    Error: [2mexpect([22m[31mlocator[39m[2m).[22mtoBeVisible[2m([22m[2m)[22m failed

    Locator: locator('[data-testid="temporal-organization-dashboard"]')
    Expected: visible
    Timeout: 15000ms
    Error: element(s) not found

    Call log:
    [2m  - Expect "toBeVisible" with timeout 15000ms[22m
    [2m  - waiting for locator('[data-testid="temporal-organization-dashboard"]')[22m


       9 |     await setupAuth(page);
      10 |     await page.goto('/');
    > 11 |     await expect(page.locator(`[data-testid="${DASHBOARD_TESTID}"]`)).toBeVisible({ timeout: 15000 });
         |                                                                       ^
      12 |   });
      13 |
      14 |   test('应用外壳渲染与导航', async ({ page }) => {
        at /home/shangmeilin/cube-castle/frontend/tests/e2e/canvas-e2e.spec.ts:11:71

    attachment #1: screenshot (image/png) ──────────────────────────────────────────────────────────
    test-results/canvas-e2e-Canvas-UI-基础体验-应用外壳渲染与导航-firefox/test-failed-1.png
    ────────────────────────────────────────────────────────────────────────────────────────────────

    attachment #2: video (video/webm) ──────────────────────────────────────────────────────────────
    test-results/canvas-e2e-Canvas-UI-基础体验-应用外壳渲染与导航-firefox/video.webm
    ────────────────────────────────────────────────────────────────────────────────────────────────

    Error Context: test-results/canvas-e2e-Canvas-UI-基础体验-应用外壳渲染与导航-firefox/error-context.md

    attachment #4: trace (application/zip) ─────────────────────────────────────────────────────────
    test-results/canvas-e2e-Canvas-UI-基础体验-应用外壳渲染与导航-firefox/trace.zip
    Usage:

        npx playwright show-trace test-results/canvas-e2e-Canvas-UI-基础体验-应用外壳渲染与导航-firefox/trace.zip

    ────────────────────────────────────────────────────────────────────────────────────────────────


[1A[2K[143/234] [firefox] › tests/e2e/canvas-e2e.spec.ts:67:3 › Canvas UI 基础体验 › 主要操作按钮具有 Canvas 样式
[1A[2K[firefox] › tests/e2e/canvas-e2e.spec.ts:67:3 › Canvas UI 基础体验 › 主要操作按钮具有 Canvas 样式
✅ 认证设置已注入 localStorage

[1A[2K  81) [firefox] › tests/e2e/canvas-e2e.spec.ts:26:3 › Canvas UI 基础体验 › 导航跳转至组织列表 ───────────────────

    Error: [2mexpect([22m[31mlocator[39m[2m).[22mtoBeVisible[2m([22m[2m)[22m failed

    Locator: locator('[data-testid="temporal-organization-dashboard"]')
    Expected: visible
    Timeout: 15000ms
    Error: element(s) not found

    Call log:
    [2m  - Expect "toBeVisible" with timeout 15000ms[22m
    [2m  - waiting for locator('[data-testid="temporal-organization-dashboard"]')[22m


       9 |     await setupAuth(page);
      10 |     await page.goto('/');
    > 11 |     await expect(page.locator(`[data-testid="${DASHBOARD_TESTID}"]`)).toBeVisible({ timeout: 15000 });
         |                                                                       ^
      12 |   });
      13 |
      14 |   test('应用外壳渲染与导航', async ({ page }) => {
        at /home/shangmeilin/cube-castle/frontend/tests/e2e/canvas-e2e.spec.ts:11:71

    attachment #1: screenshot (image/png) ──────────────────────────────────────────────────────────
    test-results/canvas-e2e-Canvas-UI-基础体验-导航跳转至组织列表-firefox/test-failed-1.png
    ────────────────────────────────────────────────────────────────────────────────────────────────

    attachment #2: video (video/webm) ──────────────────────────────────────────────────────────────
    test-results/canvas-e2e-Canvas-UI-基础体验-导航跳转至组织列表-firefox/video.webm
    ────────────────────────────────────────────────────────────────────────────────────────────────

    Error Context: test-results/canvas-e2e-Canvas-UI-基础体验-导航跳转至组织列表-firefox/error-context.md

    attachment #4: trace (application/zip) ─────────────────────────────────────────────────────────
    test-results/canvas-e2e-Canvas-UI-基础体验-导航跳转至组织列表-firefox/trace.zip
    Usage:

        npx playwright show-trace test-results/canvas-e2e-Canvas-UI-基础体验-导航跳转至组织列表-firefox/trace.zip

    ────────────────────────────────────────────────────────────────────────────────────────────────


[1A[2K[144/234] [firefox] › tests/e2e/canvas-e2e.spec.ts:73:3 › Canvas UI 基础体验 › 统计数据与表格行展示
[1A[2K  82) [firefox] › tests/e2e/canvas-e2e.spec.ts:37:3 › Canvas UI 基础体验 › 组织表格加载 ──────────────────────

    Error: [2mexpect([22m[31mlocator[39m[2m).[22mtoBeVisible[2m([22m[2m)[22m failed

    Locator: locator('[data-testid="temporal-organization-dashboard"]')
    Expected: visible
    Timeout: 15000ms
    Error: element(s) not found

    Call log:
    [2m  - Expect "toBeVisible" with timeout 15000ms[22m
    [2m  - waiting for locator('[data-testid="temporal-organization-dashboard"]')[22m


       9 |     await setupAuth(page);
      10 |     await page.goto('/');
    > 11 |     await expect(page.locator(`[data-testid="${DASHBOARD_TESTID}"]`)).toBeVisible({ timeout: 15000 });
         |                                                                       ^
      12 |   });
      13 |
      14 |   test('应用外壳渲染与导航', async ({ page }) => {
        at /home/shangmeilin/cube-castle/frontend/tests/e2e/canvas-e2e.spec.ts:11:71

    attachment #1: screenshot (image/png) ──────────────────────────────────────────────────────────
    test-results/canvas-e2e-Canvas-UI-基础体验-组织表格加载-firefox/test-failed-1.png
    ────────────────────────────────────────────────────────────────────────────────────────────────

    attachment #2: video (video/webm) ──────────────────────────────────────────────────────────────
    test-results/canvas-e2e-Canvas-UI-基础体验-组织表格加载-firefox/video.webm
    ────────────────────────────────────────────────────────────────────────────────────────────────

    Error Context: test-results/canvas-e2e-Canvas-UI-基础体验-组织表格加载-firefox/error-context.md

    attachment #4: trace (application/zip) ─────────────────────────────────────────────────────────
    test-results/canvas-e2e-Canvas-UI-基础体验-组织表格加载-firefox/trace.zip
    Usage:

        npx playwright show-trace test-results/canvas-e2e-Canvas-UI-基础体验-组织表格加载-firefox/trace.zip

    ────────────────────────────────────────────────────────────────────────────────────────────────


[1A[2K  83) [firefox] › tests/e2e/canvas-e2e.spec.ts:54:3 › Canvas UI 基础体验 › 响应式布局 ───────────────────────

    Error: [2mexpect([22m[31mlocator[39m[2m).[22mtoBeVisible[2m([22m[2m)[22m failed

    Locator: locator('[data-testid="temporal-organization-dashboard"]')
    Expected: visible
    Timeout: 15000ms
    Error: element(s) not found

    Call log:
    [2m  - Expect "toBeVisible" with timeout 15000ms[22m
    [2m  - waiting for locator('[data-testid="temporal-organization-dashboard"]')[22m


       9 |     await setupAuth(page);
      10 |     await page.goto('/');
    > 11 |     await expect(page.locator(`[data-testid="${DASHBOARD_TESTID}"]`)).toBeVisible({ timeout: 15000 });
         |                                                                       ^
      12 |   });
      13 |
      14 |   test('应用外壳渲染与导航', async ({ page }) => {
        at /home/shangmeilin/cube-castle/frontend/tests/e2e/canvas-e2e.spec.ts:11:71

    attachment #1: screenshot (image/png) ──────────────────────────────────────────────────────────
    test-results/canvas-e2e-Canvas-UI-基础体验-响应式布局-firefox/test-failed-1.png
    ────────────────────────────────────────────────────────────────────────────────────────────────

    attachment #2: video (video/webm) ──────────────────────────────────────────────────────────────
    test-results/canvas-e2e-Canvas-UI-基础体验-响应式布局-firefox/video.webm
    ────────────────────────────────────────────────────────────────────────────────────────────────

    Error Context: test-results/canvas-e2e-Canvas-UI-基础体验-响应式布局-firefox/error-context.md

    attachment #4: trace (application/zip) ─────────────────────────────────────────────────────────
    test-results/canvas-e2e-Canvas-UI-基础体验-响应式布局-firefox/trace.zip
    Usage:

        npx playwright show-trace test-results/canvas-e2e-Canvas-UI-基础体验-响应式布局-firefox/trace.zip

    ────────────────────────────────────────────────────────────────────────────────────────────────


[1A[2K[145/234] [firefox] › tests/e2e/cqrs-protocol-separation.spec.ts:55:3 › CQRS协议分离验证 › 🚫 命令端应拒绝GET查询请求
[1A[2K[firefox] › tests/e2e/cqrs-protocol-separation.spec.ts:55:3 › CQRS协议分离验证 › 🚫 命令端应拒绝GET查询请求
🚀 开始CQRS架构协议分离测试

[1A[2K✅ 已加载认证令牌用于CQRS验证

[1A[2K测试: 命令端拒绝GET查询

[1A[2K✅ 命令端正确拒绝GET查询请求 (HTTP 401)

[1A[2K[146/234] [firefox] › tests/e2e/cqrs-protocol-separation.spec.ts:68:3 › CQRS协议分离验证 › 🚫 命令端应拒绝单个组织查询
[1A[2K[firefox] › tests/e2e/cqrs-protocol-separation.spec.ts:68:3 › CQRS协议分离验证 › 🚫 命令端应拒绝单个组织查询
测试: 命令端拒绝单个组织查询

[1A[2K✅ 命令端正确拒绝单个组织查询请求 (HTTP 401)

[1A[2K[147/234] [firefox] › tests/e2e/cqrs-protocol-separation.spec.ts:79:3 › CQRS协议分离验证 › ✅ 命令端应支持POST创建操作
[1A[2K[firefox] › tests/e2e/cqrs-protocol-separation.spec.ts:79:3 › CQRS协议分离验证 › ✅ 命令端应支持POST创建操作
测试: 命令端支持POST创建

[1A[2K[firefox] › tests/e2e/canvas-e2e.spec.ts:73:3 › Canvas UI 基础体验 › 统计数据与表格行展示
✅ 认证设置已注入 localStorage

[1A[2K[firefox] › tests/e2e/cqrs-protocol-separation.spec.ts:79:3 › CQRS协议分离验证 › ✅ 命令端应支持POST创建操作
❌ 创建组织失败，状态码: [33m500[39m 响应: {"success":false,"error":{"code":"CREATE_ERROR","message":"创建操作失败","details":{"operation":"CREATE","retryable":false}},"timestamp":"2025-11-24T06:48:41Z","requestId":"83c65ab9-249a-4617-9734-7e476643eba9"}


[1A[2K🏁 CQRS协议分离测试完成

[1A[2K📊 测试结果总结:

[1A[2K  ✅ 命令端正确拒绝查询操作

[1A[2K  ✅ 查询端正确拒绝命令操作

[1A[2K  ✅ 协议分离严格执行

[1A[2K  ✅ CQRS架构符合设计规范

[1A[2K  84) [firefox] › tests/e2e/cqrs-protocol-separation.spec.ts:79:3 › CQRS协议分离验证 › ✅ 命令端应支持POST创建操作 ──

    Error: [2mexpect([22m[31mreceived[39m[2m).[22mtoBe[2m([22m[32mexpected[39m[2m) // Object.is equality[22m

    Expected: [32m201[39m
    Received: [31m500[39m

       97 |       console.warn('❌ 创建组织失败，状态码:', response.status(), '响应:', await response.text());
       98 |     }
    >  99 |     expect(response.status()).toBe(201);
          |                               ^
      100 |     
      101 |     const body = await response.json();
      102 |     expect(body.success).toBeTruthy();
        at /home/shangmeilin/cube-castle/frontend/tests/e2e/cqrs-protocol-separation.spec.ts:99:31

    attachment #1: trace (application/zip) ─────────────────────────────────────────────────────────
    test-results/cqrs-protocol-separation-CQRS协议分离验证-✅-命令端应支持POST创建操作-firefox/trace.zip
    Usage:

        npx playwright show-trace test-results/cqrs-protocol-separation-CQRS协议分离验证-✅-命令端应支持POST创建操作-firefox/trace.zip

    ────────────────────────────────────────────────────────────────────────────────────────────────


[1A[2K[148/234] [firefox] › tests/e2e/cqrs-protocol-separation.spec.ts:111:3 › CQRS协议分离验证 › 🚫 查询端应拒绝POST命令请求
[1A[2K[firefox] › tests/e2e/cqrs-protocol-separation.spec.ts:111:3 › CQRS协议分离验证 › 🚫 查询端应拒绝POST命令请求
🚀 开始CQRS架构协议分离测试

[1A[2K✅ 已加载认证令牌用于CQRS验证

[1A[2K测试: 查询端拒绝POST命令

[1A[2K🏁 CQRS协议分离测试完成

[1A[2K📊 测试结果总结:

[1A[2K  ✅ 命令端正确拒绝查询操作

[1A[2K  ✅ 查询端正确拒绝命令操作

[1A[2K  ✅ 协议分离严格执行

[1A[2K  ✅ CQRS架构符合设计规范

[1A[2K  85) [firefox] › tests/e2e/cqrs-protocol-separation.spec.ts:111:3 › CQRS协议分离验证 › 🚫 查询端应拒绝POST命令请求 

    Error: [2mexpect([22m[31mreceived[39m[2m).[22mtoBe[2m([22m[32mexpected[39m[2m) // Object.is equality[22m

    Expected: [32m404[39m
    Received: [31m401[39m

      122 |
      123 |     // 查询端应该不存在此端点
    > 124 |     expect(response.status()).toBe(404);
          |                               ^
      125 |     
      126 |     console.log('✅ 查询端正确拒绝POST命令请求');
      127 |   });
        at /home/shangmeilin/cube-castle/frontend/tests/e2e/cqrs-protocol-separation.spec.ts:124:31

    attachment #1: trace (application/zip) ─────────────────────────────────────────────────────────
    test-results/cqrs-protocol-separation-CQRS协议分离验证-🚫-查询端应拒绝POST命令请求-firefox/trace.zip
    Usage:

        npx playwright show-trace test-results/cqrs-protocol-separation-CQRS协议分离验证-🚫-查询端应拒绝POST命令请求-firefox/trace.zip

    ────────────────────────────────────────────────────────────────────────────────────────────────


[1A[2K[149/234] [firefox] › tests/e2e/cqrs-protocol-separation.spec.ts:155:3 › CQRS协议分离验证 › ✅ 查询端应支持GraphQL查询
[1A[2K[firefox] › tests/e2e/cqrs-protocol-separation.spec.ts:155:3 › CQRS协议分离验证 › ✅ 查询端应支持GraphQL查询
🚀 开始CQRS架构协议分离测试

[1A[2K✅ 已加载认证令牌用于CQRS验证

[1A[2K测试: 查询端支持GraphQL查询

[1A[2K✅ 查询端正确支持GraphQL查询

[1A[2K📊 查询到 5 个组织

[1A[2K[150/234] [firefox] › tests/e2e/cqrs-protocol-separation.spec.ts:187:3 › CQRS协议分离验证 › ✅ 查询端应支持单个组织GraphQL查询
[1A[2K[firefox] › tests/e2e/cqrs-protocol-separation.spec.ts:187:3 › CQRS协议分离验证 › ✅ 查询端应支持单个组织GraphQL查询
测试: 查询端支持单个组织GraphQL查询

[1A[2K📋 使用组织代码: 1000000

[1A[2K✅ 查询端正确支持单个组织GraphQL查询

[1A[2K[151/234] [firefox] › tests/e2e/cqrs-protocol-separation.spec.ts:245:3 › CQRS协议分离验证 › ✅ 查询端应支持组织统计GraphQL查询
[1A[2K[firefox] › tests/e2e/cqrs-protocol-separation.spec.ts:245:3 › CQRS协议分离验证 › ✅ 查询端应支持组织统计GraphQL查询
测试: 查询端支持组织统计查询

[1A[2K✅ 查询端正确支持组织统计GraphQL查询

[1A[2K📊 统计信息: 总计504个组织

[1A[2K🏁 CQRS协议分离测试完成

[1A[2K📊 测试结果总结:

[1A[2K  ✅ 命令端正确拒绝查询操作

[1A[2K  ✅ 查询端正确拒绝命令操作

[1A[2K  ✅ 协议分离严格执行

[1A[2K  ✅ CQRS架构符合设计规范

[1A[2K[152/234] [firefox] › tests/e2e/cqrs-protocol-separation.spec.ts:284:3 › CQRS协议分离验证 › 🔄 CQRS端到端操作验证
[1A[2K[firefox] › tests/e2e/cqrs-protocol-separation.spec.ts:284:3 › CQRS协议分离验证 › 🔄 CQRS端到端操作验证
🚀 开始CQRS架构协议分离测试

[1A[2K✅ 已加载认证令牌用于CQRS验证

[1A[2K测试: CQRS端到端操作流程

[1A[2K📝 步骤1: 通过命令端创建组织

[1A[2K🏁 CQRS协议分离测试完成

[1A[2K📊 测试结果总结:

[1A[2K  ✅ 命令端正确拒绝查询操作

[1A[2K  ✅ 查询端正确拒绝命令操作

[1A[2K  ✅ 协议分离严格执行

[1A[2K  ✅ CQRS架构符合设计规范

[1A[2K  86) [firefox] › tests/e2e/cqrs-protocol-separation.spec.ts:284:3 › CQRS协议分离验证 › 🔄 CQRS端到端操作验证 ───

    Error: [2mexpect([22m[31mreceived[39m[2m).[22mtoBe[2m([22m[32mexpected[39m[2m) // Object.is equality[22m

    Expected: [32m201[39m
    Received: [31m500[39m

      303 |     });
      304 |
    > 305 |     expect(createResponse.status()).toBe(201);
          |                                     ^
      306 |     const createdEnvelope = await createResponse.json();
      307 |     const createdOrgCode = createdEnvelope.data?.code;
      308 |     if (!createdOrgCode) {
        at /home/shangmeilin/cube-castle/frontend/tests/e2e/cqrs-protocol-separation.spec.ts:305:37

    attachment #1: trace (application/zip) ─────────────────────────────────────────────────────────
    test-results/cqrs-protocol-separation-CQRS协议分离验证-🔄-CQRS端到端操作验证-firefox/trace.zip
    Usage:

        npx playwright show-trace test-results/cqrs-protocol-separation-CQRS协议分离验证-🔄-CQRS端到端操作验证-firefox/trace.zip

    ────────────────────────────────────────────────────────────────────────────────────────────────


[1A[2K[153/234] [firefox] › tests/e2e/cqrs-protocol-separation.spec.ts:129:3 › CQRS协议分离验证 › 🚫 查询端应拒绝PUT更新请求
[1A[2K[firefox] › tests/e2e/cqrs-protocol-separation.spec.ts:129:3 › CQRS协议分离验证 › 🚫 查询端应拒绝PUT更新请求
🚀 开始CQRS架构协议分离测试

[1A[2K✅ 已加载认证令牌用于CQRS验证

[1A[2K测试: 查询端拒绝PUT更新

[1A[2K🏁 CQRS协议分离测试完成

[1A[2K📊 测试结果总结:

[1A[2K  ✅ 命令端正确拒绝查询操作

[1A[2K  ✅ 查询端正确拒绝命令操作

[1A[2K  ✅ 协议分离严格执行

[1A[2K  ✅ CQRS架构符合设计规范

[1A[2K  87) [firefox] › tests/e2e/cqrs-protocol-separation.spec.ts:129:3 › CQRS协议分离验证 › 🚫 查询端应拒绝PUT更新请求 ─

    Error: [2mexpect([22m[31mreceived[39m[2m).[22mtoBe[2m([22m[32mexpected[39m[2m) // Object.is equality[22m

    Expected: [32m404[39m
    Received: [31m401[39m

      138 |     });
      139 |
    > 140 |     expect(response.status()).toBe(404);
          |                               ^
      141 |     
      142 |     console.log('✅ 查询端正确拒绝PUT更新请求');
      143 |   });
        at /home/shangmeilin/cube-castle/frontend/tests/e2e/cqrs-protocol-separation.spec.ts:140:31

    attachment #1: trace (application/zip) ─────────────────────────────────────────────────────────
    test-results/cqrs-protocol-separation-CQRS协议分离验证-🚫-查询端应拒绝PUT更新请求-firefox/trace.zip
    Usage:

        npx playwright show-trace test-results/cqrs-protocol-separation-CQRS协议分离验证-🚫-查询端应拒绝PUT更新请求-firefox/trace.zip

    ────────────────────────────────────────────────────────────────────────────────────────────────


[1A[2K[154/234] [firefox] › tests/e2e/cqrs-protocol-separation.spec.ts:369:3 › CQRS协议分离验证 › 📋 CQRS架构健康检查
[1A[2K[firefox] › tests/e2e/cqrs-protocol-separation.spec.ts:369:3 › CQRS协议分离验证 › 📋 CQRS架构健康检查
🚀 开始CQRS架构协议分离测试

[1A[2K✅ 已加载认证令牌用于CQRS验证

[1A[2K测试: CQRS架构健康检查

[1A[2K✅ 命令端健康状态正常

[1A[2K🏁 CQRS协议分离测试完成

[1A[2K📊 测试结果总结:

[1A[2K  ✅ 命令端正确拒绝查询操作

[1A[2K  ✅ 查询端正确拒绝命令操作

[1A[2K  ✅ 协议分离严格执行

[1A[2K  ✅ CQRS架构符合设计规范

[1A[2K  88) [firefox] › tests/e2e/cqrs-protocol-separation.spec.ts:369:3 › CQRS协议分离验证 › 📋 CQRS架构健康检查 ────

    Error: [2mexpect([22m[31mreceived[39m[2m).[22mtoContain[2m([22m[32mexpected[39m[2m) // indexOf[22m

    Expected substring: [32m"graphql"[39m
    Received string:    [31m"command"[39m

      387 |
      388 |     const queryHealth = await queryHealthResponse.json();
    > 389 |     expect(queryHealth.service).toContain('graphql');
          |                                 ^
      390 |     console.log('✅ 查询端健康状态正常');
      391 |
      392 |     console.log('🎉 CQRS架构健康检查完成');
        at /home/shangmeilin/cube-castle/frontend/tests/e2e/cqrs-protocol-separation.spec.ts:389:33

    attachment #1: trace (application/zip) ─────────────────────────────────────────────────────────
    test-results/cqrs-protocol-separation-CQRS协议分离验证-📋-CQRS架构健康检查-firefox/trace.zip
    Usage:

        npx playwright show-trace test-results/cqrs-protocol-separation-CQRS协议分离验证-📋-CQRS架构健康检查-firefox/trace.zip

    ────────────────────────────────────────────────────────────────────────────────────────────────


[1A[2K[155/234] [firefox] › tests/e2e/cqrs-protocol-separation.spec.ts:145:3 › CQRS协议分离验证 › 🚫 查询端应拒绝DELETE删除请求
[1A[2K[firefox] › tests/e2e/cqrs-protocol-separation.spec.ts:145:3 › CQRS协议分离验证 › 🚫 查询端应拒绝DELETE删除请求
🚀 开始CQRS架构协议分离测试

[1A[2K✅ 已加载认证令牌用于CQRS验证

[1A[2K测试: 查询端拒绝DELETE删除

[1A[2K🏁 CQRS协议分离测试完成

[1A[2K📊 测试结果总结:

[1A[2K  ✅ 命令端正确拒绝查询操作

[1A[2K  ✅ 查询端正确拒绝命令操作

[1A[2K  ✅ 协议分离严格执行

[1A[2K  ✅ CQRS架构符合设计规范

[1A[2K  89) [firefox] › tests/e2e/cqrs-protocol-separation.spec.ts:145:3 › CQRS协议分离验证 › 🚫 查询端应拒绝DELETE删除请求 

    Error: [2mexpect([22m[31mreceived[39m[2m).[22mtoBe[2m([22m[32mexpected[39m[2m) // Object.is equality[22m

    Expected: [32m404[39m
    Received: [31m401[39m

      148 |     const response = await request.delete(buildQueryRestUrl('/api/v1/organization-units/1000001'));
      149 |
    > 150 |     expect(response.status()).toBe(404);
          |                               ^
      151 |     
      152 |     console.log('✅ 查询端正确拒绝DELETE删除请求');
      153 |   });
        at /home/shangmeilin/cube-castle/frontend/tests/e2e/cqrs-protocol-separation.spec.ts:150:31

    attachment #1: trace (application/zip) ─────────────────────────────────────────────────────────
    test-results/cqrs-protocol-separation-CQRS协议分离验证-🚫-查询端应拒绝DELETE删除请求-firefox/trace.zip
    Usage:

        npx playwright show-trace test-results/cqrs-protocol-separation-CQRS协议分离验证-🚫-查询端应拒绝DELETE删除请求-firefox/trace.zip

    ────────────────────────────────────────────────────────────────────────────────────────────────


[1A[2K[156/234] [firefox] › tests/e2e/five-state-lifecycle-management.spec.ts:25:3 › 五状态生命周期管理系统 › 加载后显示时间轴及当前版本信息
[1A[2K[firefox] › tests/e2e/five-state-lifecycle-management.spec.ts:25:3 › 五状态生命周期管理系统 › 加载后显示时间轴及当前版本信息
✅ 发现活跃前端服务：http://localhost:3000

[1A[2K[157/234] [firefox] › tests/e2e/five-state-lifecycle-management.spec.ts:43:3 › 五状态生命周期管理系统 › 支持选择时间轴节点并进入编辑模式
[1A[2K[firefox] › tests/e2e/five-state-lifecycle-management.spec.ts:43:3 › 五状态生命周期管理系统 › 支持选择时间轴节点并进入编辑模式
✅ 发现活跃前端服务：http://localhost:3000

[1A[2K[firefox] › tests/e2e/five-state-lifecycle-management.spec.ts:25:3 › 五状态生命周期管理系统 › 加载后显示时间轴及当前版本信息
✅ 认证设置已注入 localStorage

[1A[2K[firefox] › tests/e2e/five-state-lifecycle-management.spec.ts:43:3 › 五状态生命周期管理系统 › 支持选择时间轴节点并进入编辑模式
✅ 认证设置已注入 localStorage

[1A[2K  90) [firefox] › tests/e2e/canvas-e2e.spec.ts:67:3 › Canvas UI 基础体验 › 主要操作按钮具有 Canvas 样式 ──────────

    Error: [2mexpect([22m[31mlocator[39m[2m).[22mtoBeVisible[2m([22m[2m)[22m failed

    Locator: locator('[data-testid="temporal-organization-dashboard"]')
    Expected: visible
    Timeout: 15000ms
    Error: element(s) not found

    Call log:
    [2m  - Expect "toBeVisible" with timeout 15000ms[22m
    [2m  - waiting for locator('[data-testid="temporal-organization-dashboard"]')[22m


       9 |     await setupAuth(page);
      10 |     await page.goto('/');
    > 11 |     await expect(page.locator(`[data-testid="${DASHBOARD_TESTID}"]`)).toBeVisible({ timeout: 15000 });
         |                                                                       ^
      12 |   });
      13 |
      14 |   test('应用外壳渲染与导航', async ({ page }) => {
        at /home/shangmeilin/cube-castle/frontend/tests/e2e/canvas-e2e.spec.ts:11:71

    attachment #1: screenshot (image/png) ──────────────────────────────────────────────────────────
    test-results/canvas-e2e-Canvas-UI-基础体验-主要操作按钮具有-Canvas-样式-firefox/test-failed-1.png
    ────────────────────────────────────────────────────────────────────────────────────────────────

    attachment #2: video (video/webm) ──────────────────────────────────────────────────────────────
    test-results/canvas-e2e-Canvas-UI-基础体验-主要操作按钮具有-Canvas-样式-firefox/video.webm
    ────────────────────────────────────────────────────────────────────────────────────────────────

    Error Context: test-results/canvas-e2e-Canvas-UI-基础体验-主要操作按钮具有-Canvas-样式-firefox/error-context.md

    attachment #4: trace (application/zip) ─────────────────────────────────────────────────────────
    test-results/canvas-e2e-Canvas-UI-基础体验-主要操作按钮具有-Canvas-样式-firefox/trace.zip
    Usage:

        npx playwright show-trace test-results/canvas-e2e-Canvas-UI-基础体验-主要操作按钮具有-Canvas-样式-firefox/trace.zip

    ────────────────────────────────────────────────────────────────────────────────────────────────


[1A[2K[158/234] [firefox] › tests/e2e/five-state-lifecycle-management.spec.ts:59:3 › 五状态生命周期管理系统 › 可以启动插入新版本流程并触发校验
[1A[2K[firefox] › tests/e2e/five-state-lifecycle-management.spec.ts:59:3 › 五状态生命周期管理系统 › 可以启动插入新版本流程并触发校验
✅ 发现活跃前端服务：http://localhost:3000

[1A[2K✅ 认证设置已注入 localStorage

[1A[2K  91) [firefox] › tests/e2e/canvas-e2e.spec.ts:73:3 › Canvas UI 基础体验 › 统计数据与表格行展示 ──────────────────

    Error: [2mexpect([22m[31mlocator[39m[2m).[22mtoBeVisible[2m([22m[2m)[22m failed

    Locator: locator('[data-testid="temporal-organization-dashboard"]')
    Expected: visible
    Timeout: 15000ms
    Error: element(s) not found

    Call log:
    [2m  - Expect "toBeVisible" with timeout 15000ms[22m
    [2m  - waiting for locator('[data-testid="temporal-organization-dashboard"]')[22m


       9 |     await setupAuth(page);
      10 |     await page.goto('/');
    > 11 |     await expect(page.locator(`[data-testid="${DASHBOARD_TESTID}"]`)).toBeVisible({ timeout: 15000 });
         |                                                                       ^
      12 |   });
      13 |
      14 |   test('应用外壳渲染与导航', async ({ page }) => {
        at /home/shangmeilin/cube-castle/frontend/tests/e2e/canvas-e2e.spec.ts:11:71

    attachment #1: screenshot (image/png) ──────────────────────────────────────────────────────────
    test-results/canvas-e2e-Canvas-UI-基础体验-统计数据与表格行展示-firefox/test-failed-1.png
    ────────────────────────────────────────────────────────────────────────────────────────────────

    attachment #2: video (video/webm) ──────────────────────────────────────────────────────────────
    test-results/canvas-e2e-Canvas-UI-基础体验-统计数据与表格行展示-firefox/video.webm
    ────────────────────────────────────────────────────────────────────────────────────────────────

    Error Context: test-results/canvas-e2e-Canvas-UI-基础体验-统计数据与表格行展示-firefox/error-context.md

    attachment #4: trace (application/zip) ─────────────────────────────────────────────────────────
    test-results/canvas-e2e-Canvas-UI-基础体验-统计数据与表格行展示-firefox/trace.zip
    Usage:

        npx playwright show-trace test-results/canvas-e2e-Canvas-UI-基础体验-统计数据与表格行展示-firefox/trace.zip

    ────────────────────────────────────────────────────────────────────────────────────────────────


[1A[2K[159/234] [firefox] › tests/e2e/five-state-lifecycle-management.spec.ts:77:3 › 五状态生命周期管理系统 › 可切换到审计历史并显示记录提示
[1A[2K[firefox] › tests/e2e/five-state-lifecycle-management.spec.ts:77:3 › 五状态生命周期管理系统 › 可切换到审计历史并显示记录提示
✅ 发现活跃前端服务：http://localhost:3000

[1A[2K✅ 认证设置已注入 localStorage

[1A[2K  92) [firefox] › tests/e2e/five-state-lifecycle-management.spec.ts:25:3 › 五状态生命周期管理系统 › 加载后显示时间轴及当前版本信息 

    TimeoutError: page.waitForSelector: Timeout 15000ms exceeded.
    Call log:
    [2m  - waiting for locator('[data-testid="temporal-master-detail-view"]') to be visible[22m


      20 |     await setupAuth(page);
      21 |     await page.goto(`${baseUrl}/organizations/${TEST_ORGANIZATION_CODE}/temporal`);
    > 22 |     await page.waitForSelector('[data-testid="temporal-master-detail-view"]', { timeout: 15_000 });
         |                ^
      23 |   });
      24 |
      25 |   test('加载后显示时间轴及当前版本信息', async ({ page }) => {
        at /home/shangmeilin/cube-castle/frontend/tests/e2e/five-state-lifecycle-management.spec.ts:22:16

    attachment #1: screenshot (image/png) ──────────────────────────────────────────────────────────
    test-results/five-state-lifecycle-management-五状态生命周期管理系统-加载后显示时间轴及当前版本信息-firefox/test-failed-1.png
    ────────────────────────────────────────────────────────────────────────────────────────────────

    attachment #2: video (video/webm) ──────────────────────────────────────────────────────────────
    test-results/five-state-lifecycle-management-五状态生命周期管理系统-加载后显示时间轴及当前版本信息-firefox/video.webm
    ────────────────────────────────────────────────────────────────────────────────────────────────

    Error Context: test-results/five-state-lifecycle-management-五状态生命周期管理系统-加载后显示时间轴及当前版本信息-firefox/error-context.md

    attachment #4: trace (application/zip) ─────────────────────────────────────────────────────────
    test-results/five-state-lifecycle-management-五状态生命周期管理系统-加载后显示时间轴及当前版本信息-firefox/trace.zip
    Usage:

        npx playwright show-trace test-results/five-state-lifecycle-management-五状态生命周期管理系统-加载后显示时间轴及当前版本信息-firefox/trace.zip

    ────────────────────────────────────────────────────────────────────────────────────────────────


[1A[2K  93) [firefox] › tests/e2e/five-state-lifecycle-management.spec.ts:43:3 › 五状态生命周期管理系统 › 支持选择时间轴节点并进入编辑模式 

    TimeoutError: page.waitForSelector: Timeout 15000ms exceeded.
    Call log:
    [2m  - waiting for locator('[data-testid="temporal-master-detail-view"]') to be visible[22m


      20 |     await setupAuth(page);
      21 |     await page.goto(`${baseUrl}/organizations/${TEST_ORGANIZATION_CODE}/temporal`);
    > 22 |     await page.waitForSelector('[data-testid="temporal-master-detail-view"]', { timeout: 15_000 });
         |                ^
      23 |   });
      24 |
      25 |   test('加载后显示时间轴及当前版本信息', async ({ page }) => {
        at /home/shangmeilin/cube-castle/frontend/tests/e2e/five-state-lifecycle-management.spec.ts:22:16

    attachment #1: screenshot (image/png) ──────────────────────────────────────────────────────────
    test-results/five-state-lifecycle-management-五状态生命周期管理系统-支持选择时间轴节点并进入编辑模式-firefox/test-failed-1.png
    ────────────────────────────────────────────────────────────────────────────────────────────────

    attachment #2: video (video/webm) ──────────────────────────────────────────────────────────────
    test-results/five-state-lifecycle-management-五状态生命周期管理系统-支持选择时间轴节点并进入编辑模式-firefox/video.webm
    ────────────────────────────────────────────────────────────────────────────────────────────────

    Error Context: test-results/five-state-lifecycle-management-五状态生命周期管理系统-支持选择时间轴节点并进入编辑模式-firefox/error-context.md

    attachment #4: trace (application/zip) ─────────────────────────────────────────────────────────
    test-results/five-state-lifecycle-management-五状态生命周期管理系统-支持选择时间轴节点并进入编辑模式-firefox/trace.zip
    Usage:

        npx playwright show-trace test-results/five-state-lifecycle-management-五状态生命周期管理系统-支持选择时间轴节点并进入编辑模式-firefox/trace.zip

    ────────────────────────────────────────────────────────────────────────────────────────────────


[1A[2K[160/234] [firefox] › tests/e2e/frontend-cqrs-compliance.spec.ts:27:3 › 前端CQRS协议遵循验证 › ✅ 前端应使用GraphQL进行查询
[1A[2K[firefox] › tests/e2e/frontend-cqrs-compliance.spec.ts:27:3 › 前端CQRS协议遵循验证 › ✅ 前端应使用GraphQL进行查询
🚀 开始前端CQRS协议遵循测试

[1A[2K✅ 发现活跃前端服务：http://localhost:3000

[1A[2K✅ 使用前端基址: http://localhost:3000

[1A[2K[161/234] [firefox] › tests/e2e/frontend-cqrs-compliance.spec.ts:72:3 › 前端CQRS协议遵循验证 › ✅ 前端应使用REST API进行命令操作
[1A[2K[firefox] › tests/e2e/frontend-cqrs-compliance.spec.ts:72:3 › 前端CQRS协议遵循验证 › ✅ 前端应使用REST API进行命令操作
🚀 开始前端CQRS协议遵循测试

[1A[2K✅ 发现活跃前端服务：http://localhost:3000

[1A[2K✅ 使用前端基址: http://localhost:3000

[1A[2K[firefox] › tests/e2e/frontend-cqrs-compliance.spec.ts:27:3 › 前端CQRS协议遵循验证 › ✅ 前端应使用GraphQL进行查询
测试: 前端使用GraphQL查询

[1A[2K✅ 认证设置已注入 localStorage

[1A[2K[firefox] › tests/e2e/frontend-cqrs-compliance.spec.ts:72:3 › 前端CQRS协议遵循验证 › ✅ 前端应使用REST API进行命令操作
测试: 前端使用REST API执行命令

[1A[2K✅ 认证设置已注入 localStorage

[1A[2K  94) [firefox] › tests/e2e/five-state-lifecycle-management.spec.ts:59:3 › 五状态生命周期管理系统 › 可以启动插入新版本流程并触发校验 

    TimeoutError: page.waitForSelector: Timeout 15000ms exceeded.
    Call log:
    [2m  - waiting for locator('[data-testid="temporal-master-detail-view"]') to be visible[22m


      20 |     await setupAuth(page);
      21 |     await page.goto(`${baseUrl}/organizations/${TEST_ORGANIZATION_CODE}/temporal`);
    > 22 |     await page.waitForSelector('[data-testid="temporal-master-detail-view"]', { timeout: 15_000 });
         |                ^
      23 |   });
      24 |
      25 |   test('加载后显示时间轴及当前版本信息', async ({ page }) => {
        at /home/shangmeilin/cube-castle/frontend/tests/e2e/five-state-lifecycle-management.spec.ts:22:16

    attachment #1: screenshot (image/png) ──────────────────────────────────────────────────────────
    test-results/five-state-lifecycle-management-五状态生命周期管理系统-可以启动插入新版本流程并触发校验-firefox/test-failed-1.png
    ────────────────────────────────────────────────────────────────────────────────────────────────

    attachment #2: video (video/webm) ──────────────────────────────────────────────────────────────
    test-results/five-state-lifecycle-management-五状态生命周期管理系统-可以启动插入新版本流程并触发校验-firefox/video.webm
    ────────────────────────────────────────────────────────────────────────────────────────────────

    Error Context: test-results/five-state-lifecycle-management-五状态生命周期管理系统-可以启动插入新版本流程并触发校验-firefox/error-context.md

    attachment #4: trace (application/zip) ─────────────────────────────────────────────────────────
    test-results/five-state-lifecycle-management-五状态生命周期管理系统-可以启动插入新版本流程并触发校验-firefox/trace.zip
    Usage:

        npx playwright show-trace test-results/five-state-lifecycle-management-五状态生命周期管理系统-可以启动插入新版本流程并触发校验-firefox/trace.zip

    ────────────────────────────────────────────────────────────────────────────────────────────────


[1A[2Kℹ️ 本次测试未触发命令操作，这是正常的

[1A[2K[firefox] › tests/e2e/frontend-cqrs-compliance.spec.ts:27:3 › 前端CQRS协议遵循验证 › ✅ 前端应使用GraphQL进行查询
🏁 前端CQRS协议遵循测试完成

[1A[2K📊 测试结果总结:

[1A[2K  ✅ 前端正确使用GraphQL进行查询

[1A[2K  ✅ 前端正确使用REST API进行命令

[1A[2K  ✅ 没有违反CQRS协议的请求

[1A[2K  ✅ 网络请求模式符合架构设计

[1A[2K[firefox] › tests/e2e/frontend-cqrs-compliance.spec.ts:72:3 › 前端CQRS协议遵循验证 › ✅ 前端应使用REST API进行命令操作
🏁 前端CQRS协议遵循测试完成

[1A[2K📊 测试结果总结:

[1A[2K  ✅ 前端正确使用GraphQL进行查询

[1A[2K  ✅ 前端正确使用REST API进行命令

[1A[2K  ✅ 没有违反CQRS协议的请求

[1A[2K  ✅ 网络请求模式符合架构设计

[1A[2K[162/234] [firefox] › tests/e2e/frontend-cqrs-compliance.spec.ts:195:3 › 前端CQRS协议遵循验证 › 🎯 前端错误处理验证
[1A[2K[firefox] › tests/e2e/frontend-cqrs-compliance.spec.ts:195:3 › 前端CQRS协议遵循验证 › 🎯 前端错误处理验证
🚀 开始前端CQRS协议遵循测试

[1A[2K✅ 发现活跃前端服务：http://localhost:3000

[1A[2K✅ 使用前端基址: http://localhost:3000

[1A[2K[163/234] [firefox] › tests/e2e/frontend-cqrs-compliance.spec.ts:138:3 › 前端CQRS协议遵循验证 › 🔍 前端网络请求协议分析
[1A[2K[firefox] › tests/e2e/frontend-cqrs-compliance.spec.ts:138:3 › 前端CQRS协议遵循验证 › 🔍 前端网络请求协议分析
🚀 开始前端CQRS协议遵循测试

[1A[2K✅ 发现活跃前端服务：http://localhost:3000

[1A[2K✅ 使用前端基址: http://localhost:3000

[1A[2K[firefox] › tests/e2e/frontend-cqrs-compliance.spec.ts:195:3 › 前端CQRS协议遵循验证 › 🎯 前端错误处理验证
测试: 前端处理CQRS服务错误

[1A[2K✅ 认证设置已注入 localStorage

[1A[2K  95) [firefox] › tests/e2e/frontend-cqrs-compliance.spec.ts:27:3 › 前端CQRS协议遵循验证 › ✅ 前端应使用GraphQL进行查询 

    Error: [2mexpect([22m[31mreceived[39m[2m).[22mtoBeGreaterThan[2m([22m[32mexpected[39m[2m)[22m

    Expected: > [32m0[39m
    Received:   [31m0[39m

      54 |
      55 |     // 验证使用了GraphQL查询
    > 56 |     expect(graphqlRequests.length).toBeGreaterThan(0);
         |                                    ^
      57 |     console.log(`✅ 检测到 ${graphqlRequests.length} 个GraphQL查询请求`);
      58 |
      59 |     // 验证没有使用REST GET查询 (违反CQRS原则)
        at /home/shangmeilin/cube-castle/frontend/tests/e2e/frontend-cqrs-compliance.spec.ts:56:36

    attachment #1: screenshot (image/png) ──────────────────────────────────────────────────────────
    test-results/frontend-cqrs-compliance-前端CQRS协议遵循验证-✅-前端应使用GraphQL进行查询-firefox/test-failed-1.png
    ────────────────────────────────────────────────────────────────────────────────────────────────

    attachment #2: video (video/webm) ──────────────────────────────────────────────────────────────
    test-results/frontend-cqrs-compliance-前端CQRS协议遵循验证-✅-前端应使用GraphQL进行查询-firefox/video.webm
    ────────────────────────────────────────────────────────────────────────────────────────────────

    Error Context: test-results/frontend-cqrs-compliance-前端CQRS协议遵循验证-✅-前端应使用GraphQL进行查询-firefox/error-context.md

    attachment #4: trace (application/zip) ─────────────────────────────────────────────────────────
    test-results/frontend-cqrs-compliance-前端CQRS协议遵循验证-✅-前端应使用GraphQL进行查询-firefox/trace.zip
    Usage:

        npx playwright show-trace test-results/frontend-cqrs-compliance-前端CQRS协议遵循验证-✅-前端应使用GraphQL进行查询-firefox/trace.zip

    ────────────────────────────────────────────────────────────────────────────────────────────────


[1A[2K[164/234] [firefox] › tests/e2e/job-catalog-layout-baseline.spec.ts:134:3 › Job Catalog 布局基线截图 › 职位列表页面布局
[1A[2K[165/234] [firefox] › tests/e2e/job-catalog-layout-baseline.spec.ts:141:3 › Job Catalog 布局基线截图 › 职类管理列表布局
[1A[2K[166/234] [firefox] › tests/e2e/job-catalog-layout-baseline.spec.ts:148:3 › Job Catalog 布局基线截图 › 职类详情布局
[1A[2K[167/234] [firefox] › tests/e2e/job-catalog-secondary-navigation.spec.ts:179:3 › 职位管理二级导航（真实后端权限验证） › 管理员通过 UI 编辑职类成功并触发 If-Match
[1A[2K[firefox] › tests/e2e/job-catalog-secondary-navigation.spec.ts:179:3 › 职位管理二级导航（真实后端权限验证） › 管理员通过 UI 编辑职类成功并触发 If-Match
✅ 发现活跃前端服务：http://localhost:3000

[1A[2K[firefox] › tests/e2e/frontend-cqrs-compliance.spec.ts:138:3 › 前端CQRS协议遵循验证 › 🔍 前端网络请求协议分析
测试: 分析前端网络请求协议使用情况

[1A[2K✅ 认证设置已注入 localStorage

[1A[2K[firefox] › tests/e2e/frontend-cqrs-compliance.spec.ts:195:3 › 前端CQRS协议遵循验证 › 🎯 前端错误处理验证
✅ 前端错误处理测试完成

[1A[2K✅ 无网络错误，CQRS服务正常运行

[1A[2K🏁 前端CQRS协议遵循测试完成

[1A[2K📊 测试结果总结:

[1A[2K  ✅ 前端正确使用GraphQL进行查询

[1A[2K  ✅ 前端正确使用REST API进行命令

[1A[2K  ✅ 没有违反CQRS协议的请求

[1A[2K  ✅ 网络请求模式符合架构设计

[1A[2K[168/234] [firefox] › tests/e2e/monitoring-dashboard.spec.ts:45:3 › 系统监控总览 /dashboard › 未认证用户访问会被重定向到登录页
[1A[2K[firefox] › tests/e2e/monitoring-dashboard.spec.ts:45:3 › 系统监控总览 /dashboard › 未认证用户访问会被重定向到登录页
✅ 发现活跃前端服务：http://localhost:3000

[1A[2K  96) [firefox] › tests/e2e/five-state-lifecycle-management.spec.ts:77:3 › 五状态生命周期管理系统 › 可切换到审计历史并显示记录提示 

    TimeoutError: page.waitForSelector: Timeout 15000ms exceeded.
    Call log:
    [2m  - waiting for locator('[data-testid="temporal-master-detail-view"]') to be visible[22m


      20 |     await setupAuth(page);
      21 |     await page.goto(`${baseUrl}/organizations/${TEST_ORGANIZATION_CODE}/temporal`);
    > 22 |     await page.waitForSelector('[data-testid="temporal-master-detail-view"]', { timeout: 15_000 });
         |                ^
      23 |   });
      24 |
      25 |   test('加载后显示时间轴及当前版本信息', async ({ page }) => {
        at /home/shangmeilin/cube-castle/frontend/tests/e2e/five-state-lifecycle-management.spec.ts:22:16

    attachment #1: screenshot (image/png) ──────────────────────────────────────────────────────────
    test-results/five-state-lifecycle-management-五状态生命周期管理系统-可切换到审计历史并显示记录提示-firefox/test-failed-1.png
    ────────────────────────────────────────────────────────────────────────────────────────────────

    attachment #2: video (video/webm) ──────────────────────────────────────────────────────────────
    test-results/five-state-lifecycle-management-五状态生命周期管理系统-可切换到审计历史并显示记录提示-firefox/video.webm
    ────────────────────────────────────────────────────────────────────────────────────────────────

    Error Context: test-results/five-state-lifecycle-management-五状态生命周期管理系统-可切换到审计历史并显示记录提示-firefox/error-context.md

    attachment #4: trace (application/zip) ─────────────────────────────────────────────────────────
    test-results/five-state-lifecycle-management-五状态生命周期管理系统-可切换到审计历史并显示记录提示-firefox/trace.zip
    Usage:

        npx playwright show-trace test-results/five-state-lifecycle-management-五状态生命周期管理系统-可切换到审计历史并显示记录提示-firefox/trace.zip

    ────────────────────────────────────────────────────────────────────────────────────────────────


[1A[2K[169/234] [firefox] › tests/e2e/monitoring-dashboard.spec.ts:51:3 › 系统监控总览 /dashboard › 认证后展示监控数据并支持刷新
[1A[2K[firefox] › tests/e2e/monitoring-dashboard.spec.ts:51:3 › 系统监控总览 /dashboard › 认证后展示监控数据并支持刷新
✅ 发现活跃前端服务：http://localhost:3000

[1A[2K[170/234] [firefox] › tests/e2e/name-validation-parentheses.spec.ts:20:3 › 组织名称允许括号验证 › 更新组织名称为包含括号的名称，应成功
[1A[2K  97) [firefox] › tests/e2e/name-validation-parentheses.spec.ts:20:3 › 组织名称允许括号验证 › 更新组织名称为包含括号的名称，应成功 

    Error: REST 更新应返回 200 并接受括号名称

    [2mexpect([22m[31mreceived[39m[2m).[22mtoBe[2m([22m[32mexpected[39m[2m) // Object.is equality[22m

    Expected: [32m200[39m
    Received: [31m500[39m

      55 |     });
      56 |
    > 57 |     expect(resp.status(), 'REST 更新应返回 200 并接受括号名称').toBe(200);
         |                                                     ^
      58 |     const body = await resp.json();
      59 |     expect(body).toMatchObject({
      60 |       success: true,
        at /home/shangmeilin/cube-castle/frontend/tests/e2e/name-validation-parentheses.spec.ts:57:53

    attachment #1: trace (application/zip) ─────────────────────────────────────────────────────────
    test-results/name-validation-parentheses-组织名称允许括号验证-更新组织名称为包含括号的名称，应成功-firefox/trace.zip
    Usage:

        npx playwright show-trace test-results/name-validation-parentheses-组织名称允许括号验证-更新组织名称为包含括号的名称，应成功-firefox/trace.zip

    ────────────────────────────────────────────────────────────────────────────────────────────────


[1A[2K[firefox] › tests/e2e/frontend-cqrs-compliance.spec.ts:138:3 › 前端CQRS协议遵循验证 › 🔍 前端网络请求协议分析
📊 网络请求分析结果:

[1A[2K  GraphQL查询: 0 个

[1A[2K  REST GET: 0 个

[1A[2K  REST POST: 0 个

[1A[2K  REST PUT: 0 个

[1A[2K  REST DELETE: 0 个

[1A[2K[171/234] [firefox] › tests/e2e/operational-monitoring-e2e.spec.ts:26:3 › Operational Monitoring API › health/metrics/alerts/rate-limit require auth and tenant
[1A[2K[172/234] [firefox] › tests/e2e/optimization-verification-e2e.spec.ts:39:3 › 优化效果验证测试 › Phase 2: 验证简化后的前端验证体系
[1A[2K🏁 前端CQRS协议遵循测试完成

[1A[2K📊 测试结果总结:

[1A[2K  ✅ 前端正确使用GraphQL进行查询

[1A[2K  ✅ 前端正确使用REST API进行命令

[1A[2K  ✅ 没有违反CQRS协议的请求

[1A[2K  ✅ 网络请求模式符合架构设计

[1A[2K  98) [firefox] › tests/e2e/frontend-cqrs-compliance.spec.ts:138:3 › 前端CQRS协议遵循验证 › 🔍 前端网络请求协议分析 ──

    Error: [2mexpect([22m[31mreceived[39m[2m).[22mtoBeGreaterThan[2m([22m[32mexpected[39m[2m)[22m

    Expected: > [32m0[39m
    Received:   [31m0[39m

      187 |
      188 |     // CQRS协议分离验证
    > 189 |     expect(networkRequests.graphql.length).toBeGreaterThan(0);
          |                                            ^
      190 |     expect(networkRequests.restGet.length).toBe(0);
      191 |     
      192 |     console.log('✅ 前端CQRS协议使用正确');
        at /home/shangmeilin/cube-castle/frontend/tests/e2e/frontend-cqrs-compliance.spec.ts:189:44

    attachment #1: screenshot (image/png) ──────────────────────────────────────────────────────────
    test-results/frontend-cqrs-compliance-前端CQRS协议遵循验证-🔍-前端网络请求协议分析-firefox/test-failed-1.png
    ────────────────────────────────────────────────────────────────────────────────────────────────

    attachment #2: video (video/webm) ──────────────────────────────────────────────────────────────
    test-results/frontend-cqrs-compliance-前端CQRS协议遵循验证-🔍-前端网络请求协议分析-firefox/video.webm
    ────────────────────────────────────────────────────────────────────────────────────────────────

    Error Context: test-results/frontend-cqrs-compliance-前端CQRS协议遵循验证-🔍-前端网络请求协议分析-firefox/error-context.md

    attachment #4: trace (application/zip) ─────────────────────────────────────────────────────────
    test-results/frontend-cqrs-compliance-前端CQRS协议遵循验证-🔍-前端网络请求协议分析-firefox/trace.zip
    Usage:

        npx playwright show-trace test-results/frontend-cqrs-compliance-前端CQRS协议遵循验证-🔍-前端网络请求协议分析-firefox/trace.zip

    ────────────────────────────────────────────────────────────────────────────────────────────────


[1A[2K[firefox] › tests/e2e/optimization-verification-e2e.spec.ts:39:3 › 优化效果验证测试 › Phase 2: 验证简化后的前端验证体系
✅ 认证设置已注入 localStorage

[1A[2K[173/234] [firefox] › tests/e2e/optimization-verification-e2e.spec.ts:62:3 › 优化效果验证测试 › Phase 2: 验证Zod复杂验证已简化
[1A[2K[174/234] [firefox] › tests/e2e/optimization-verification-e2e.spec.ts:88:3 › 优化效果验证测试 › Phase 3: 验证DDD简化效果
[1A[2K[firefox] › tests/e2e/optimization-verification-e2e.spec.ts:62:3 › 优化效果验证测试 › Phase 2: 验证Zod复杂验证已简化
✅ 认证设置已注入 localStorage

[1A[2K[firefox] › tests/e2e/optimization-verification-e2e.spec.ts:88:3 › 优化效果验证测试 › Phase 3: 验证DDD简化效果
✅ 认证设置已注入 localStorage

[1A[2K简化后API响应时间: 132ms

[1A[2K  99) [firefox] › tests/e2e/optimization-verification-e2e.spec.ts:88:3 › 优化效果验证测试 › Phase 3: 验证DDD简化效果 

    Error: [2mexpect([22m[31mreceived[39m[2m).[22mtoBe[2m([22m[32mexpected[39m[2m) // Object.is equality[22m

    Expected: [32m201[39m
    Received: [31m500[39m

      125 |     
      126 |     // 验证响应成功且性能良好
    > 127 |     expect(response.status).toBe(201);
          |                             ^
      128 |     expect(responseTime).toBeLessThan(500); // 简化后应该更快
      129 |   });
      130 |
        at /home/shangmeilin/cube-castle/frontend/tests/e2e/optimization-verification-e2e.spec.ts:127:29

    attachment #1: screenshot (image/png) ──────────────────────────────────────────────────────────
    test-results/optimization-verification-e2e-优化效果验证测试-Phase-3-验证DDD简化效果-firefox/test-failed-1.png
    ────────────────────────────────────────────────────────────────────────────────────────────────

    attachment #2: video (video/webm) ──────────────────────────────────────────────────────────────
    test-results/optimization-verification-e2e-优化效果验证测试-Phase-3-验证DDD简化效果-firefox/video.webm
    ────────────────────────────────────────────────────────────────────────────────────────────────

    Error Context: test-results/optimization-verification-e2e-优化效果验证测试-Phase-3-验证DDD简化效果-firefox/error-context.md

    attachment #4: trace (application/zip) ─────────────────────────────────────────────────────────
    test-results/optimization-verification-e2e-优化效果验证测试-Phase-3-验证DDD简化效果-firefox/trace.zip
    Usage:

        npx playwright show-trace test-results/optimization-verification-e2e-优化效果验证测试-Phase-3-验证DDD简化效果-firefox/trace.zip

    ────────────────────────────────────────────────────────────────────────────────────────────────


[1A[2K[175/234] [firefox] › tests/e2e/optimization-verification-e2e.spec.ts:131:3 › 优化效果验证测试 › 优化收益量化验证
[1A[2K[firefox] › tests/e2e/optimization-verification-e2e.spec.ts:131:3 › 优化效果验证测试 › 优化收益量化验证
✅ 认证设置已注入 localStorage

[1A[2K前端资源总大小: 0.00KB

[1A[2K  100) [firefox] › tests/e2e/optimization-verification-e2e.spec.ts:131:3 › 优化效果验证测试 › 优化收益量化验证 ─────

    Error: [2mexpect([22m[31mreceived[39m[2m).[22mtoBe[2m([22m[32mexpected[39m[2m) // Object.is equality[22m

    Expected: [32m2[39m
    Received: [31m1[39m

      177 |
      178 |     // 验证只有2个服务在运行
    > 179 |     expect(activeServices.length).toBe(2);
          |                                   ^
      180 |     expect(activeServices).toContain(8090); // 查询服务
      181 |     expect(activeServices).toContain(9090); // 命令服务
      182 |   });
        at /home/shangmeilin/cube-castle/frontend/tests/e2e/optimization-verification-e2e.spec.ts:179:35

    attachment #1: screenshot (image/png) ──────────────────────────────────────────────────────────
    test-results/optimization-verification-e2e-优化效果验证测试-优化收益量化验证-firefox/test-failed-1.png
    ────────────────────────────────────────────────────────────────────────────────────────────────

    attachment #2: video (video/webm) ──────────────────────────────────────────────────────────────
    test-results/optimization-verification-e2e-优化效果验证测试-优化收益量化验证-firefox/video.webm
    ────────────────────────────────────────────────────────────────────────────────────────────────

    Error Context: test-results/optimization-verification-e2e-优化效果验证测试-优化收益量化验证-firefox/error-context.md

    attachment #4: trace (application/zip) ─────────────────────────────────────────────────────────
    test-results/optimization-verification-e2e-优化效果验证测试-优化收益量化验证-firefox/trace.zip
    Usage:

        npx playwright show-trace test-results/optimization-verification-e2e-优化效果验证测试-优化收益量化验证-firefox/trace.zip

    ────────────────────────────────────────────────────────────────────────────────────────────────


[1A[2K[176/234] [firefox] › tests/e2e/optimization-verification-e2e.spec.ts:184:3 › 优化效果验证测试 › 系统稳定性验证测试
[1A[2K[firefox] › tests/e2e/optimization-verification-e2e.spec.ts:184:3 › 优化效果验证测试 › 系统稳定性验证测试
✅ 认证设置已注入 localStorage

[1A[2K成功率: 0.00%

[1A[2K平均响应时间: 138.40ms

[1A[2K  101) [firefox] › tests/e2e/optimization-verification-e2e.spec.ts:184:3 › 优化效果验证测试 › 系统稳定性验证测试 ────

    Error: [2mexpect([22m[31mreceived[39m[2m).[22mtoBeGreaterThan[2m([22m[32mexpected[39m[2m)[22m

    Expected: > [32m0.8[39m
    Received:   [31m0[39m

      238 |
      239 |     // 断言稳定性要求
    > 240 |     expect(successRate).toBeGreaterThan(0.8); // 成功率 > 80%
          |                         ^
      241 |     expect(avgDuration).toBeLessThan(1000);   // 平均响应时间 < 1秒
      242 |   });
      243 |
        at /home/shangmeilin/cube-castle/frontend/tests/e2e/optimization-verification-e2e.spec.ts:240:25

    attachment #1: screenshot (image/png) ──────────────────────────────────────────────────────────
    test-results/optimization-verification-e2e-优化效果验证测试-系统稳定性验证测试-firefox/test-failed-1.png
    ────────────────────────────────────────────────────────────────────────────────────────────────

    attachment #2: video (video/webm) ──────────────────────────────────────────────────────────────
    test-results/optimization-verification-e2e-优化效果验证测试-系统稳定性验证测试-firefox/video.webm
    ────────────────────────────────────────────────────────────────────────────────────────────────

    Error Context: test-results/optimization-verification-e2e-优化效果验证测试-系统稳定性验证测试-firefox/error-context.md

    attachment #4: trace (application/zip) ─────────────────────────────────────────────────────────
    test-results/optimization-verification-e2e-优化效果验证测试-系统稳定性验证测试-firefox/trace.zip
    Usage:

        npx playwright show-trace test-results/optimization-verification-e2e-优化效果验证测试-系统稳定性验证测试-firefox/trace.zip

    ────────────────────────────────────────────────────────────────────────────────────────────────


[1A[2K[177/234] [firefox] › tests/e2e/optimization-verification-e2e.spec.ts:244:3 › 优化效果验证测试 › 监控指标验证测试
[1A[2K  102) [firefox] › tests/e2e/optimization-verification-e2e.spec.ts:39:3 › 优化效果验证测试 › Phase 2: 验证简化后的前端验证体系 

    TimeoutError: locator.click: Timeout 15000ms exceeded.
    Call log:
    [2m  - waiting for getByTestId('create-organization-button')[22m


      40 |     await page.goto('/organizations');
      41 |
    > 42 |     await page.getByTestId('create-organization-button').click();
         |                                                          ^
      43 |     await page.waitForURL('**/organizations/new');
      44 |
      45 |     const form = page.getByTestId(temporalEntitySelectors.organization.form);
        at /home/shangmeilin/cube-castle/frontend/tests/e2e/optimization-verification-e2e.spec.ts:42:58

    attachment #1: screenshot (image/png) ──────────────────────────────────────────────────────────
    test-results/optimization-verification-e2e-优化效果验证测试-Phase-2-验证简化后的前端验证体系-firefox/test-failed-1.png
    ────────────────────────────────────────────────────────────────────────────────────────────────

    attachment #2: video (video/webm) ──────────────────────────────────────────────────────────────
    test-results/optimization-verification-e2e-优化效果验证测试-Phase-2-验证简化后的前端验证体系-firefox/video.webm
    ────────────────────────────────────────────────────────────────────────────────────────────────

    Error Context: test-results/optimization-verification-e2e-优化效果验证测试-Phase-2-验证简化后的前端验证体系-firefox/error-context.md

    attachment #4: trace (application/zip) ─────────────────────────────────────────────────────────
    test-results/optimization-verification-e2e-优化效果验证测试-Phase-2-验证简化后的前端验证体系-firefox/trace.zip
    Usage:

        npx playwright show-trace test-results/optimization-verification-e2e-优化效果验证测试-Phase-2-验证简化后的前端验证体系-firefox/trace.zip

    ────────────────────────────────────────────────────────────────────────────────────────────────


[1A[2K[178/234] [firefox] › tests/e2e/organization-create.spec.ts:12:3 › Organization Create Flow › allows selecting parent organization before submitting create request
[1A[2K[firefox] › tests/e2e/optimization-verification-e2e.spec.ts:244:3 › 优化效果验证测试 › 监控指标验证测试
✅ 认证设置已注入 localStorage

[1A[2K  103) [firefox] › tests/e2e/optimization-verification-e2e.spec.ts:62:3 › 优化效果验证测试 › Phase 2: 验证Zod复杂验证已简化 

    TimeoutError: locator.click: Timeout 15000ms exceeded.
    Call log:
    [2m  - waiting for getByTestId('create-organization-button')[22m


      75 |     });
      76 |
    > 77 |     await page.getByTestId('create-organization-button').click();
         |                                                          ^
      78 |     await page.waitForURL('**/organizations/new');
      79 |     await page.getByTestId('form-field-name').focus();
      80 |     await page.waitForTimeout(500);
        at /home/shangmeilin/cube-castle/frontend/tests/e2e/optimization-verification-e2e.spec.ts:77:58

    attachment #1: screenshot (image/png) ──────────────────────────────────────────────────────────
    test-results/optimization-verification-e2e-优化效果验证测试-Phase-2-验证Zod复杂验证已简化-firefox/test-failed-1.png
    ────────────────────────────────────────────────────────────────────────────────────────────────

    attachment #2: video (video/webm) ──────────────────────────────────────────────────────────────
    test-results/optimization-verification-e2e-优化效果验证测试-Phase-2-验证Zod复杂验证已简化-firefox/video.webm
    ────────────────────────────────────────────────────────────────────────────────────────────────

    Error Context: test-results/optimization-verification-e2e-优化效果验证测试-Phase-2-验证Zod复杂验证已简化-firefox/error-context.md

    attachment #4: trace (application/zip) ─────────────────────────────────────────────────────────
    test-results/optimization-verification-e2e-优化效果验证测试-Phase-2-验证Zod复杂验证已简化-firefox/trace.zip
    Usage:

        npx playwright show-trace test-results/optimization-verification-e2e-优化效果验证测试-Phase-2-验证Zod复杂验证已简化-firefox/trace.zip

    ────────────────────────────────────────────────────────────────────────────────────────────────


[1A[2K[179/234] [firefox] › tests/e2e/position-crud-full-lifecycle.spec.ts:38:3 › 职位管理完整CRUD生命周期 › Step 1: 创建职位 (Create)
[1A[2K[firefox] › tests/e2e/organization-create.spec.ts:12:3 › Organization Create Flow › allows selecting parent organization before submitting create request
✅ 认证设置已注入 localStorage

[1A[2K  104) [firefox] › tests/e2e/optimization-verification-e2e.spec.ts:244:3 › 优化效果验证测试 › 监控指标验证测试 ─────

    Error: [2mexpect([22m[31mreceived[39m[2m).[22mtoContain[2m([22m[32mexpected[39m[2m) // indexOf[22m

    Expected substring: [32m"organization_operations_total"[39m
    Received string:    [31m"# HELP db_connections_idle Number of idle database connections[39m
    [31m# TYPE db_connections_idle gauge[39m
    [31mdb_connections_idle{service=\"command-service\"} 2[39m
    [31m# HELP db_connections_in_use Number of database connections currently in use[39m
    [31m# TYPE db_connections_in_use gauge[39m
    [31mdb_connections_in_use{service=\"command-service\"} 0[39m
    [31m# HELP db_query_duration_seconds Database query duration in seconds[39m
    [31m# TYPE db_query_duration_seconds histogram[39m
    [31mdb_query_duration_seconds_bucket{query_type=\"startup\",service=\"command-service\",le=\"0.001\"} 1[39m
    [31mdb_query_duration_seconds_bucket{query_type=\"startup\",service=\"command-service\",le=\"0.005\"} 1[39m
    [31mdb_query_duration_seconds_bucket{query_type=\"startup\",service=\"command-service\",le=\"0.01\"} 1[39m
    [31mdb_query_duration_seconds_bucket{query_type=\"startup\",service=\"command-service\",le=\"0.05\"} 1[39m
    [31mdb_query_duration_seconds_bucket{query_type=\"startup\",service=\"command-service\",le=\"0.1\"} 1[39m
    [31mdb_query_duration_seconds_bucket{query_type=\"startup\",service=\"command-service\",le=\"0.5\"} 1[39m
    [31mdb_query_duration_seconds_bucket{query_type=\"startup\",service=\"command-service\",le=\"1\"} 1[39m
    [31mdb_query_duration_seconds_bucket{query_type=\"startup\",service=\"command-service\",le=\"+Inf\"} 1[39m
    [31mdb_query_duration_seconds_sum{query_type=\"startup\",service=\"command-service\"} 0[39m
    [31mdb_query_duration_seconds_count{query_type=\"startup\",service=\"command-service\"} 1[39m
    [31m# HELP go_gc_duration_seconds A summary of the pause duration of garbage collection cycles.[39m
    [31m# TYPE go_gc_duration_seconds summary[39m
    [31mgo_gc_duration_seconds{quantile=\"0\"} 6.5178e-05[39m
    [31mgo_gc_duration_seconds{quantile=\"0.25\"} 0.000259758[39m
    [31mgo_gc_duration_seconds{quantile=\"0.5\"} 0.000328207[39m
    [31mgo_gc_duration_seconds{quantile=\"0.75\"} 0.000357856[39m
    [31mgo_gc_duration_seconds{quantile=\"1\"} 0.000521558[39m
    [31mgo_gc_duration_seconds_sum 0.004106887[39m
    [31mgo_gc_duration_seconds_count 13[39m
    [31m# HELP go_goroutines Number of goroutines that currently exist.[39m
    [31m# TYPE go_goroutines gauge[39m
    [31mgo_goroutines 20[39m
    [31m# HELP go_info Information about the Go environment.[39m
    [31m# TYPE go_info gauge[39m
    [31mgo_info{version=\"go1.24.9\"} 1[39m
    [31m# HELP go_memstats_alloc_bytes Number of bytes allocated and still in use.[39m
    [31m# TYPE go_memstats_alloc_bytes gauge[39m
    [31mgo_memstats_alloc_bytes 2.577968e+06[39m
    [31m# HELP go_memstats_alloc_bytes_total Total number of bytes allocated, even if freed.[39m
    [31m# TYPE go_memstats_alloc_bytes_total counter[39m
    [31mgo_memstats_alloc_bytes_total 1.5860944e+07[39m
    [31m# HELP go_memstats_buck_hash_sys_bytes Number of bytes used by the profiling bucket hash table.[39m
    [31m# TYPE go_memstats_buck_hash_sys_bytes gauge[39m
    [31mgo_memstats_buck_hash_sys_bytes 1.456871e+06[39m
    [31m# HELP go_memstats_frees_total Total number of frees.[39m
    [31m# TYPE go_memstats_frees_total counter[39m
    [31mgo_memstats_frees_total 177765[39m
    [31m# HELP go_memstats_gc_sys_bytes Number of bytes used for garbage collection system metadata.[39m
    [31m# TYPE go_memstats_gc_sys_bytes gauge[39m
    [31mgo_memstats_gc_sys_bytes 2.990848e+06[39m
    [31m# HELP go_memstats_heap_alloc_bytes Number of heap bytes allocated and still in use.[39m
    [31m# TYPE go_memstats_heap_alloc_bytes gauge[39m
    [31mgo_memstats_heap_alloc_bytes 2.577968e+06[39m
    [31m# HELP go_memstats_heap_idle_bytes Number of heap bytes waiting to be used.[39m
    [31m# TYPE go_memstats_heap_idle_bytes gauge[39m
    [31mgo_memstats_heap_idle_bytes 6.291456e+06[39m
    [31m# HELP go_memstats_heap_inuse_bytes Number of heap bytes that are in use.[39m
    [31m# TYPE go_memstats_heap_inuse_bytes gauge[39m
    [31mgo_memstats_heap_inuse_bytes 5.07904e+06[39m
    [31m# HELP go_memstats_heap_objects Number of allocated objects.[39m
    [31m# TYPE go_memstats_heap_objects gauge[39m
    [31mgo_memstats_heap_objects 12515[39m
    [31m# HELP go_memstats_heap_released_bytes Number of heap bytes released to OS.[39m
    [31m# TYPE go_memstats_heap_released_bytes gauge[39m
    [31mgo_memstats_heap_released_bytes 5.28384e+06[39m
    [31m# HELP go_memstats_heap_sys_bytes Number of heap bytes obtained from system.[39m
    [31m# TYPE go_memstats_heap_sys_bytes gauge[39m
    [31mgo_memstats_heap_sys_bytes 1.1370496e+07[39m
    [31m# HELP go_memstats_last_gc_time_seconds Number of seconds since 1970 of last garbage collection.[39m
    [31m# TYPE go_memstats_last_gc_time_seconds gauge[39m
    [31mgo_memstats_last_gc_time_seconds 1.7639669821470225e+09[39m
    [31m# HELP go_memstats_lookups_total Total number of pointer lookups.[39m
    [31m# TYPE go_memstats_lookups_total counter[39m
    [31mgo_memstats_lookups_total 0[39m
    [31m# HELP go_memstats_mallocs_total Total number of mallocs.[39m
    [31m# TYPE go_memstats_mallocs_total counter[39m
    [31mgo_memstats_mallocs_total 190280[39m
    [31m# HELP go_memstats_mcache_inuse_bytes Number of bytes in use by mcache structures.[39m
    [31m# TYPE go_memstats_mcache_inuse_bytes gauge[39m
    [31mgo_memstats_mcache_inuse_bytes 9664[39m
    [31m# HELP go_memstats_mcache_sys_bytes Number of bytes used for mcache structures obtained from system.[39m
    [31m# TYPE go_memstats_mcache_sys_bytes gauge[39m
    [31mgo_memstats_mcache_sys_bytes 15704[39m
    [31m# HELP go_memstats_mspan_inuse_bytes Number of bytes in use by mspan structures.[39m
    [31m# TYPE go_memstats_mspan_inuse_bytes gauge[39m
    [31mgo_memstats_mspan_inuse_bytes 171200[39m
    [31m# HELP go_memstats_mspan_sys_bytes Number of bytes used for mspan structures obtained from system.[39m
    [31m# TYPE go_memstats_mspan_sys_bytes gauge[39m
    [31mgo_memstats_mspan_sys_bytes 179520[39m
    [31m# HELP go_memstats_next_gc_bytes Number of heap bytes when next garbage collection will take place.[39m
    [31m# TYPE go_memstats_next_gc_bytes gauge[39m
    [31mgo_memstats_next_gc_bytes 5.398434e+06[39m
    [31m# HELP go_memstats_other_sys_bytes Number of bytes used for other system allocations.[39m
    [31m# TYPE go_memstats_other_sys_bytes gauge[39m
    [31mgo_memstats_other_sys_bytes 1.473673e+06[39m
    [31m# HELP go_memstats_stack_inuse_bytes Number of bytes in use by the stack allocator.[39m
    [31m# TYPE go_memstats_stack_inuse_bytes gauge[39m
    [31mgo_memstats_stack_inuse_bytes 1.212416e+06[39m
    [31m# HELP go_memstats_stack_sys_bytes Number of bytes obtained from system for stack allocator.[39m
    [31m# TYPE go_memstats_stack_sys_bytes gauge[39m
    [31mgo_memstats_stack_sys_bytes 1.212416e+06[39m
    [31m# HELP go_memstats_sys_bytes Number of bytes obtained from system.[39m
    [31m# TYPE go_memstats_sys_bytes gauge[39m
    [31mgo_memstats_sys_bytes 1.8699528e+07[39m
    [31m# HELP go_threads Number of OS threads created.[39m
    [31m# TYPE go_threads gauge[39m
    [31mgo_threads 12[39m
    [31m# HELP http_requests_total Total HTTP requests handled by the command service grouped by method, route, and status code.[39m
    [31m# TYPE http_requests_total counter[39m
    [31mhttp_requests_total{method=\"DELETE\",route=\"/api/v1/organization-units/*\",status=\"401\"} 2[39m
    [31mhttp_requests_total{method=\"GET\",route=\"/api/v1/operational/*\",status=\"401\"} 4[39m
    [31mhttp_requests_total{method=\"GET\",route=\"/api/v1/operational/alerts\",status=\"200\"} 2[39m
    [31mhttp_requests_total{method=\"GET\",route=\"/api/v1/operational/health\",status=\"200\"} 2[39m
    [31mhttp_requests_total{method=\"GET\",route=\"/api/v1/operational/metrics\",status=\"200\"} 2[39m
    [31mhttp_requests_total{method=\"GET\",route=\"/api/v1/operational/rate-limit/stats\",status=\"200\"} 2[39m
    [31mhttp_requests_total{method=\"GET\",route=\"/api/v1/organization-units\",status=\"401\"} 2[39m
    [31mhttp_requests_total{method=\"GET\",route=\"/api/v1/organization-units/*\",status=\"401\"} 2[39m
    [31mhttp_requests_total{method=\"GET\",route=\"/health\",status=\"200\"} 62[39m
    [31mhttp_requests_total{method=\"GET\",route=\"/metrics\",status=\"200\"} 3[39m
    [31mhttp_requests_total{method=\"GET\",route=\"unknown\",status=\"404\"} 192[39m
    [31mhttp_requests_total{method=\"POST\",route=\"/api/v1/job-family-groups\",status=\"201\"} 2[39m
    [31mhttp_requests_total{method=\"POST\",route=\"/api/v1/organization-units\",status=\"400\"} 1[39m
    [31mhttp_requests_total{method=\"POST\",route=\"/api/v1/organization-units\",status=\"401\"} 2[39m
    [31mhttp_requests_total{method=\"POST\",route=\"/api/v1/organization-units\",status=\"500\"} 17[39m
    [31mhttp_requests_total{method=\"POST\",route=\"/api/v1/positions\",status=\"422\"} 1[39m
    [31mhttp_requests_total{method=\"POST\",route=\"/api/v1/positions\",status=\"500\"} 2[39m
    [31mhttp_requests_total{method=\"POST\",route=\"/auth/dev-token\",status=\"200\"} 7[39m
    [31mhttp_requests_total{method=\"POST\",route=\"/graphql\",status=\"200\"} 38[39m
    [31mhttp_requests_total{method=\"POST\",route=\"/graphql\",status=\"422\"} 2[39m
    [31mhttp_requests_total{method=\"PUT\",route=\"/api/v1/organization-units/*\",status=\"401\"} 2[39m
    [31mhttp_requests_total{method=\"PUT\",route=\"/api/v1/organization-units/{code}\",status=\"500\"} 2[39m
    [31mhttp_requests_total{method=\"PUT\",route=\"/api/v1/positions/{code}\",status=\"404\"} 1[39m
    [31m# HELP outbox_dispatch_active Indicator whether dispatcher is actively polling[39m
    [31m# TYPE outbox_dispatch_active gauge[39m
    [31moutbox_dispatch_active 0[39m
    [31m# HELP outbox_dispatch_failure_total Number of outbox events failed to publish[39m
    [31m# TYPE outbox_dispatch_failure_total counter[39m
    [31moutbox_dispatch_failure_total 0[39m
    [31m# HELP outbox_dispatch_retry_total Number of outbox events scheduled for retry[39m
    [31m# TYPE outbox_dispatch_retry_total counter[39m
    [31moutbox_dispatch_retry_total 0[39m
    [31m# HELP outbox_dispatch_success_total Number of outbox events successfully published[39m
    [31m# TYPE outbox_dispatch_success_total counter[39m
    [31moutbox_dispatch_success_total 0[39m
    [31m# HELP process_cpu_seconds_total Total user and system CPU time spent in seconds.[39m
    [31m# TYPE process_cpu_seconds_total counter[39m
    [31mprocess_cpu_seconds_total 1.55[39m
    [31m# HELP process_max_fds Maximum number of open file descriptors.[39m
    [31m# TYPE process_max_fds gauge[39m
    [31mprocess_max_fds 1.048576e+06[39m
    [31m# HELP process_open_fds Number of open file descriptors.[39m
    [31m# TYPE process_open_fds gauge[39m
    [31mprocess_open_fds 16[39m
    [31m# HELP process_resident_memory_bytes Resident memory size in bytes.[39m
    [31m# TYPE process_resident_memory_bytes gauge[39m
    [31mprocess_resident_memory_bytes 2.6591232e+07[39m
    [31m# HELP process_start_time_seconds Start time of the process since unix epoch in seconds.[39m
    [31m# TYPE process_start_time_seconds gauge[39m
    [31mprocess_start_time_seconds 1.76396651755e+09[39m
    [31m# HELP process_virtual_memory_bytes Virtual memory size in bytes.[39m
    [31m# TYPE process_virtual_memory_bytes gauge[39m
    [31mprocess_virtual_memory_bytes 1.280884736e+09[39m
    [31m# HELP process_virtual_memory_max_bytes Maximum amount of virtual memory available in bytes.[39m
    [31m# TYPE process_virtual_memory_max_bytes gauge[39m
    [31mprocess_virtual_memory_max_bytes 1.8446744073709552e+19[39m
    [31m# HELP promhttp_metric_handler_requests_in_flight Current number of scrapes being served.[39m
    [31m# TYPE promhttp_metric_handler_requests_in_flight gauge[39m
    [31mpromhttp_metric_handler_requests_in_flight 1[39m
    [31m# HELP promhttp_metric_handler_requests_total Total number of scrapes by HTTP status code.[39m
    [31m# TYPE promhttp_metric_handler_requests_total counter[39m
    [31mpromhttp_metric_handler_requests_total{code=\"200\"} 3[39m
    [31mpromhttp_metric_handler_requests_total{code=\"500\"} 0[39m
    [31mpromhttp_metric_handler_requests_total{code=\"503\"} 0[39m
    [31m# HELP validator_chain_duration_seconds Histogram of validation chain execution durations.[39m
    [31m# TYPE validator_chain_duration_seconds histogram[39m
    [31mvalidator_chain_duration_seconds_bucket{operation=\"CreateOrganization\",le=\"0.005\"} 18[39m
    [31mvalidator_chain_duration_seconds_bucket{operation=\"CreateOrganization\",le=\"0.01\"} 18[39m
    [31mvalidator_chain_duration_seconds_bucket{operation=\"CreateOrganization\",le=\"0.025\"} 18[39m
    [31mvalidator_chain_duration_seconds_bucket{operation=\"CreateOrganization\",le=\"0.05\"} 18[39m
    [31mvalidator_chain_duration_seconds_bucket{operation=\"CreateOrganization\",le=\"0.1\"} 18[39m
    [31mvalidator_chain_duration_seconds_bucket{operation=\"CreateOrganization\",le=\"0.25\"} 18[39m
    [31mvalidator_chain_duration_seconds_bucket{operation=\"CreateOrganization\",le=\"0.5\"} 18[39m
    [31mvalidator_chain_duration_seconds_bucket{operation=\"CreateOrganization\",le=\"1\"} 18[39m
    [31mvalidator_chain_duration_seconds_bucket{operation=\"CreateOrganization\",le=\"2.5\"} 18[39m
    [31mvalidator_chain_duration_seconds_bucket{operation=\"CreateOrganization\",le=\"5\"} 18[39m
    [31mvalidator_chain_duration_seconds_bucket{operation=\"CreateOrganization\",le=\"10\"} 18[39m
    [31mvalidator_chain_duration_seconds_bucket{operation=\"CreateOrganization\",le=\"+Inf\"} 18[39m
    [31mvalidator_chain_duration_seconds_sum{operation=\"CreateOrganization\"} 0.039634373[39m
    [31mvalidator_chain_duration_seconds_count{operation=\"CreateOrganization\"} 18[39m
    [31mvalidator_chain_duration_seconds_bucket{operation=\"CreatePosition\",le=\"0.005\"} 2[39m
    [31mvalidator_chain_duration_seconds_bucket{operation=\"CreatePosition\",le=\"0.01\"} 2[39m
    [31mvalidator_chain_duration_seconds_bucket{operation=\"CreatePosition\",le=\"0.025\"} 3[39m
    [31mvalidator_chain_duration_seconds_bucket{operation=\"CreatePosition\",le=\"0.05\"} 3[39m
    [31mvalidator_chain_duration_seconds_bucket{operation=\"CreatePosition\",le=\"0.1\"} 3[39m
    [31mvalidator_chain_duration_seconds_bucket{operation=\"CreatePosition\",le=\"0.25\"} 3[39m
    [31mvalidator_chain_duration_seconds_bucket{operation=\"CreatePosition\",le=\"0.5\"} 3[39m
    [31mvalidator_chain_duration_seconds_bucket{operation=\"CreatePosition\",le=\"1\"} 3[39m
    [31mvalidator_chain_duration_seconds_bucket{operation=\"CreatePosition\",le=\"2.5\"} 3[39m
    [31mvalidator_chain_duration_seconds_bucket{operation=\"CreatePosition\",le=\"5\"} 3[39m
    [31mvalidator_chain_duration_seconds_bucket{operation=\"CreatePosition\",le=\"10\"} 3[39m
    [31mvalidator_chain_duration_seconds_bucket{operation=\"CreatePosition\",le=\"+Inf\"} 3[39m
    [31mvalidator_chain_duration_seconds_sum{operation=\"CreatePosition\"} 0.022067436[39m
    [31mvalidator_chain_duration_seconds_count{operation=\"CreatePosition\"} 3[39m
    [31mvalidator_chain_duration_seconds_bucket{operation=\"UpdateOrganization\",le=\"0.005\"} 0[39m
    [31mvalidator_chain_duration_seconds_bucket{operation=\"UpdateOrganization\",le=\"0.01\"} 2[39m
    [31mvalidator_chain_duration_seconds_bucket{operation=\"UpdateOrganization\",le=\"0.025\"} 2[39m
    [31mvalidator_chain_duration_seconds_bucket{operation=\"UpdateOrganization\",le=\"0.05\"} 2[39m
    [31mvalidator_chain_duration_seconds_bucket{operation=\"UpdateOrganization\",le=\"0.1\"} 2[39m
    [31mvalidator_chain_duration_seconds_bucket{operation=\"UpdateOrganization\",le=\"0.25\"} 2[39m
    [31mvalidator_chain_duration_seconds_bucket{operation=\"UpdateOrganization\",le=\"0.5\"} 2[39m
    [31mvalidator_chain_duration_seconds_bucket{operation=\"UpdateOrganization\",le=\"1\"} 2[39m
    [31mvalidator_chain_duration_seconds_bucket{operation=\"UpdateOrganization\",le=\"2.5\"} 2[39m
    [31mvalidator_chain_duration_seconds_bucket{operation=\"UpdateOrganization\",le=\"5\"} 2[39m
    [31mvalidator_chain_duration_seconds_bucket{operation=\"UpdateOrganization\",le=\"10\"} 2[39m
    [31mvalidator_chain_duration_seconds_bucket{operation=\"UpdateOrganization\",le=\"+Inf\"} 2[39m
    [31mvalidator_chain_duration_seconds_sum{operation=\"UpdateOrganization\"} 0.015018341000000001[39m
    [31mvalidator_chain_duration_seconds_count{operation=\"UpdateOrganization\"} 2[39m
    [31m# HELP validator_chain_outcome_total Total number of validation chain executions grouped by outcome.[39m
    [31m# TYPE validator_chain_outcome_total counter[39m
    [31mvalidator_chain_outcome_total{operation=\"CreateOrganization\",outcome=\"success\"} 18[39m
    [31mvalidator_chain_outcome_total{operation=\"CreatePosition\",outcome=\"failed\"} 1[39m
    [31mvalidator_chain_outcome_total{operation=\"CreatePosition\",outcome=\"success\"} 2[39m
    [31mvalidator_chain_outcome_total{operation=\"UpdateOrganization\",outcome=\"success\"} 2[39m
    [31m# HELP validator_rule_duration_seconds Histogram of validation rule execution durations.[39m
    [31m# TYPE validator_rule_duration_seconds histogram[39m
    [31mvalidator_rule_duration_seconds_bucket{rule_id=\"ORG-CIRC\",le=\"0.005\"} 2[39m
    [31mvalidator_rule_duration_seconds_bucket{rule_id=\"ORG-CIRC\",le=\"0.01\"} 2[39m
    [31mvalidator_rule_duration_seconds_bucket{rule_id=\"ORG-CIRC\",le=\"0.025\"} 2[39m
    [31mvalidator_rule_duration_seconds_bucket{rule_id=\"ORG-CIRC\",le=\"0.05\"} 2[39m
    [31mvalidator_rule_duration_seconds_bucket{rule_id=\"ORG-CIRC\",le=\"0.1\"} 2[39m
    [31mvalidator_rule_duration_seconds_bucket{rule_id=\"ORG-CIRC\",le=\"0.25\"} 2[39m
    [31mvalidator_rule_duration_seconds_bucket{rule_id=\"ORG-CIRC\",le=\"0.5\"} 2[39m
    [31mvalidator_rule_duration_seconds_bucket{rule_id=\"ORG-CIRC\",le=\"1\"} 2[39m
    [31mvalidator_rule_duration_seconds_bucket{rule_id=\"ORG-CIRC\",le=\"2.5\"} 2[39m
    [31mvalidator_rule_duration_seconds_bucket{rule_id=\"ORG-CIRC\",le=\"5\"} 2[39m
    [31mvalidator_rule_duration_seconds_bucket{rule_id=\"ORG-CIRC\",le=\"10\"} 2[39m
    [31mvalidator_rule_duration_seconds_bucket{rule_id=\"ORG-CIRC\",le=\"+Inf\"} 2[39m
    [31mvalidator_rule_duration_seconds_sum{rule_id=\"ORG-CIRC\"} 0.008026213[39m
    [31mvalidator_rule_duration_seconds_count{rule_id=\"ORG-CIRC\"} 2[39m
    [31mvalidator_rule_duration_seconds_bucket{rule_id=\"ORG-DEPTH\",le=\"0.005\"} 20[39m
    [31mvalidator_rule_duration_seconds_bucket{rule_id=\"ORG-DEPTH\",le=\"0.01\"} 20[39m
    [31mvalidator_rule_duration_seconds_bucket{rule_id=\"ORG-DEPTH\",le=\"0.025\"} 20[39m
    [31mvalidator_rule_duration_seconds_bucket{rule_id=\"ORG-DEPTH\",le=\"0.05\"} 20[39m
    [31mvalidator_rule_duration_seconds_bucket{rule_id=\"ORG-DEPTH\",le=\"0.1\"} 20[39m
    [31mvalidator_rule_duration_seconds_bucket{rule_id=\"ORG-DEPTH\",le=\"0.25\"} 20[39m
    [31mvalidator_rule_duration_seconds_bucket{rule_id=\"ORG-DEPTH\",le=\"0.5\"} 20[39m
    [31mvalidator_rule_duration_seconds_bucket{rule_id=\"ORG-DEPTH\",le=\"1\"} 20[39m
    [31mvalidator_rule_duration_seconds_bucket{rule_id=\"ORG-DEPTH\",le=\"2.5\"} 20[39m
    [31mvalidator_rule_duration_seconds_bucket{rule_id=\"ORG-DEPTH\",le=\"5\"} 20[39m
    [31mvalidator_rule_duration_seconds_bucket{rule_id=\"ORG-DEPTH\",le=\"10\"} 20[39m
    [31mvalidator_rule_duration_seconds_bucket{rule_id=\"ORG-DEPTH\",le=\"+Inf\"} 20[39m
    [31mvalidator_rule_duration_seconds_sum{rule_id=\"ORG-DEPTH\"} 0.018547364[39m
    [31mvalidator_rule_duration_seconds_count{rule_id=\"ORG-DEPTH\"} 20[39m
    [31mvalidator_rule_duration_seconds_bucket{rule_id=\"ORG-STATUS\",le=\"0.005\"} 2[39m
    [31mvalidator_rule_duration_seconds_bucket{rule_id=\"ORG-STATUS\",le=\"0.01\"} 2[39m
    [31mvalidator_rule_duration_seconds_bucket{rule_id=\"ORG-STATUS\",le=\"0.025\"} 2[39m
    [31mvalidator_rule_duration_seconds_bucket{rule_id=\"ORG-STATUS\",le=\"0.05\"} 2[39m
    [31mvalidator_rule_duration_seconds_bucket{rule_id=\"ORG-STATUS\",le=\"0.1\"} 2[39m
    [31mvalidator_rule_duration_seconds_bucket{rule_id=\"ORG-STATUS\",le=\"0.25\"} 2[39m
    [31mvalidator_rule_duration_seconds_bucket{rule_id=\"ORG-STATUS\",le=\"0.5\"} 2[39m
    [31mvalidator_rule_duration_seconds_bucket{rule_id=\"ORG-STATUS\",le=\"1\"} 2[39m
    [31mvalidator_rule_duration_seconds_bucket{rule_id=\"ORG-STATUS\",le=\"2.5\"} 2[39m
    [31mvalidator_rule_duration_seconds_bucket{rule_id=\"ORG-STATUS\",le=\"5\"} 2[39m
    [31mvalidator_rule_duration_seconds_bucket{rule_id=\"ORG-STATUS\",le=\"10\"} 2[39m
    [31mvalidator_rule_duration_seconds_bucket{rule_id=\"ORG-STATUS\",le=\"+Inf\"} 2[39m
    [31mvalidator_rule_duration_seconds_sum{rule_id=\"ORG-STATUS\"} 3.173e-06[39m
    [31mvalidator_rule_duration_seconds_count{rule_id=\"ORG-STATUS\"} 2[39m
    [31mvalidator_rule_duration_seconds_bucket{rule_id=\"ORG-TEMPORAL\",le=\"0.005\"} 19[39m
    [31mvalidator_rule_duration_seconds_bucket{rule_id=\"ORG-TEMPORAL\",le=\"0.01\"} 19[39m
    [31mvalidator_rule_duration_seconds_bucket{rule_id=\"ORG-TEMPORAL\",le=\"0.025\"} 19[39m
    [31mvalidator_rule_duration_seconds_bucket{rule_id=\"ORG-TEMPORAL\",le=\"0.05\"} 19[39m
    [31mvalidator_rule_duration_seconds_bucket{rule_id=\"ORG-TEMPORAL\",le=\"0.1\"} 19[39m
    [31mvalidator_rule_duration_seconds_bucket{rule_id=\"ORG-TEMPORAL\",le=\"0.25\"} 19[39m
    [31mvalidator_rule_duration_seconds_bucket{rule_id=\"ORG-TEMPORAL\",le=\"0.5\"} 19[39m
    [31mvalidator_rule_duration_seconds_bucket{rule_id=\"ORG-TEMPORAL\",le=\"1\"} 19[39m
    [31mvalidator_rule_duration_seconds_bucket{rule_id=\"ORG-TEMPORAL\",le=\"2.5\"} 19[39m
    [31mvalidator_rule_duration_seconds_bucket{rule_id=\"ORG-TEMPORAL\",le=\"5\"} 19[39m
    [31mvalidator_rule_duration_seconds_bucket{rule_id=\"ORG-TEMPORAL\",le=\"10\"} 19[39m
    [31mvalidator_rule_duration_seconds_bucket{rule_id=\"ORG-TEMPORAL\",le=\"+Inf\"} 19[39m
    [31mvalidator_rule_duration_seconds_sum{rule_id=\"ORG-TEMPORAL\"} 0.026825831000000005[39m
    [31mvalidator_rule_duration_seconds_count{rule_id=\"ORG-TEMPORAL\"} 19[39m
    [31mvalidator_rule_duration_seconds_bucket{rule_id=\"POS-JC-LINK\",le=\"0.005\"} 2[39m
    [31mvalidator_rule_duration_seconds_bucket{rule_id=\"POS-JC-LINK\",le=\"0.01\"} 2[39m
    [31mvalidator_rule_duration_seconds_bucket{rule_id=\"POS-JC-LINK\",le=\"0.025\"} 3[39m
    [31mvalidator_rule_duration_seconds_bucket{rule_id=\"POS-JC-LINK\",le=\"0.05\"} 3[39m
    [31mvalidator_rule_duration_seconds_bucket{rule_id=\"POS-JC-LINK\",le=\"0.1\"} 3[39m
    [31mvalidator_rule_duration_seconds_bucket{rule_id=\"POS-JC-LINK\",le=\"0.25\"} 3[39m
    [31mvalidator_rule_duration_seconds_bucket{rule_id=\"POS-JC-LINK\",le=\"0.5\"} 3[39m
    [31mvalidator_rule_duration_seconds_bucket{rule_id=\"POS-JC-LINK\",le=\"1\"} 3[39m
    [31mvalidator_rule_duration_seconds_bucket{rule_id=\"POS-JC-LINK\",le=\"2.5\"} 3[39m
    [31mvalidator_rule_duration_seconds_bucket{rule_id=\"POS-JC-LINK\",le=\"5\"} 3[39m
    [31mvalidator_rule_duration_seconds_bucket{rule_id=\"POS-JC-LINK\",le=\"10\"} 3[39m
    [31mvalidator_rule_duration_seconds_bucket{rule_id=\"POS-JC-LINK\",le=\"+Inf\"} 3[39m
    [31mvalidator_rule_duration_seconds_sum{rule_id=\"POS-JC-LINK\"} 0.019374451999999997[39m
    [31mvalidator_rule_duration_seconds_count{rule_id=\"POS-JC-LINK\"} 3[39m
    [31mvalidator_rule_duration_seconds_bucket{rule_id=\"POS-ORG\",le=\"0.005\"} 3[39m
    [31mvalidator_rule_duration_seconds_bucket{rule_id=\"POS-ORG\",le=\"0.01\"} 3[39m
    [31mvalidator_rule_duration_seconds_bucket{rule_id=\"POS-ORG\",le=\"0.025\"} 3[39m
    [31mvalidator_rule_duration_seconds_bucket{rule_id=\"POS-ORG\",le=\"0.05\"} 3[39m
    [31mvalidator_rule_duration_seconds_bucket{rule_id=\"POS-ORG\",le=\"0.1\"} 3[39m
    [31mvalidator_rule_duration_seconds_bucket{rule_id=\"POS-ORG\",le=\"0.25\"} 3[39m
    [31mvalidator_rule_duration_seconds_bucket{rule_id=\"POS-ORG\",le=\"0.5\"} 3[39m
    [31mvalidator_rule_duration_seconds_bucket{rule_id=\"POS-ORG\",le=\"1\"} 3[39m
    [31mvalidator_rule_duration_seconds_bucket{rule_id=\"POS-ORG\",le=\"2.5\"} 3[39m
    [31mvalidator_rule_duration_seconds_bucket{rule_id=\"POS-ORG\",le=\"5\"} 3[39m
    [31mvalidator_rule_duration_seconds_bucket{rule_id=\"POS-ORG\",le=\"10\"} 3[39m
    [31mvalidator_rule_duration_seconds_bucket{rule_id=\"POS-ORG\",le=\"+Inf\"} 3[39m
    [31mvalidator_rule_duration_seconds_sum{rule_id=\"POS-ORG\"} 0.002578819[39m
    [31mvalidator_rule_duration_seconds_count{rule_id=\"POS-ORG\"} 3[39m
    [31m# HELP validator_rule_outcome_total Total number of validation rule executions grouped by outcome.[39m
    [31m# TYPE validator_rule_outcome_total counter[39m
    [31mvalidator_rule_outcome_total{outcome=\"failed\",rule_id=\"POS-JC-LINK\"} 1[39m
    [31mvalidator_rule_outcome_total{outcome=\"success\",rule_id=\"ORG-CIRC\"} 2[39m
    [31mvalidator_rule_outcome_total{outcome=\"success\",rule_id=\"ORG-DEPTH\"} 20[39m
    [31mvalidator_rule_outcome_total{outcome=\"success\",rule_id=\"ORG-STATUS\"} 2[39m
    [31mvalidator_rule_outcome_total{outcome=\"success\",rule_id=\"ORG-TEMPORAL\"} 19[39m
    [31mvalidator_rule_outcome_total{outcome=\"success\",rule_id=\"POS-JC-LINK\"} 2[39m
    [31mvalidator_rule_outcome_total{outcome=\"success\",rule_id=\"POS-ORG\"} 3[39m
    [31m"[39m

      317 |
      318 |     // 验证业务指标被正确记录
    > 319 |     expect(updatedMetrics).toContain('organization_operations_total');
          |                            ^
      320 |     expect(updatedMetrics).toContain('http_requests_total');
      321 |   });
      322 | });
        at /home/shangmeilin/cube-castle/frontend/tests/e2e/optimization-verification-e2e.spec.ts:319:28

    attachment #1: screenshot (image/png) ──────────────────────────────────────────────────────────
    test-results/optimization-verification-e2e-优化效果验证测试-监控指标验证测试-firefox/test-failed-1.png
    ────────────────────────────────────────────────────────────────────────────────────────────────

    attachment #2: video (video/webm) ──────────────────────────────────────────────────────────────
    test-results/optimization-verification-e2e-优化效果验证测试-监控指标验证测试-firefox/video.webm
    ────────────────────────────────────────────────────────────────────────────────────────────────

    Error Context: test-results/optimization-verification-e2e-优化效果验证测试-监控指标验证测试-firefox/error-context.md

    attachment #4: trace (application/zip) ─────────────────────────────────────────────────────────
    test-results/optimization-verification-e2e-优化效果验证测试-监控指标验证测试-firefox/trace.zip
    Usage:

        npx playwright show-trace test-results/optimization-verification-e2e-优化效果验证测试-监控指标验证测试-firefox/trace.zip

    ────────────────────────────────────────────────────────────────────────────────────────────────


[1A[2K[180/234] [firefox] › tests/e2e/position-crud-full-lifecycle.spec.ts:396:3 › 职位管理CRUD错误处理 › 验证创建职位时的必填字段校验
[1A[2K[firefox] › tests/e2e/position-crud-full-lifecycle.spec.ts:38:3 › 职位管理完整CRUD生命周期 › Step 1: 创建职位 (Create)
✅ 认证设置已注入 localStorage

[1A[2K
🧪 [Step 1] 创建职位测试 - E2E-1763966983008-qk82ij1qt

[1A[2K  105) [firefox] › tests/e2e/job-catalog-secondary-navigation.spec.ts:179:3 › 职位管理二级导航（真实后端权限验证） › 管理员通过 UI 编辑职类成功并触发 If-Match 

    Error: [2mexpect([22m[31mlocator[39m[2m).[22mtoBeVisible[2m([22m[2m)[22m failed

    Locator: getByRole('heading', { name: '职类详情' })
    Expected: visible
    Timeout: 15000ms
    Error: element(s) not found

    Call log:
    [2m  - Expect "toBeVisible" with timeout 15000ms[22m
    [2m  - waiting for getByRole('heading', { name: '职类详情' })[22m


      191 |       await loadingHeading.waitFor({ state: 'hidden', timeout: 15000 });
      192 |     }
    > 193 |     await expect(page.getByRole('heading', { name: '职类详情' })).toBeVisible();
          |                                                               ^
      194 |     await expect(page.getByText(jobFamilyGroup.name)).toBeVisible();
      195 |
      196 |   const editButton = page.getByRole('main').getByRole('button', { name: '编辑当前版本' });
        at /home/shangmeilin/cube-castle/frontend/tests/e2e/job-catalog-secondary-navigation.spec.ts:193:63

    attachment #1: screenshot (image/png) ──────────────────────────────────────────────────────────
    test-results/job-catalog-secondary-navi-af1dd-管理员通过-UI-编辑职类成功并触发-If-Match-firefox/test-failed-1.png
    ────────────────────────────────────────────────────────────────────────────────────────────────

    attachment #2: video (video/webm) ──────────────────────────────────────────────────────────────
    test-results/job-catalog-secondary-navi-af1dd-管理员通过-UI-编辑职类成功并触发-If-Match-firefox/video.webm
    ────────────────────────────────────────────────────────────────────────────────────────────────

    Error Context: test-results/job-catalog-secondary-navi-af1dd-管理员通过-UI-编辑职类成功并触发-If-Match-firefox/error-context.md

    attachment #4: trace (application/zip) ─────────────────────────────────────────────────────────
    test-results/job-catalog-secondary-navi-af1dd-管理员通过-UI-编辑职类成功并触发-If-Match-firefox/trace.zip
    Usage:

        npx playwright show-trace test-results/job-catalog-secondary-navi-af1dd-管理员通过-UI-编辑职类成功并触发-If-Match-firefox/trace.zip

    ────────────────────────────────────────────────────────────────────────────────────────────────


[1A[2K[181/234] [firefox] › tests/e2e/job-catalog-secondary-navigation.spec.ts:220:3 › 职位管理二级导航（真实后端权限验证） › 普通用户更新职类遭遇 403 禁止访问
[1A[2K[182/234] [firefox] › tests/e2e/job-catalog-secondary-navigation.spec.ts:238:3 › 职位管理二级导航（真实后端权限验证） › If-Match 不匹配返回 412 Precondition Failed
[1A[2K  106) [firefox] › tests/e2e/position-crud-full-lifecycle.spec.ts:38:3 › 职位管理完整CRUD生命周期 › Step 1: 创建职位 (Create) 

    Error: 创建职位应返回201

    [2mexpect([22m[31mreceived[39m[2m).[22mtoBe[2m([22m[32mexpected[39m[2m) // Object.is equality[22m

    Expected: [32m201[39m
    Received: [31m500[39m

      82 |
      83 |     // 验证响应
    > 84 |     expect(response.status(), '创建职位应返回201').toBe(201);
         |                                             ^
      85 |
      86 |     console.log('✅ 创建职位响应:', JSON.stringify(responseBody, null, 2));
      87 |
        at /home/shangmeilin/cube-castle/frontend/tests/e2e/position-crud-full-lifecycle.spec.ts:84:45

    attachment #1: screenshot (image/png) ──────────────────────────────────────────────────────────
    test-results/position-crud-full-lifecyc-b9f01-RUD生命周期-Step-1-创建职位-Create--firefox/test-failed-1.png
    ────────────────────────────────────────────────────────────────────────────────────────────────

    attachment #2: video (video/webm) ──────────────────────────────────────────────────────────────
    test-results/position-crud-full-lifecyc-b9f01-RUD生命周期-Step-1-创建职位-Create--firefox/video.webm
    ────────────────────────────────────────────────────────────────────────────────────────────────

    Error Context: test-results/position-crud-full-lifecyc-b9f01-RUD生命周期-Step-1-创建职位-Create--firefox/error-context.md

    attachment #4: trace (application/zip) ─────────────────────────────────────────────────────────
    test-results/position-crud-full-lifecyc-b9f01-RUD生命周期-Step-1-创建职位-Create--firefox/trace.zip
    Usage:

        npx playwright show-trace test-results/position-crud-full-lifecyc-b9f01-RUD生命周期-Step-1-创建职位-Create--firefox/trace.zip

    ────────────────────────────────────────────────────────────────────────────────────────────────


[1A[2K[183/234] [firefox] › tests/e2e/position-crud-full-lifecycle.spec.ts:110:3 › 职位管理完整CRUD生命周期 › Step 2: 读取职位详情 (Read)
[1A[2K[184/234] [firefox] › tests/e2e/position-crud-full-lifecycle.spec.ts:147:3 › 职位管理完整CRUD生命周期 › Step 3: 更新职位信息 (Update)
[1A[2K[185/234] [firefox] › tests/e2e/position-crud-full-lifecycle.spec.ts:205:3 › 职位管理完整CRUD生命周期 › Step 4: 填充职位 (Fill Position)
[1A[2K[186/234] [firefox] › tests/e2e/position-crud-full-lifecycle.spec.ts:265:3 › 职位管理完整CRUD生命周期 › Step 5: 空缺职位 (Vacate Position)
[1A[2K[187/234] [firefox] › tests/e2e/position-crud-full-lifecycle.spec.ts:312:3 › 职位管理完整CRUD生命周期 › Step 6: 删除职位 (Delete)
[1A[2K[188/234] [firefox] › tests/e2e/position-crud-full-lifecycle.spec.ts:363:3 › 职位管理完整CRUD生命周期 › Step 7: 验证完整生命周期一致性
[1A[2K[189/234] [firefox] › tests/e2e/position-crud-live.spec.ts:15:3 › 职位管理 CRUD（真实后端链路） › 加载职位列表并跳转详情
[1A[2K[190/234] [firefox] › tests/e2e/position-crud-live.spec.ts:96:3 › 职位管理 Mock 守护 › Mock 模式显示只读提示并禁用创建按钮
[1A[2K[firefox] › tests/e2e/position-crud-full-lifecycle.spec.ts:396:3 › 职位管理CRUD错误处理 › 验证创建职位时的必填字段校验
✅ 认证设置已注入 localStorage

[1A[2K✅ 必填字段校验返回状态 422

[1A[2K[191/234] [firefox] › tests/e2e/position-crud-full-lifecycle.spec.ts:424:3 › 职位管理CRUD错误处理 › 验证更新不存在的职位返回404
[1A[2K[192/234] [firefox] › tests/e2e/position-observability.spec.ts:27:3 › Position Observability (Plan 240D) › collects [OBS] logs and writes to plan240/D
[1A[2K[193/234] [firefox] › tests/e2e/position-lifecycle.spec.ts:67:3 › 职位生命周期视图 › 展示任职与调动历史
[1A[2K[firefox] › tests/e2e/position-observability.spec.ts:27:3 › Position Observability (Plan 240D) › collects [OBS] logs and writes to plan240/D
✅ 认证设置已注入 localStorage

[1A[2K  107) [firefox] › tests/e2e/position-observability.spec.ts:27:3 › Position Observability (Plan 240D) › collects [OBS] logs and writes to plan240/D 

    Error: [2mexpect([22m[31mreceived[39m[2m).[22mtoBe[2m([22m[32mexpected[39m[2m) // Object.is equality[22m

    Expected: [32m201[39m
    Received: [31m500[39m

      91 |         test.skip(true, '职位创建依赖参考数据缺失（Job Catalog/Org），跳过观测验证');
      92 |       }
    > 93 |       expect(createResp.status()).toBe(201);
         |                                   ^
      94 |       const created = await createResp.json();
      95 |       positionCode = created?.data?.code as string;
      96 |
        at /home/shangmeilin/cube-castle/frontend/tests/e2e/position-observability.spec.ts:93:35

    attachment #1: screenshot (image/png) ──────────────────────────────────────────────────────────
    test-results/position-observability-Pos-8ee07-ogs-and-writes-to-plan240-D-firefox/test-failed-1.png
    ────────────────────────────────────────────────────────────────────────────────────────────────

    attachment #2: video (video/webm) ──────────────────────────────────────────────────────────────
    test-results/position-observability-Pos-8ee07-ogs-and-writes-to-plan240-D-firefox/video.webm
    ────────────────────────────────────────────────────────────────────────────────────────────────

    Error Context: test-results/position-observability-Pos-8ee07-ogs-and-writes-to-plan240-D-firefox/error-context.md

    attachment #4: trace (application/zip) ─────────────────────────────────────────────────────────
    test-results/position-observability-Pos-8ee07-ogs-and-writes-to-plan240-D-firefox/trace.zip
    Usage:

        npx playwright show-trace test-results/position-observability-Pos-8ee07-ogs-and-writes-to-plan240-D-firefox/trace.zip

    ────────────────────────────────────────────────────────────────────────────────────────────────


[1A[2K[firefox] › tests/e2e/position-crud-full-lifecycle.spec.ts:424:3 › 职位管理CRUD错误处理 › 验证更新不存在的职位返回404
✅ 认证设置已注入 localStorage

[1A[2K✅ 不存在职位校验通过

[1A[2K[194/234] [firefox] › tests/e2e/position-tabs.spec.ts:186:3 › 职位详情多页签体验 › Mock 模式下隐藏写入按钮
[1A[2K[195/234] [firefox] › tests/e2e/position-tabs.spec.ts:139:3 › 职位详情多页签体验 › 六个页签可切换且展示对应内容
[1A[2K[firefox] › tests/e2e/position-lifecycle.spec.ts:67:3 › 职位生命周期视图 › 展示任职与调动历史
✅ 认证设置已注入 localStorage

[1A[2K[196/234] [firefox] › tests/e2e/regression-e2e.spec.ts:25:3 › 回归测试和兼容性验证 › 关键功能回归测试
[1A[2K[firefox] › tests/e2e/regression-e2e.spec.ts:25:3 › 回归测试和兼容性验证 › 关键功能回归测试
✅ 认证设置已注入 localStorage

[1A[2K  108) [firefox] › tests/e2e/organization-create.spec.ts:12:3 › Organization Create Flow › allows selecting parent organization before submitting create request 

    Error: [2mexpect([22m[31mlocator[39m[2m).[22mtoBeVisible[2m([22m[2m)[22m failed

    Locator: getByTestId('temporal-organization-dashboard')
    Expected: visible
    Timeout: 15000ms
    Error: element(s) not found

    Call log:
    [2m  - Expect "toBeVisible" with timeout 15000ms[22m
    [2m  - waiting for getByTestId('temporal-organization-dashboard')[22m


       7 |     await setupAuth(page);
       8 |     await page.goto('/organizations');
    >  9 |     await expect(page.getByTestId(temporalEntitySelectors.organization.dashboard)).toBeVisible({ timeout: 15000 });
         |                                                                                    ^
      10 |   });
      11 |
      12 |   test('allows selecting parent organization before submitting create request', async ({ page }) => {
        at /home/shangmeilin/cube-castle/frontend/tests/e2e/organization-create.spec.ts:9:84

    attachment #1: screenshot (image/png) ──────────────────────────────────────────────────────────
    test-results/organization-create-Organi-7fb78-e-submitting-create-request-firefox/test-failed-1.png
    ────────────────────────────────────────────────────────────────────────────────────────────────

    attachment #2: video (video/webm) ──────────────────────────────────────────────────────────────
    test-results/organization-create-Organi-7fb78-e-submitting-create-request-firefox/video.webm
    ────────────────────────────────────────────────────────────────────────────────────────────────

    Error Context: test-results/organization-create-Organi-7fb78-e-submitting-create-request-firefox/error-context.md

    attachment #4: trace (application/zip) ─────────────────────────────────────────────────────────
    test-results/organization-create-Organi-7fb78-e-submitting-create-request-firefox/trace.zip
    Usage:

        npx playwright show-trace test-results/organization-create-Organi-7fb78-e-submitting-create-request-firefox/trace.zip

    ────────────────────────────────────────────────────────────────────────────────────────────────


[1A[2K[197/234] [firefox] › tests/e2e/regression-e2e.spec.ts:47:3 › 回归测试和兼容性验证 › API兼容性测试
[1A[2K[firefox] › tests/e2e/regression-e2e.spec.ts:47:3 › 回归测试和兼容性验证 › API兼容性测试
✅ 认证设置已注入 localStorage

[1A[2K  109) [firefox] › tests/e2e/regression-e2e.spec.ts:47:3 › 回归测试和兼容性验证 › API兼容性测试 ───────────────────

    Error: [2mexpect([22m[31mreceived[39m[2m).[22mtoHaveProperty[2m([22m[32mpath[39m[2m, [22m[32mvalue[39m[2m)[22m

    Expected path: [32m"service"[39m

    Expected value: [32m"organization-command-service"[39m
    Received value: [31m"command"[39m

      108 |     expect(restHealth.status).toBe(200);
      109 |     expect(restHealth.data).toHaveProperty('status', 'healthy');
    > 110 |     expect(restHealth.data).toHaveProperty('service', 'organization-command-service');
          |                             ^
      111 |   });
      112 |
      113 |   test('数据迁移验证测试', async ({ page }) => {
        at /home/shangmeilin/cube-castle/frontend/tests/e2e/regression-e2e.spec.ts:110:29

    attachment #1: screenshot (image/png) ──────────────────────────────────────────────────────────
    test-results/regression-e2e-回归测试和兼容性验证-API兼容性测试-firefox/test-failed-1.png
    ────────────────────────────────────────────────────────────────────────────────────────────────

    attachment #2: video (video/webm) ──────────────────────────────────────────────────────────────
    test-results/regression-e2e-回归测试和兼容性验证-API兼容性测试-firefox/video.webm
    ────────────────────────────────────────────────────────────────────────────────────────────────

    Error Context: test-results/regression-e2e-回归测试和兼容性验证-API兼容性测试-firefox/error-context.md

    attachment #4: trace (application/zip) ─────────────────────────────────────────────────────────
    test-results/regression-e2e-回归测试和兼容性验证-API兼容性测试-firefox/trace.zip
    Usage:

        npx playwright show-trace test-results/regression-e2e-回归测试和兼容性验证-API兼容性测试-firefox/trace.zip

    ────────────────────────────────────────────────────────────────────────────────────────────────


[1A[2K[198/234] [firefox] › tests/e2e/regression-e2e.spec.ts:113:3 › 回归测试和兼容性验证 › 数据迁移验证测试
[1A[2K[firefox] › tests/e2e/regression-e2e.spec.ts:113:3 › 回归测试和兼容性验证 › 数据迁移验证测试
✅ 认证设置已注入 localStorage

[1A[2K[199/234] [firefox] › tests/e2e/regression-e2e.spec.ts:187:3 › 回归测试和兼容性验证 › 跨浏览器兼容性验证
[1A[2K[firefox] › tests/e2e/regression-e2e.spec.ts:187:3 › 回归测试和兼容性验证 › 跨浏览器兼容性验证
✅ 认证设置已注入 localStorage

[1A[2K测试浏览器: firefox

[1A[2K  110) [firefox] › tests/e2e/position-lifecycle.spec.ts:67:3 › 职位生命周期视图 › 展示任职与调动历史 ────────────────

    TimeoutError: page.waitForResponse: Timeout 15000ms exceeded while waiting for event "response"

       at utils/waitPatterns.ts:62

      60 |   const urlMatcher = options?.urlMatcher ?? DEFAULT_GRAPHQL_MATCHER;
      61 |
    > 62 |   await page.waitForResponse(
         |              ^
      63 |     response =>
      64 |       response.request().method() === 'POST' &&
      65 |       matchesUrl(response.url(), urlMatcher) &&
        at waitForGraphQL (/home/shangmeilin/cube-castle/frontend/tests/e2e/utils/waitPatterns.ts:62:14)
        at /home/shangmeilin/cube-castle/frontend/tests/e2e/position-lifecycle.spec.ts:72:31

    attachment #1: screenshot (image/png) ──────────────────────────────────────────────────────────
    test-results/position-lifecycle-职位生命周期视图-展示任职与调动历史-firefox/test-failed-1.png
    ────────────────────────────────────────────────────────────────────────────────────────────────

    attachment #2: video (video/webm) ──────────────────────────────────────────────────────────────
    test-results/position-lifecycle-职位生命周期视图-展示任职与调动历史-firefox/video.webm
    ────────────────────────────────────────────────────────────────────────────────────────────────

    Error Context: test-results/position-lifecycle-职位生命周期视图-展示任职与调动历史-firefox/error-context.md

    attachment #4: trace (application/zip) ─────────────────────────────────────────────────────────
    test-results/position-lifecycle-职位生命周期视图-展示任职与调动历史-firefox/trace.zip
    Usage:

        npx playwright show-trace test-results/position-lifecycle-职位生命周期视图-展示任职与调动历史-firefox/trace.zip

    ────────────────────────────────────────────────────────────────────────────────────────────────


[1A[2K  111) [firefox] › tests/e2e/regression-e2e.spec.ts:25:3 › 回归测试和兼容性验证 › 关键功能回归测试 ───────────────────

    Error: [2mexpect([22m[31mlocator[39m[2m).[22mtoBeVisible[2m([22m[2m)[22m failed

    Locator: getByText('组织架构管理')
    Expected: visible
    Timeout: 15000ms
    Error: element(s) not found

    Call log:
    [2m  - Expect "toBeVisible" with timeout 15000ms[22m
    [2m  - waiting for getByText('组织架构管理')[22m


      27 |
      28 |     // 1. 验证基本UI组件正常工作
    > 29 |     await expect(page.getByText('组织架构管理')).toBeVisible();
         |                                            ^
      30 |     await expect(page.getByRole('button', { name: '新增组织单元' })).toBeVisible();
      31 |     await expect(page.getByRole('button', { name: '导入数据' })).toBeVisible();
      32 |     await expect(page.getByRole('button', { name: '导出报告' })).toBeVisible();
        at /home/shangmeilin/cube-castle/frontend/tests/e2e/regression-e2e.spec.ts:29:44

    attachment #1: screenshot (image/png) ──────────────────────────────────────────────────────────
    test-results/regression-e2e-回归测试和兼容性验证-关键功能回归测试-firefox/test-failed-1.png
    ────────────────────────────────────────────────────────────────────────────────────────────────

    attachment #2: video (video/webm) ──────────────────────────────────────────────────────────────
    test-results/regression-e2e-回归测试和兼容性验证-关键功能回归测试-firefox/video.webm
    ────────────────────────────────────────────────────────────────────────────────────────────────

    Error Context: test-results/regression-e2e-回归测试和兼容性验证-关键功能回归测试-firefox/error-context.md

    attachment #4: trace (application/zip) ─────────────────────────────────────────────────────────
    test-results/regression-e2e-回归测试和兼容性验证-关键功能回归测试-firefox/trace.zip
    Usage:

        npx playwright show-trace test-results/regression-e2e-回归测试和兼容性验证-关键功能回归测试-firefox/trace.zip

    ────────────────────────────────────────────────────────────────────────────────────────────────


[1A[2K[200/234] [firefox] › tests/e2e/regression-e2e.spec.ts:229:3 › 回归测试和兼容性验证 › 性能回归测试
[1A[2K[201/234] [firefox] › tests/e2e/regression-e2e.spec.ts:286:3 › 回归测试和兼容性验证 › 错误边界和异常处理测试
[1A[2K[firefox] › tests/e2e/regression-e2e.spec.ts:229:3 › 回归测试和兼容性验证 › 性能回归测试
✅ 认证设置已注入 localStorage

[1A[2K[firefox] › tests/e2e/regression-e2e.spec.ts:286:3 › 回归测试和兼容性验证 › 错误边界和异常处理测试
✅ 认证设置已注入 localStorage

[1A[2K  112) [firefox] › tests/e2e/regression-e2e.spec.ts:187:3 › 回归测试和兼容性验证 › 跨浏览器兼容性验证 ─────────────────

    Error: [2mexpect([22m[31mlocator[39m[2m).[22mtoBeVisible[2m([22m[2m)[22m failed

    Locator: getByText('组织架构管理')
    Expected: visible
    Timeout: 15000ms
    Error: element(s) not found

    Call log:
    [2m  - Expect "toBeVisible" with timeout 15000ms[22m
    [2m  - waiting for getByText('组织架构管理')[22m


      191 |
      192 |     // 1. 验证基本功能在所有浏览器中正常工作
    > 193 |     await expect(page.getByText('组织架构管理')).toBeVisible();
          |                                            ^
      194 |
      195 |     // 2. 验证JavaScript功能
      196 |     const jsTest = await page.evaluate(() => {
        at /home/shangmeilin/cube-castle/frontend/tests/e2e/regression-e2e.spec.ts:193:44

    attachment #1: screenshot (image/png) ──────────────────────────────────────────────────────────
    test-results/regression-e2e-回归测试和兼容性验证-跨浏览器兼容性验证-firefox/test-failed-1.png
    ────────────────────────────────────────────────────────────────────────────────────────────────

    attachment #2: video (video/webm) ──────────────────────────────────────────────────────────────
    test-results/regression-e2e-回归测试和兼容性验证-跨浏览器兼容性验证-firefox/video.webm
    ────────────────────────────────────────────────────────────────────────────────────────────────

    Error Context: test-results/regression-e2e-回归测试和兼容性验证-跨浏览器兼容性验证-firefox/error-context.md

    attachment #4: trace (application/zip) ─────────────────────────────────────────────────────────
    test-results/regression-e2e-回归测试和兼容性验证-跨浏览器兼容性验证-firefox/trace.zip
    Usage:

        npx playwright show-trace test-results/regression-e2e-回归测试和兼容性验证-跨浏览器兼容性验证-firefox/trace.zip

    ────────────────────────────────────────────────────────────────────────────────────────────────


[1A[2K[202/234] [firefox] › tests/e2e/schema-validation.spec.ts:26:3 › Schema & 契约验证 › REST 创建组织返回契约字段
[1A[2K[firefox] › tests/e2e/schema-validation.spec.ts:26:3 › Schema & 契约验证 › REST 创建组织返回契约字段
✅ 发现活跃前端服务：http://localhost:3000

[1A[2K  113) [firefox] › tests/e2e/schema-validation.spec.ts:26:3 › Schema & 契约验证 › REST 创建组织返回契约字段 ──────

    Error: [2mexpect([22m[31mreceived[39m[2m).[22mtoBe[2m([22m[32mexpected[39m[2m) // Object.is equality[22m

    Expected: [32m201[39m
    Received: [31m500[39m

      42 |     });
      43 |
    > 44 |     expect(response.status()).toBe(201);
         |                               ^
      45 |     const body = await response.json();
      46 |
      47 |     expect(body).toMatchObject({
        at /home/shangmeilin/cube-castle/frontend/tests/e2e/schema-validation.spec.ts:44:31

    attachment #1: trace (application/zip) ─────────────────────────────────────────────────────────
    test-results/schema-validation-Schema-契约验证-REST-创建组织返回契约字段-firefox/trace.zip
    Usage:

        npx playwright show-trace test-results/schema-validation-Schema-契约验证-REST-创建组织返回契约字段-firefox/trace.zip

    ────────────────────────────────────────────────────────────────────────────────────────────────


[1A[2K[203/234] [firefox] › tests/e2e/schema-validation.spec.ts:59:3 › Schema & 契约验证 › REST 创建组织缺少字段时返回 400
[1A[2K[firefox] › tests/e2e/schema-validation.spec.ts:59:3 › Schema & 契约验证 › REST 创建组织缺少字段时返回 400
✅ 发现活跃前端服务：http://localhost:3000

[1A[2K[204/234] [firefox] › tests/e2e/schema-validation.spec.ts:79:3 › Schema & 契约验证 › GraphQL organizations 字段类型正确
[1A[2K[firefox] › tests/e2e/schema-validation.spec.ts:79:3 › Schema & 契约验证 › GraphQL organizations 字段类型正确
✅ 发现活跃前端服务：http://localhost:3000

[1A[2K[205/234] [firefox] › tests/e2e/schema-validation.spec.ts:115:3 › Schema & 契约验证 › GraphQL 错误响应携带 message
[1A[2K[firefox] › tests/e2e/schema-validation.spec.ts:115:3 › Schema & 契约验证 › GraphQL 错误响应携带 message
✅ 发现活跃前端服务：http://localhost:3000

[1A[2K  114) [firefox] › tests/e2e/schema-validation.spec.ts:115:3 › Schema & 契约验证 › GraphQL 错误响应携带 message 

    Error: [2mexpect([22m[31mreceived[39m[2m).[22mtoBeTruthy[2m()[22m

    Received: [31mfalse[39m

      130 |     });
      131 |
    > 132 |     expect(response.ok()).toBeTruthy();
          |                           ^
      133 |     const body = await response.json();
      134 |     expect(body.errors?.[0]?.message).toContain('nonexistentField');
      135 |   });
        at /home/shangmeilin/cube-castle/frontend/tests/e2e/schema-validation.spec.ts:132:27

    attachment #1: trace (application/zip) ─────────────────────────────────────────────────────────
    test-results/schema-validation-Schema-契约验证-GraphQL-错误响应携带-message-firefox/trace.zip
    Usage:

        npx playwright show-trace test-results/schema-validation-Schema-契约验证-GraphQL-错误响应携带-message-firefox/trace.zip

    ────────────────────────────────────────────────────────────────────────────────────────────────


[1A[2K[206/234] [firefox] › tests/e2e/simple-connection-test.spec.ts:6:1 › 简单的服务器连接测试
[1A[2K  115) [firefox] › tests/e2e/regression-e2e.spec.ts:229:3 › 回归测试和兼容性验证 › 性能回归测试 ────────────────────

    Error: [2mexpect([22m[31mlocator[39m[2m).[22mtoBeVisible[2m([22m[2m)[22m failed

    Locator: getByText('组织架构管理')
    Expected: visible
    Timeout: 15000ms
    Error: element(s) not found

    Call log:
    [2m  - Expect "toBeVisible" with timeout 15000ms[22m
    [2m  - waiting for getByText('组织架构管理')[22m


      232 |     const startTime = Date.now();
      233 |     await page.goto('/organizations');
    > 234 |     await expect(page.getByText('组织架构管理')).toBeVisible();
          |                                            ^
      235 |     const loadTime = Date.now() - startTime;
      236 |
      237 |     console.log(`页面加载时间: ${loadTime}ms`);
        at /home/shangmeilin/cube-castle/frontend/tests/e2e/regression-e2e.spec.ts:234:44

    attachment #1: screenshot (image/png) ──────────────────────────────────────────────────────────
    test-results/regression-e2e-回归测试和兼容性验证-性能回归测试-firefox/test-failed-1.png
    ────────────────────────────────────────────────────────────────────────────────────────────────

    attachment #2: video (video/webm) ──────────────────────────────────────────────────────────────
    test-results/regression-e2e-回归测试和兼容性验证-性能回归测试-firefox/video.webm
    ────────────────────────────────────────────────────────────────────────────────────────────────

    Error Context: test-results/regression-e2e-回归测试和兼容性验证-性能回归测试-firefox/error-context.md

    attachment #4: trace (application/zip) ─────────────────────────────────────────────────────────
    test-results/regression-e2e-回归测试和兼容性验证-性能回归测试-firefox/trace.zip
    Usage:

        npx playwright show-trace test-results/regression-e2e-回归测试和兼容性验证-性能回归测试-firefox/trace.zip

    ────────────────────────────────────────────────────────────────────────────────────────────────


[1A[2K[firefox] › tests/e2e/simple-connection-test.spec.ts:6:1 › 简单的服务器连接测试
开始测试服务器连接...

[1A[2K[207/234] [firefox] › tests/e2e/smoke-org-detail.spec.ts:8:3 › 组织详情 Smoke › 可以打开组织详情页面（Temporal）
[1A[2K✅ 发现活跃前端服务：http://localhost:3000

[1A[2K✅ 使用前端基址: http://localhost:3000

[1A[2K  116) [firefox] › tests/e2e/regression-e2e.spec.ts:286:3 › 回归测试和兼容性验证 › 错误边界和异常处理测试 ───────────────

    Error: [2mexpect([22m[31mlocator[39m[2m).[22mtoBeVisible[2m([22m[2m)[22m failed

    Locator: getByText('加载失败').or(getByText('服务器错误'))
    Expected: visible
    Timeout: 15000ms
    Error: element(s) not found

    Call log:
    [2m  - Expect "toBeVisible" with timeout 15000ms[22m
    [2m  - waiting for getByText('加载失败').or(getByText('服务器错误'))[22m


      314 |     await expect(
      315 |       page.getByText('加载失败').or(page.getByText('服务器错误'))
    > 316 |     ).toBeVisible();
          |       ^
      317 |
      318 |     await page.unroute('**/graphql');
      319 |
        at /home/shangmeilin/cube-castle/frontend/tests/e2e/regression-e2e.spec.ts:316:7

    attachment #1: screenshot (image/png) ──────────────────────────────────────────────────────────
    test-results/regression-e2e-回归测试和兼容性验证-错误边界和异常处理测试-firefox/test-failed-1.png
    ────────────────────────────────────────────────────────────────────────────────────────────────

    attachment #2: video (video/webm) ──────────────────────────────────────────────────────────────
    test-results/regression-e2e-回归测试和兼容性验证-错误边界和异常处理测试-firefox/video.webm
    ────────────────────────────────────────────────────────────────────────────────────────────────

    Error Context: test-results/regression-e2e-回归测试和兼容性验证-错误边界和异常处理测试-firefox/error-context.md

    attachment #4: trace (application/zip) ─────────────────────────────────────────────────────────
    test-results/regression-e2e-回归测试和兼容性验证-错误边界和异常处理测试-firefox/trace.zip
    Usage:

        npx playwright show-trace test-results/regression-e2e-回归测试和兼容性验证-错误边界和异常处理测试-firefox/trace.zip

    ────────────────────────────────────────────────────────────────────────────────────────────────


[1A[2K  117) [firefox] › tests/e2e/position-tabs.spec.ts:139:3 › 职位详情多页签体验 › 六个页签可切换且展示对应内容 ──────────────

    Error: [2mexpect([22m[31mlocator[39m[2m).[22mtoBeVisible[2m([22m[2m)[22m failed

    Locator: getByTestId('temporal-position-page-wrapper')
    Expected: visible
    Timeout: 15000ms
    Error: element(s) not found

    Call log:
    [2m  - Expect "toBeVisible" with timeout 15000ms[22m
    [2m  - waiting for getByTestId('temporal-position-page-wrapper')[22m


      150 |
      151 |     // DOM 就绪断言（使用统一 SSoT 选择器，避免文本渲染时序/字体影响）
    > 152 |     await expect(page.getByTestId(temporalEntitySelectors.position.temporalPageWrapper)).toBeVisible();
          |                                                                                          ^
      153 |     await expect(page.getByTestId(temporalEntitySelectors.position.temporalPage)).toBeVisible();
      154 |
      155 |     // 概览页签默认展示（以 overviewCard 的可见性作为断言，不依赖具体文案）
        at /home/shangmeilin/cube-castle/frontend/tests/e2e/position-tabs.spec.ts:152:90

    attachment #1: screenshot (image/png) ──────────────────────────────────────────────────────────
    test-results/position-tabs-职位详情多页签体验-六个页签可切换且展示对应内容-firefox/test-failed-1.png
    ────────────────────────────────────────────────────────────────────────────────────────────────

    attachment #2: video (video/webm) ──────────────────────────────────────────────────────────────
    test-results/position-tabs-职位详情多页签体验-六个页签可切换且展示对应内容-firefox/video.webm
    ────────────────────────────────────────────────────────────────────────────────────────────────

    Error Context: test-results/position-tabs-职位详情多页签体验-六个页签可切换且展示对应内容-firefox/error-context.md

    attachment #4: trace (application/zip) ─────────────────────────────────────────────────────────
    test-results/position-tabs-职位详情多页签体验-六个页签可切换且展示对应内容-firefox/trace.zip
    Usage:

        npx playwright show-trace test-results/position-tabs-职位详情多页签体验-六个页签可切换且展示对应内容-firefox/trace.zip

    ────────────────────────────────────────────────────────────────────────────────────────────────


[1A[2K[208/234] [firefox] › tests/e2e/temporal-editform-defaults-smoke.spec.ts:13:1 › Temporal edit form creation page renders (smoke)
[1A[2K页面加载成功

[1A[2K当前URL: http://localhost:3000/login?redirect=%2Forganizations

[1A[2K页面标题: Cube Castle - 人力资源管理系统

[1A[2K[209/234] [firefox] › tests/e2e/temporal-graphql-comprehensive.spec.ts:112:5 › 时态GraphQL功能完整验证 › 功能完整性测试 › 历史记录查看功能验证
[1A[2K测试完成成功

[1A[2K[210/234] [firefox] › tests/e2e/temporal-graphql-comprehensive.spec.ts:132:5 › 时态GraphQL功能完整验证 › 功能完整性测试 › 时间点查询功能验证
[1A[2K[firefox] › tests/e2e/smoke-org-detail.spec.ts:8:3 › 组织详情 Smoke › 可以打开组织详情页面（Temporal）
✅ 认证设置已注入 localStorage

[1A[2K  118) [firefox] › tests/e2e/temporal-editform-defaults-smoke.spec.ts:13:1 › Temporal edit form creation page renders (smoke) 

    Error: [2mexpect([22m[31mlocator[39m[2m).[22mtoBeVisible[2m([22m[2m)[22m failed

    Locator: locator('text=创建新组织').first()
    Expected: visible
    Timeout: 5000ms
    Error: element(s) not found

    Call log:
    [2m  - Expect "toBeVisible" with timeout 5000ms[22m
    [2m  - waiting for locator('text=创建新组织').first()[22m


      23 |   // 创建模式标题或提示文案
      24 |   const createTitle = page.locator('text=创建新组织').first();
    > 25 |   await expect(createTitle).toBeVisible({ timeout: 5000 });
         |                             ^
      26 |
      27 |   // 存在表单主体
      28 |   const form = page.getByTestId(temporalEntitySelectors.organization.form);
        at /home/shangmeilin/cube-castle/frontend/tests/e2e/temporal-editform-defaults-smoke.spec.ts:25:29

    attachment #1: screenshot (image/png) ──────────────────────────────────────────────────────────
    test-results/temporal-editform-defaults-7d7ac-reation-page-renders-smoke--firefox/test-failed-1.png
    ────────────────────────────────────────────────────────────────────────────────────────────────

    attachment #2: video (video/webm) ──────────────────────────────────────────────────────────────
    test-results/temporal-editform-defaults-7d7ac-reation-page-renders-smoke--firefox/video.webm
    ────────────────────────────────────────────────────────────────────────────────────────────────

    Error Context: test-results/temporal-editform-defaults-7d7ac-reation-page-renders-smoke--firefox/error-context.md

    attachment #4: trace (application/zip) ─────────────────────────────────────────────────────────
    test-results/temporal-editform-defaults-7d7ac-reation-page-renders-smoke--firefox/trace.zip
    Usage:

        npx playwright show-trace test-results/temporal-editform-defaults-7d7ac-reation-page-renders-smoke--firefox/trace.zip

    ────────────────────────────────────────────────────────────────────────────────────────────────


[1A[2K[211/234] [firefox] › tests/e2e/temporal-graphql-comprehensive.spec.ts:148:5 › 时态GraphQL功能完整验证 › 功能完整性测试 › 组织切换功能验证
[1A[2K  119) [firefox] › tests/e2e/temporal-graphql-comprehensive.spec.ts:132:5 › 时态GraphQL功能完整验证 › 功能完整性测试 › 时间点查询功能验证 

    TimeoutError: page.click: Timeout 15000ms exceeded.
    Call log:
    [2m  - waiting for locator('tab:has-text("时间点查询")')[22m


      62 |
      63 |   async switchToTimePointTab() {
    > 64 |     await this.page.click('tab:has-text("时间点查询")');
         |                     ^
      65 |     await this.page.waitForSelector('[data-testid="timepoint-query"]', { timeout: 5000 });
      66 |   }
      67 |
        at TemporalTestHelper.switchToTimePointTab (/home/shangmeilin/cube-castle/frontend/tests/e2e/temporal-graphql-comprehensive.spec.ts:64:21)
        at /home/shangmeilin/cube-castle/frontend/tests/e2e/temporal-graphql-comprehensive.spec.ts:133:20

    attachment #1: screenshot (image/png) ──────────────────────────────────────────────────────────
    test-results/temporal-graphql-comprehen-0f86a-hQL功能完整验证-功能完整性测试-时间点查询功能验证-firefox/test-failed-1.png
    ────────────────────────────────────────────────────────────────────────────────────────────────

    attachment #2: video (video/webm) ──────────────────────────────────────────────────────────────
    test-results/temporal-graphql-comprehen-0f86a-hQL功能完整验证-功能完整性测试-时间点查询功能验证-firefox/video.webm
    ────────────────────────────────────────────────────────────────────────────────────────────────

    Error Context: test-results/temporal-graphql-comprehen-0f86a-hQL功能完整验证-功能完整性测试-时间点查询功能验证-firefox/error-context.md

    attachment #4: trace (application/zip) ─────────────────────────────────────────────────────────
    test-results/temporal-graphql-comprehen-0f86a-hQL功能完整验证-功能完整性测试-时间点查询功能验证-firefox/trace.zip
    Usage:

        npx playwright show-trace test-results/temporal-graphql-comprehen-0f86a-hQL功能完整验证-功能完整性测试-时间点查询功能验证-firefox/trace.zip

    ────────────────────────────────────────────────────────────────────────────────────────────────


[1A[2K[212/234] [firefox] › tests/e2e/temporal-graphql-comprehensive.spec.ts:170:5 › 时态GraphQL功能完整验证 › 错误处理验证 › 无效组织代码处理
[1A[2K  120) [firefox] › tests/e2e/temporal-graphql-comprehensive.spec.ts:112:5 › 时态GraphQL功能完整验证 › 功能完整性测试 › 历史记录查看功能验证 

    TimeoutError: page.click: Timeout 15000ms exceeded.
    Call log:
    [2m  - waiting for locator('tab:has-text("历史记录查看")')[22m


      57 |
      58 |   async switchToHistoryTab() {
    > 59 |     await this.page.click('tab:has-text("历史记录查看")');
         |                     ^
      60 |     await this.page.waitForSelector('[data-testid="history-records"]', { timeout: 5000 });
      61 |   }
      62 |
        at TemporalTestHelper.switchToHistoryTab (/home/shangmeilin/cube-castle/frontend/tests/e2e/temporal-graphql-comprehensive.spec.ts:59:21)
        at /home/shangmeilin/cube-castle/frontend/tests/e2e/temporal-graphql-comprehensive.spec.ts:114:20

    attachment #1: screenshot (image/png) ──────────────────────────────────────────────────────────
    test-results/temporal-graphql-comprehen-0d544-QL功能完整验证-功能完整性测试-历史记录查看功能验证-firefox/test-failed-1.png
    ────────────────────────────────────────────────────────────────────────────────────────────────

    attachment #2: video (video/webm) ──────────────────────────────────────────────────────────────
    test-results/temporal-graphql-comprehen-0d544-QL功能完整验证-功能完整性测试-历史记录查看功能验证-firefox/video.webm
    ────────────────────────────────────────────────────────────────────────────────────────────────

    Error Context: test-results/temporal-graphql-comprehen-0d544-QL功能完整验证-功能完整性测试-历史记录查看功能验证-firefox/error-context.md

    attachment #4: trace (application/zip) ─────────────────────────────────────────────────────────
    test-results/temporal-graphql-comprehen-0d544-QL功能完整验证-功能完整性测试-历史记录查看功能验证-firefox/trace.zip
    Usage:

        npx playwright show-trace test-results/temporal-graphql-comprehen-0d544-QL功能完整验证-功能完整性测试-历史记录查看功能验证-firefox/trace.zip

    ────────────────────────────────────────────────────────────────────────────────────────────────


[1A[2K[213/234] [firefox] › tests/e2e/temporal-graphql-comprehensive.spec.ts:185:5 › 时态GraphQL功能完整验证 › 错误处理验证 › 无记录时间点处理
[1A[2K  121) [firefox] › tests/e2e/smoke-org-detail.spec.ts:8:3 › 组织详情 Smoke › 可以打开组织详情页面（Temporal） ──────

    Error: [2mexpect([22m[31mlocator[39m[2m).[22mtoBeVisible[2m([22m[2m)[22m failed

    Locator: getByTestId('temporal-master-detail-view')
    Expected: visible
    Timeout: 20000ms
    Error: element(s) not found

    Call log:
    [2m  - Expect "toBeVisible" with timeout 20000ms[22m
    [2m  - waiting for getByTestId('temporal-master-detail-view')[22m


      13 |
      14 |     // 验证页面骨架（Master-Detail 容器）可见，代表组织详情已打开
    > 15 |     await expect(page.getByTestId('temporal-master-detail-view')).toBeVisible({ timeout: 20000 });
         |                                                                   ^
      16 |   });
      17 | });
      18 |
        at /home/shangmeilin/cube-castle/frontend/tests/e2e/smoke-org-detail.spec.ts:15:67

    attachment #1: screenshot (image/png) ──────────────────────────────────────────────────────────
    test-results/smoke-org-detail-组织详情-Smoke-可以打开组织详情页面（Temporal）-firefox/test-failed-1.png
    ────────────────────────────────────────────────────────────────────────────────────────────────

    attachment #2: video (video/webm) ──────────────────────────────────────────────────────────────
    test-results/smoke-org-detail-组织详情-Smoke-可以打开组织详情页面（Temporal）-firefox/video.webm
    ────────────────────────────────────────────────────────────────────────────────────────────────

    Error Context: test-results/smoke-org-detail-组织详情-Smoke-可以打开组织详情页面（Temporal）-firefox/error-context.md

    attachment #4: trace (application/zip) ─────────────────────────────────────────────────────────
    test-results/smoke-org-detail-组织详情-Smoke-可以打开组织详情页面（Temporal）-firefox/trace.zip
    Usage:

        npx playwright show-trace test-results/smoke-org-detail-组织详情-Smoke-可以打开组织详情页面（Temporal）-firefox/trace.zip

    ────────────────────────────────────────────────────────────────────────────────────────────────


[1A[2K[214/234] [firefox] › tests/e2e/temporal-graphql-comprehensive.spec.ts:193:5 › 时态GraphQL功能完整验证 › 错误处理验证 › 用户界面反馈验证
[1A[2K  122) [firefox] › tests/e2e/temporal-graphql-comprehensive.spec.ts:148:5 › 时态GraphQL功能完整验证 › 功能完整性测试 › 组织切换功能验证 

    TimeoutError: page.fill: Timeout 15000ms exceeded.
    Call log:
    [2m  - waiting for locator('input[placeholder*="输入组织代码"]')[22m


      47 |     } else {
      48 |       // 使用自定义代码
    > 49 |       await this.page.fill('input[placeholder*="输入组织代码"]', orgCode);
         |                       ^
      50 |       await this.page.click('button:has-text("使用自定义代码")');
      51 |     }
      52 |     
        at TemporalTestHelper.selectOrganization (/home/shangmeilin/cube-castle/frontend/tests/e2e/temporal-graphql-comprehensive.spec.ts:49:23)
        at /home/shangmeilin/cube-castle/frontend/tests/e2e/temporal-graphql-comprehensive.spec.ts:150:20

    attachment #1: screenshot (image/png) ──────────────────────────────────────────────────────────
    test-results/temporal-graphql-comprehen-6fa2f-phQL功能完整验证-功能完整性测试-组织切换功能验证-firefox/test-failed-1.png
    ────────────────────────────────────────────────────────────────────────────────────────────────

    attachment #2: video (video/webm) ──────────────────────────────────────────────────────────────
    test-results/temporal-graphql-comprehen-6fa2f-phQL功能完整验证-功能完整性测试-组织切换功能验证-firefox/video.webm
    ────────────────────────────────────────────────────────────────────────────────────────────────

    Error Context: test-results/temporal-graphql-comprehen-6fa2f-phQL功能完整验证-功能完整性测试-组织切换功能验证-firefox/error-context.md

    attachment #4: trace (application/zip) ─────────────────────────────────────────────────────────
    test-results/temporal-graphql-comprehen-6fa2f-phQL功能完整验证-功能完整性测试-组织切换功能验证-firefox/trace.zip
    Usage:

        npx playwright show-trace test-results/temporal-graphql-comprehen-6fa2f-phQL功能完整验证-功能完整性测试-组织切换功能验证-firefox/trace.zip

    ────────────────────────────────────────────────────────────────────────────────────────────────


[1A[2K[215/234] [firefox] › tests/e2e/temporal-graphql-comprehensive.spec.ts:210:5 › 时态GraphQL功能完整验证 › 性能基准验证 › 页面加载性能
[1A[2K[216/234] [firefox] › tests/e2e/temporal-graphql-comprehensive.spec.ts:218:5 › 时态GraphQL功能完整验证 › 性能基准验证 › API响应性能
[1A[2K  123) [firefox] › tests/e2e/temporal-graphql-comprehensive.spec.ts:170:5 › 时态GraphQL功能完整验证 › 错误处理验证 › 无效组织代码处理 

    TimeoutError: page.fill: Timeout 15000ms exceeded.
    Call log:
    [2m  - waiting for locator('input[placeholder*="输入组织代码"]')[22m


      47 |     } else {
      48 |       // 使用自定义代码
    > 49 |       await this.page.fill('input[placeholder*="输入组织代码"]', orgCode);
         |                       ^
      50 |       await this.page.click('button:has-text("使用自定义代码")');
      51 |     }
      52 |     
        at TemporalTestHelper.selectOrganization (/home/shangmeilin/cube-castle/frontend/tests/e2e/temporal-graphql-comprehensive.spec.ts:49:23)
        at /home/shangmeilin/cube-castle/frontend/tests/e2e/temporal-graphql-comprehensive.spec.ts:171:20

    attachment #1: screenshot (image/png) ──────────────────────────────────────────────────────────
    test-results/temporal-graphql-comprehen-0bb84-aphQL功能完整验证-错误处理验证-无效组织代码处理-firefox/test-failed-1.png
    ────────────────────────────────────────────────────────────────────────────────────────────────

    attachment #2: video (video/webm) ──────────────────────────────────────────────────────────────
    test-results/temporal-graphql-comprehen-0bb84-aphQL功能完整验证-错误处理验证-无效组织代码处理-firefox/video.webm
    ────────────────────────────────────────────────────────────────────────────────────────────────

    Error Context: test-results/temporal-graphql-comprehen-0bb84-aphQL功能完整验证-错误处理验证-无效组织代码处理-firefox/error-context.md

    attachment #4: trace (application/zip) ─────────────────────────────────────────────────────────
    test-results/temporal-graphql-comprehen-0bb84-aphQL功能完整验证-错误处理验证-无效组织代码处理-firefox/trace.zip
    Usage:

        npx playwright show-trace test-results/temporal-graphql-comprehen-0bb84-aphQL功能完整验证-错误处理验证-无效组织代码处理-firefox/trace.zip

    ────────────────────────────────────────────────────────────────────────────────────────────────


[1A[2K[217/234] [firefox] › tests/e2e/temporal-graphql-comprehensive.spec.ts:239:5 › 时态GraphQL功能完整验证 › 性能基准验证 › 缓存效率验证
[1A[2K  124) [firefox] › tests/e2e/temporal-graphql-comprehensive.spec.ts:185:5 › 时态GraphQL功能完整验证 › 错误处理验证 › 无记录时间点处理 

    TimeoutError: page.click: Timeout 15000ms exceeded.
    Call log:
    [2m  - waiting for locator('tab:has-text("时间点查询")')[22m


      62 |
      63 |   async switchToTimePointTab() {
    > 64 |     await this.page.click('tab:has-text("时间点查询")');
         |                     ^
      65 |     await this.page.waitForSelector('[data-testid="timepoint-query"]', { timeout: 5000 });
      66 |   }
      67 |
        at TemporalTestHelper.switchToTimePointTab (/home/shangmeilin/cube-castle/frontend/tests/e2e/temporal-graphql-comprehensive.spec.ts:64:21)
        at /home/shangmeilin/cube-castle/frontend/tests/e2e/temporal-graphql-comprehensive.spec.ts:186:20

    attachment #1: screenshot (image/png) ──────────────────────────────────────────────────────────
    test-results/temporal-graphql-comprehen-7cf40-aphQL功能完整验证-错误处理验证-无记录时间点处理-firefox/test-failed-1.png
    ────────────────────────────────────────────────────────────────────────────────────────────────

    attachment #2: video (video/webm) ──────────────────────────────────────────────────────────────
    test-results/temporal-graphql-comprehen-7cf40-aphQL功能完整验证-错误处理验证-无记录时间点处理-firefox/video.webm
    ────────────────────────────────────────────────────────────────────────────────────────────────

    Error Context: test-results/temporal-graphql-comprehen-7cf40-aphQL功能完整验证-错误处理验证-无记录时间点处理-firefox/error-context.md

    attachment #4: trace (application/zip) ─────────────────────────────────────────────────────────
    test-results/temporal-graphql-comprehen-7cf40-aphQL功能完整验证-错误处理验证-无记录时间点处理-firefox/trace.zip
    Usage:

        npx playwright show-trace test-results/temporal-graphql-comprehen-7cf40-aphQL功能完整验证-错误处理验证-无记录时间点处理-firefox/trace.zip

    ────────────────────────────────────────────────────────────────────────────────────────────────


[1A[2K[218/234] [firefox] › tests/e2e/temporal-graphql-comprehensive.spec.ts:253:5 › 时态GraphQL功能完整验证 › 性能基准验证 › 历史记录刷新性能
[1A[2K  125) [firefox] › tests/e2e/temporal-graphql-comprehensive.spec.ts:193:5 › 时态GraphQL功能完整验证 › 错误处理验证 › 用户界面反馈验证 

    TimeoutError: page.click: Timeout 15000ms exceeded.
    Call log:
    [2m  - waiting for locator('tab:has-text("时间点查询")')[22m


      62 |
      63 |   async switchToTimePointTab() {
    > 64 |     await this.page.click('tab:has-text("时间点查询")');
         |                     ^
      65 |     await this.page.waitForSelector('[data-testid="timepoint-query"]', { timeout: 5000 });
      66 |   }
      67 |
        at TemporalTestHelper.switchToTimePointTab (/home/shangmeilin/cube-castle/frontend/tests/e2e/temporal-graphql-comprehensive.spec.ts:64:21)
        at /home/shangmeilin/cube-castle/frontend/tests/e2e/temporal-graphql-comprehensive.spec.ts:194:20

    attachment #1: screenshot (image/png) ──────────────────────────────────────────────────────────
    test-results/temporal-graphql-comprehen-91fe3-aphQL功能完整验证-错误处理验证-用户界面反馈验证-firefox/test-failed-1.png
    ────────────────────────────────────────────────────────────────────────────────────────────────

    attachment #2: video (video/webm) ──────────────────────────────────────────────────────────────
    test-results/temporal-graphql-comprehen-91fe3-aphQL功能完整验证-错误处理验证-用户界面反馈验证-firefox/video.webm
    ────────────────────────────────────────────────────────────────────────────────────────────────

    Error Context: test-results/temporal-graphql-comprehen-91fe3-aphQL功能完整验证-错误处理验证-用户界面反馈验证-firefox/error-context.md

    attachment #4: trace (application/zip) ─────────────────────────────────────────────────────────
    test-results/temporal-graphql-comprehen-91fe3-aphQL功能完整验证-错误处理验证-用户界面反馈验证-firefox/trace.zip
    Usage:

        npx playwright show-trace test-results/temporal-graphql-comprehen-91fe3-aphQL功能完整验证-错误处理验证-用户界面反馈验证-firefox/trace.zip

    ────────────────────────────────────────────────────────────────────────────────────────────────


[1A[2K[219/234] [firefox] › tests/e2e/temporal-graphql-comprehensive.spec.ts:267:5 › 时态GraphQL功能完整验证 › 用户体验验证 › 加载状态显示
[1A[2K  126) [firefox] › tests/e2e/temporal-graphql-comprehensive.spec.ts:218:5 › 时态GraphQL功能完整验证 › 性能基准验证 › API响应性能 

    TimeoutError: page.click: Timeout 15000ms exceeded.
    Call log:
    [2m  - waiting for locator('tab:has-text("时间点查询")')[22m


      62 |
      63 |   async switchToTimePointTab() {
    > 64 |     await this.page.click('tab:has-text("时间点查询")');
         |                     ^
      65 |     await this.page.waitForSelector('[data-testid="timepoint-query"]', { timeout: 5000 });
      66 |   }
      67 |
        at TemporalTestHelper.switchToTimePointTab (/home/shangmeilin/cube-castle/frontend/tests/e2e/temporal-graphql-comprehensive.spec.ts:64:21)
        at /home/shangmeilin/cube-castle/frontend/tests/e2e/temporal-graphql-comprehensive.spec.ts:219:20

    attachment #1: screenshot (image/png) ──────────────────────────────────────────────────────────
    test-results/temporal-graphql-comprehen-1551b-raphQL功能完整验证-性能基准验证-API响应性能-firefox/test-failed-1.png
    ────────────────────────────────────────────────────────────────────────────────────────────────

    attachment #2: video (video/webm) ──────────────────────────────────────────────────────────────
    test-results/temporal-graphql-comprehen-1551b-raphQL功能完整验证-性能基准验证-API响应性能-firefox/video.webm
    ────────────────────────────────────────────────────────────────────────────────────────────────

    Error Context: test-results/temporal-graphql-comprehen-1551b-raphQL功能完整验证-性能基准验证-API响应性能-firefox/error-context.md

    attachment #4: trace (application/zip) ─────────────────────────────────────────────────────────
    test-results/temporal-graphql-comprehen-1551b-raphQL功能完整验证-性能基准验证-API响应性能-firefox/trace.zip
    Usage:

        npx playwright show-trace test-results/temporal-graphql-comprehen-1551b-raphQL功能完整验证-性能基准验证-API响应性能-firefox/trace.zip

    ────────────────────────────────────────────────────────────────────────────────────────────────


[1A[2K[220/234] [firefox] › tests/e2e/temporal-graphql-comprehensive.spec.ts:284:5 › 时态GraphQL功能完整验证 › 用户体验验证 › 视觉反馈验证
[1A[2K  127) [firefox] › tests/e2e/temporal-graphql-comprehensive.spec.ts:239:5 › 时态GraphQL功能完整验证 › 性能基准验证 › 缓存效率验证 

    TimeoutError: page.click: Timeout 15000ms exceeded.
    Call log:
    [2m  - waiting for locator('tab:has-text("时间点查询")')[22m


      62 |
      63 |   async switchToTimePointTab() {
    > 64 |     await this.page.click('tab:has-text("时间点查询")');
         |                     ^
      65 |     await this.page.waitForSelector('[data-testid="timepoint-query"]', { timeout: 5000 });
      66 |   }
      67 |
        at TemporalTestHelper.switchToTimePointTab (/home/shangmeilin/cube-castle/frontend/tests/e2e/temporal-graphql-comprehensive.spec.ts:64:21)
        at /home/shangmeilin/cube-castle/frontend/tests/e2e/temporal-graphql-comprehensive.spec.ts:240:20

    attachment #1: screenshot (image/png) ──────────────────────────────────────────────────────────
    test-results/temporal-graphql-comprehensive-时态GraphQL功能完整验证-性能基准验证-缓存效率验证-firefox/test-failed-1.png
    ────────────────────────────────────────────────────────────────────────────────────────────────

    attachment #2: video (video/webm) ──────────────────────────────────────────────────────────────
    test-results/temporal-graphql-comprehensive-时态GraphQL功能完整验证-性能基准验证-缓存效率验证-firefox/video.webm
    ────────────────────────────────────────────────────────────────────────────────────────────────

    Error Context: test-results/temporal-graphql-comprehensive-时态GraphQL功能完整验证-性能基准验证-缓存效率验证-firefox/error-context.md

    attachment #4: trace (application/zip) ─────────────────────────────────────────────────────────
    test-results/temporal-graphql-comprehensive-时态GraphQL功能完整验证-性能基准验证-缓存效率验证-firefox/trace.zip
    Usage:

        npx playwright show-trace test-results/temporal-graphql-comprehensive-时态GraphQL功能完整验证-性能基准验证-缓存效率验证-firefox/trace.zip

    ────────────────────────────────────────────────────────────────────────────────────────────────


[1A[2K[221/234] [firefox] › tests/e2e/temporal-graphql-comprehensive.spec.ts:296:5 › 时态GraphQL功能完整验证 › 用户体验验证 › 交互流畅性验证
[1A[2K  128) [firefox] › tests/e2e/temporal-graphql-comprehensive.spec.ts:253:5 › 时态GraphQL功能完整验证 › 性能基准验证 › 历史记录刷新性能 

    TimeoutError: page.click: Timeout 15000ms exceeded.
    Call log:
    [2m  - waiting for locator('tab:has-text("历史记录查看")')[22m


      57 |
      58 |   async switchToHistoryTab() {
    > 59 |     await this.page.click('tab:has-text("历史记录查看")');
         |                     ^
      60 |     await this.page.waitForSelector('[data-testid="history-records"]', { timeout: 5000 });
      61 |   }
      62 |
        at TemporalTestHelper.switchToHistoryTab (/home/shangmeilin/cube-castle/frontend/tests/e2e/temporal-graphql-comprehensive.spec.ts:59:21)
        at /home/shangmeilin/cube-castle/frontend/tests/e2e/temporal-graphql-comprehensive.spec.ts:254:20

    attachment #1: screenshot (image/png) ──────────────────────────────────────────────────────────
    test-results/temporal-graphql-comprehen-399b4-aphQL功能完整验证-性能基准验证-历史记录刷新性能-firefox/test-failed-1.png
    ────────────────────────────────────────────────────────────────────────────────────────────────

    attachment #2: video (video/webm) ──────────────────────────────────────────────────────────────
    test-results/temporal-graphql-comprehen-399b4-aphQL功能完整验证-性能基准验证-历史记录刷新性能-firefox/video.webm
    ────────────────────────────────────────────────────────────────────────────────────────────────

    Error Context: test-results/temporal-graphql-comprehen-399b4-aphQL功能完整验证-性能基准验证-历史记录刷新性能-firefox/error-context.md

    attachment #4: trace (application/zip) ─────────────────────────────────────────────────────────
    test-results/temporal-graphql-comprehen-399b4-aphQL功能完整验证-性能基准验证-历史记录刷新性能-firefox/trace.zip
    Usage:

        npx playwright show-trace test-results/temporal-graphql-comprehen-399b4-aphQL功能完整验证-性能基准验证-历史记录刷新性能-firefox/trace.zip

    ────────────────────────────────────────────────────────────────────────────────────────────────


[1A[2K[222/234] [firefox] › tests/e2e/temporal-graphql-comprehensive.spec.ts:324:5 › 跨浏览器兼容性验证 › chromium 基本功能验证
[1A[2K  129) [firefox] › tests/e2e/temporal-graphql-comprehensive.spec.ts:267:5 › 时态GraphQL功能完整验证 › 用户体验验证 › 加载状态显示 

    TimeoutError: page.click: Timeout 15000ms exceeded.
    Call log:
    [2m  - waiting for locator('tab:has-text("时间点查询")')[22m


      62 |
      63 |   async switchToTimePointTab() {
    > 64 |     await this.page.click('tab:has-text("时间点查询")');
         |                     ^
      65 |     await this.page.waitForSelector('[data-testid="timepoint-query"]', { timeout: 5000 });
      66 |   }
      67 |
        at TemporalTestHelper.switchToTimePointTab (/home/shangmeilin/cube-castle/frontend/tests/e2e/temporal-graphql-comprehensive.spec.ts:64:21)
        at /home/shangmeilin/cube-castle/frontend/tests/e2e/temporal-graphql-comprehensive.spec.ts:268:20

    attachment #1: screenshot (image/png) ──────────────────────────────────────────────────────────
    test-results/temporal-graphql-comprehensive-时态GraphQL功能完整验证-用户体验验证-加载状态显示-firefox/test-failed-1.png
    ────────────────────────────────────────────────────────────────────────────────────────────────

    attachment #2: video (video/webm) ──────────────────────────────────────────────────────────────
    test-results/temporal-graphql-comprehensive-时态GraphQL功能完整验证-用户体验验证-加载状态显示-firefox/video.webm
    ────────────────────────────────────────────────────────────────────────────────────────────────

    Error Context: test-results/temporal-graphql-comprehensive-时态GraphQL功能完整验证-用户体验验证-加载状态显示-firefox/error-context.md

    attachment #4: trace (application/zip) ─────────────────────────────────────────────────────────
    test-results/temporal-graphql-comprehensive-时态GraphQL功能完整验证-用户体验验证-加载状态显示-firefox/trace.zip
    Usage:

        npx playwright show-trace test-results/temporal-graphql-comprehensive-时态GraphQL功能完整验证-用户体验验证-加载状态显示-firefox/trace.zip

    ────────────────────────────────────────────────────────────────────────────────────────────────


[1A[2K[223/234] [firefox] › tests/e2e/temporal-graphql-comprehensive.spec.ts:324:5 › 跨浏览器兼容性验证 › firefox 基本功能验证
[1A[2K  130) [firefox] › tests/e2e/temporal-graphql-comprehensive.spec.ts:284:5 › 时态GraphQL功能完整验证 › 用户体验验证 › 视觉反馈验证 

    TimeoutError: page.click: Timeout 15000ms exceeded.
    Call log:
    [2m  - waiting for locator('tab:has-text("时间点查询")')[22m


      62 |
      63 |   async switchToTimePointTab() {
    > 64 |     await this.page.click('tab:has-text("时间点查询")');
         |                     ^
      65 |     await this.page.waitForSelector('[data-testid="timepoint-query"]', { timeout: 5000 });
      66 |   }
      67 |
        at TemporalTestHelper.switchToTimePointTab (/home/shangmeilin/cube-castle/frontend/tests/e2e/temporal-graphql-comprehensive.spec.ts:64:21)
        at /home/shangmeilin/cube-castle/frontend/tests/e2e/temporal-graphql-comprehensive.spec.ts:285:20

    attachment #1: screenshot (image/png) ──────────────────────────────────────────────────────────
    test-results/temporal-graphql-comprehensive-时态GraphQL功能完整验证-用户体验验证-视觉反馈验证-firefox/test-failed-1.png
    ────────────────────────────────────────────────────────────────────────────────────────────────

    attachment #2: video (video/webm) ──────────────────────────────────────────────────────────────
    test-results/temporal-graphql-comprehensive-时态GraphQL功能完整验证-用户体验验证-视觉反馈验证-firefox/video.webm
    ────────────────────────────────────────────────────────────────────────────────────────────────

    Error Context: test-results/temporal-graphql-comprehensive-时态GraphQL功能完整验证-用户体验验证-视觉反馈验证-firefox/error-context.md

    attachment #4: trace (application/zip) ─────────────────────────────────────────────────────────
    test-results/temporal-graphql-comprehensive-时态GraphQL功能完整验证-用户体验验证-视觉反馈验证-firefox/trace.zip
    Usage:

        npx playwright show-trace test-results/temporal-graphql-comprehensive-时态GraphQL功能完整验证-用户体验验证-视觉反馈验证-firefox/trace.zip

    ────────────────────────────────────────────────────────────────────────────────────────────────


[1A[2K[224/234] [firefox] › tests/e2e/temporal-graphql-comprehensive.spec.ts:343:3 › 并发性能验证 › 并发时间点查询
[1A[2K  131) [firefox] › tests/e2e/temporal-graphql-comprehensive.spec.ts:296:5 › 时态GraphQL功能完整验证 › 用户体验验证 › 交互流畅性验证 

    TimeoutError: page.click: Timeout 15000ms exceeded.
    Call log:
    [2m  - waiting for locator('tab:has-text("历史记录查看")')[22m


      57 |
      58 |   async switchToHistoryTab() {
    > 59 |     await this.page.click('tab:has-text("历史记录查看")');
         |                     ^
      60 |     await this.page.waitForSelector('[data-testid="history-records"]', { timeout: 5000 });
      61 |   }
      62 |
        at TemporalTestHelper.switchToHistoryTab (/home/shangmeilin/cube-castle/frontend/tests/e2e/temporal-graphql-comprehensive.spec.ts:59:21)
        at /home/shangmeilin/cube-castle/frontend/tests/e2e/temporal-graphql-comprehensive.spec.ts:298:20

    attachment #1: screenshot (image/png) ──────────────────────────────────────────────────────────
    test-results/temporal-graphql-comprehen-7cfc4-raphQL功能完整验证-用户体验验证-交互流畅性验证-firefox/test-failed-1.png
    ────────────────────────────────────────────────────────────────────────────────────────────────

    attachment #2: video (video/webm) ──────────────────────────────────────────────────────────────
    test-results/temporal-graphql-comprehen-7cfc4-raphQL功能完整验证-用户体验验证-交互流畅性验证-firefox/video.webm
    ────────────────────────────────────────────────────────────────────────────────────────────────

    Error Context: test-results/temporal-graphql-comprehen-7cfc4-raphQL功能完整验证-用户体验验证-交互流畅性验证-firefox/error-context.md

    attachment #4: trace (application/zip) ─────────────────────────────────────────────────────────
    test-results/temporal-graphql-comprehen-7cfc4-raphQL功能完整验证-用户体验验证-交互流畅性验证-firefox/trace.zip
    Usage:

        npx playwright show-trace test-results/temporal-graphql-comprehen-7cfc4-raphQL功能完整验证-用户体验验证-交互流畅性验证-firefox/trace.zip

    ────────────────────────────────────────────────────────────────────────────────────────────────


[1A[2K[225/234] [firefox] › tests/e2e/temporal-graphql-comprehensive.spec.ts:384:3 › 数据完整性验证 › 历史记录数据准确性
[1A[2K  132) [firefox] › tests/e2e/temporal-graphql-comprehensive.spec.ts:324:5 › 跨浏览器兼容性验证 › chromium 基本功能验证 

    TimeoutError: page.click: Timeout 15000ms exceeded.
    Call log:
    [2m  - waiting for locator('tab:has-text("历史记录查看")')[22m


      57 |
      58 |   async switchToHistoryTab() {
    > 59 |     await this.page.click('tab:has-text("历史记录查看")');
         |                     ^
      60 |     await this.page.waitForSelector('[data-testid="history-records"]', { timeout: 5000 });
      61 |   }
      62 |
        at TemporalTestHelper.switchToHistoryTab (/home/shangmeilin/cube-castle/frontend/tests/e2e/temporal-graphql-comprehensive.spec.ts:59:21)
        at /home/shangmeilin/cube-castle/frontend/tests/e2e/temporal-graphql-comprehensive.spec.ts:329:20

    attachment #1: screenshot (image/png) ──────────────────────────────────────────────────────────
    test-results/temporal-graphql-comprehensive-跨浏览器兼容性验证-chromium-基本功能验证-firefox/test-failed-1.png
    ────────────────────────────────────────────────────────────────────────────────────────────────

    attachment #2: video (video/webm) ──────────────────────────────────────────────────────────────
    test-results/temporal-graphql-comprehensive-跨浏览器兼容性验证-chromium-基本功能验证-firefox/video.webm
    ────────────────────────────────────────────────────────────────────────────────────────────────

    Error Context: test-results/temporal-graphql-comprehensive-跨浏览器兼容性验证-chromium-基本功能验证-firefox/error-context.md

    attachment #4: trace (application/zip) ─────────────────────────────────────────────────────────
    test-results/temporal-graphql-comprehensive-跨浏览器兼容性验证-chromium-基本功能验证-firefox/trace.zip
    Usage:

        npx playwright show-trace test-results/temporal-graphql-comprehensive-跨浏览器兼容性验证-chromium-基本功能验证-firefox/trace.zip

    ────────────────────────────────────────────────────────────────────────────────────────────────


[1A[2K[226/234] [firefox] › tests/e2e/temporal-graphql-comprehensive.spec.ts:411:3 › 数据完整性验证 › 时间点查询数据准确性
[1A[2K  133) [firefox] › tests/e2e/temporal-graphql-comprehensive.spec.ts:324:5 › 跨浏览器兼容性验证 › firefox 基本功能验证 

    TimeoutError: page.click: Timeout 15000ms exceeded.
    Call log:
    [2m  - waiting for locator('tab:has-text("历史记录查看")')[22m


      57 |
      58 |   async switchToHistoryTab() {
    > 59 |     await this.page.click('tab:has-text("历史记录查看")');
         |                     ^
      60 |     await this.page.waitForSelector('[data-testid="history-records"]', { timeout: 5000 });
      61 |   }
      62 |
        at TemporalTestHelper.switchToHistoryTab (/home/shangmeilin/cube-castle/frontend/tests/e2e/temporal-graphql-comprehensive.spec.ts:59:21)
        at /home/shangmeilin/cube-castle/frontend/tests/e2e/temporal-graphql-comprehensive.spec.ts:329:20

    attachment #1: screenshot (image/png) ──────────────────────────────────────────────────────────
    test-results/temporal-graphql-comprehensive-跨浏览器兼容性验证-firefox-基本功能验证-firefox/test-failed-1.png
    ────────────────────────────────────────────────────────────────────────────────────────────────

    attachment #2: video (video/webm) ──────────────────────────────────────────────────────────────
    test-results/temporal-graphql-comprehensive-跨浏览器兼容性验证-firefox-基本功能验证-firefox/video.webm
    ────────────────────────────────────────────────────────────────────────────────────────────────

    Error Context: test-results/temporal-graphql-comprehensive-跨浏览器兼容性验证-firefox-基本功能验证-firefox/error-context.md

    attachment #4: trace (application/zip) ─────────────────────────────────────────────────────────
    test-results/temporal-graphql-comprehensive-跨浏览器兼容性验证-firefox-基本功能验证-firefox/trace.zip
    Usage:

        npx playwright show-trace test-results/temporal-graphql-comprehensive-跨浏览器兼容性验证-firefox-基本功能验证-firefox/trace.zip

    ────────────────────────────────────────────────────────────────────────────────────────────────


[1A[2K[227/234] [firefox] › tests/e2e/temporal-header-status-smoke.spec.ts:7:1 › Temporal header shows page and optional status (smoke)
[1A[2K[firefox] › tests/e2e/temporal-header-status-smoke.spec.ts:7:1 › Temporal header shows page and optional status (smoke)
✅ 认证设置已注入 localStorage

[1A[2K  134) [firefox] › tests/e2e/temporal-graphql-comprehensive.spec.ts:343:3 › 并发性能验证 › 并发时间点查询 ───────

    TimeoutError: page.click: Timeout 15000ms exceeded.
    Call log:
    [2m  - waiting for locator('tab:has-text("时间点查询")')[22m


      62 |
      63 |   async switchToTimePointTab() {
    > 64 |     await this.page.click('tab:has-text("时间点查询")');
         |                     ^
      65 |     await this.page.waitForSelector('[data-testid="timepoint-query"]', { timeout: 5000 });
      66 |   }
      67 |
        at TemporalTestHelper.switchToTimePointTab (/home/shangmeilin/cube-castle/frontend/tests/e2e/temporal-graphql-comprehensive.spec.ts:64:21)
        at /home/shangmeilin/cube-castle/frontend/tests/e2e/temporal-graphql-comprehensive.spec.ts:356:22
        at /home/shangmeilin/cube-castle/frontend/tests/e2e/temporal-graphql-comprehensive.spec.ts:351:21

    attachment #1: screenshot (image/png) ──────────────────────────────────────────────────────────
    test-results/temporal-graphql-comprehensive-并发性能验证-并发时间点查询-firefox/test-failed-1.png
    ────────────────────────────────────────────────────────────────────────────────────────────────

    attachment #2: screenshot (image/png) ──────────────────────────────────────────────────────────
    test-results/temporal-graphql-comprehensive-并发性能验证-并发时间点查询-firefox/test-failed-2.png
    ────────────────────────────────────────────────────────────────────────────────────────────────

    attachment #3: screenshot (image/png) ──────────────────────────────────────────────────────────
    test-results/temporal-graphql-comprehensive-并发性能验证-并发时间点查询-firefox/test-failed-3.png
    ────────────────────────────────────────────────────────────────────────────────────────────────

    Error Context: test-results/temporal-graphql-comprehensive-并发性能验证-并发时间点查询-firefox/error-context.md

    attachment #5: trace (application/zip) ─────────────────────────────────────────────────────────
    test-results/temporal-graphql-comprehensive-并发性能验证-并发时间点查询-firefox/trace.zip
    Usage:

        npx playwright show-trace test-results/temporal-graphql-comprehensive-并发性能验证-并发时间点查询-firefox/trace.zip

    ────────────────────────────────────────────────────────────────────────────────────────────────


[1A[2K[228/234] [firefox] › tests/e2e/temporal-management-integration.spec.ts:283:5 › 时态管理系统集成测试 › UI 场景 (需认证) › 组织列表可导航至组织详情页面
[1A[2K[229/234] [firefox] › tests/e2e/temporal-management-integration.spec.ts:301:5 › 时态管理系统集成测试 › UI 场景 (需认证) › 组织详情页面展示关键时态组件
[1A[2K[230/234] [firefox] › tests/e2e/temporal-management-integration.spec.ts:311:3 › 时态管理系统集成测试 › GraphQL 版本列表契约校验
[1A[2K[firefox] › tests/e2e/temporal-management-integration.spec.ts:311:3 › 时态管理系统集成测试 › GraphQL 版本列表契约校验
✅ 发现活跃前端服务：http://localhost:3000

[1A[2K⚠️ Playwright E2E 将在 Mock 模式下运行（后端服务不可用）

[1A[2K[231/234] [firefox] › tests/e2e/temporal-management-integration.spec.ts:327:3 › 时态管理系统集成测试 › GraphQL asOf 查询支持指定时间点
[1A[2K[232/234] [firefox] › tests/e2e/temporal-management-integration.spec.ts:342:3 › 时态管理系统集成测试 › 命令服务拒绝未契约的 /temporal 路径
[1A[2K[firefox] › tests/e2e/temporal-management-integration.spec.ts:342:3 › 时态管理系统集成测试 › 命令服务拒绝未契约的 /temporal 路径
✅ 发现活跃前端服务：http://localhost:3000

[1A[2K⚠️ Playwright E2E 将在 Mock 模式下运行（后端服务不可用）

[1A[2K[233/234] [firefox] › tests/e2e/temporal-management-integration.spec.ts:351:3 › 时态管理系统集成测试 › 命令服务 /versions 缺少必填字段时返回验证错误
[1A[2K[234/234] [firefox] › tests/e2e/test-auth-fix.spec.ts:17:3 › 认证修复验证 › 验证页面可以成功加载
[1A[2K[firefox] › tests/e2e/test-auth-fix.spec.ts:17:3 › 认证修复验证 › 验证页面可以成功加载
✅ 认证设置已注入 localStorage

[1A[2K  135) [firefox] › tests/e2e/temporal-header-status-smoke.spec.ts:7:1 › Temporal header shows page and optional status (smoke) 

    Error: [2mexpect([22m[31mlocator[39m[2m).[22mtoBeVisible[2m([22m[2m)[22m failed

    Locator: getByTestId('temporal-master-detail-view')
    Expected: visible
    Timeout: 10000ms
    Error: element(s) not found

    Call log:
    [2m  - Expect "toBeVisible" with timeout 10000ms[22m
    [2m  - waiting for getByTestId('temporal-master-detail-view')[22m


      13 |
      14 |   // 稳定断言：主容器可见（而非依赖文案）
    > 15 |   await expect(page.getByTestId(temporalEntitySelectors.page.wrapper)).toBeVisible({ timeout: 10_000 });
         |                                                                        ^
      16 |
      17 |   // 可选弱断言：版本页签可见（使用 testid）
      18 |   // await expect(page.getByTestId(temporalEntitySelectors.position.tabId('versions'))).toBeVisible({ timeout: 10_000 });
        at /home/shangmeilin/cube-castle/frontend/tests/e2e/temporal-header-status-smoke.spec.ts:15:72

    attachment #1: screenshot (image/png) ──────────────────────────────────────────────────────────
    test-results/temporal-header-status-smo-2116a--and-optional-status-smoke--firefox/test-failed-1.png
    ────────────────────────────────────────────────────────────────────────────────────────────────

    attachment #2: video (video/webm) ──────────────────────────────────────────────────────────────
    test-results/temporal-header-status-smo-2116a--and-optional-status-smoke--firefox/video.webm
    ────────────────────────────────────────────────────────────────────────────────────────────────

    Error Context: test-results/temporal-header-status-smo-2116a--and-optional-status-smoke--firefox/error-context.md

    attachment #4: trace (application/zip) ─────────────────────────────────────────────────────────
    test-results/temporal-header-status-smo-2116a--and-optional-status-smoke--firefox/trace.zip
    Usage:

        npx playwright show-trace test-results/temporal-header-status-smo-2116a--and-optional-status-smoke--firefox/trace.zip

    ────────────────────────────────────────────────────────────────────────────────────────────────


[1A[2K  136) [firefox] › tests/e2e/temporal-graphql-comprehensive.spec.ts:384:3 › 数据完整性验证 › 历史记录数据准确性 ────

    TimeoutError: page.click: Timeout 15000ms exceeded.
    Call log:
    [2m  - waiting for locator('tab:has-text("历史记录查看")')[22m


      57 |
      58 |   async switchToHistoryTab() {
    > 59 |     await this.page.click('tab:has-text("历史记录查看")');
         |                     ^
      60 |     await this.page.waitForSelector('[data-testid="history-records"]', { timeout: 5000 });
      61 |   }
      62 |
        at TemporalTestHelper.switchToHistoryTab (/home/shangmeilin/cube-castle/frontend/tests/e2e/temporal-graphql-comprehensive.spec.ts:59:21)
        at /home/shangmeilin/cube-castle/frontend/tests/e2e/temporal-graphql-comprehensive.spec.ts:387:18

    attachment #1: screenshot (image/png) ──────────────────────────────────────────────────────────
    test-results/temporal-graphql-comprehensive-数据完整性验证-历史记录数据准确性-firefox/test-failed-1.png
    ────────────────────────────────────────────────────────────────────────────────────────────────

    attachment #2: video (video/webm) ──────────────────────────────────────────────────────────────
    test-results/temporal-graphql-comprehensive-数据完整性验证-历史记录数据准确性-firefox/video.webm
    ────────────────────────────────────────────────────────────────────────────────────────────────

    Error Context: test-results/temporal-graphql-comprehensive-数据完整性验证-历史记录数据准确性-firefox/error-context.md

    attachment #4: trace (application/zip) ─────────────────────────────────────────────────────────
    test-results/temporal-graphql-comprehensive-数据完整性验证-历史记录数据准确性-firefox/trace.zip
    Usage:

        npx playwright show-trace test-results/temporal-graphql-comprehensive-数据完整性验证-历史记录数据准确性-firefox/trace.zip

    ────────────────────────────────────────────────────────────────────────────────────────────────


[1A[2K  137) [firefox] › tests/e2e/temporal-graphql-comprehensive.spec.ts:411:3 › 数据完整性验证 › 时间点查询数据准确性 ───

    TimeoutError: page.click: Timeout 15000ms exceeded.
    Call log:
    [2m  - waiting for locator('tab:has-text("时间点查询")')[22m


      62 |
      63 |   async switchToTimePointTab() {
    > 64 |     await this.page.click('tab:has-text("时间点查询")');
         |                     ^
      65 |     await this.page.waitForSelector('[data-testid="timepoint-query"]', { timeout: 5000 });
      66 |   }
      67 |
        at TemporalTestHelper.switchToTimePointTab (/home/shangmeilin/cube-castle/frontend/tests/e2e/temporal-graphql-comprehensive.spec.ts:64:21)
        at /home/shangmeilin/cube-castle/frontend/tests/e2e/temporal-graphql-comprehensive.spec.ts:414:18

    attachment #1: screenshot (image/png) ──────────────────────────────────────────────────────────
    test-results/temporal-graphql-comprehensive-数据完整性验证-时间点查询数据准确性-firefox/test-failed-1.png
    ────────────────────────────────────────────────────────────────────────────────────────────────

    attachment #2: video (video/webm) ──────────────────────────────────────────────────────────────
    test-results/temporal-graphql-comprehensive-数据完整性验证-时间点查询数据准确性-firefox/video.webm
    ────────────────────────────────────────────────────────────────────────────────────────────────

    Error Context: test-results/temporal-graphql-comprehensive-数据完整性验证-时间点查询数据准确性-firefox/error-context.md

    attachment #4: trace (application/zip) ─────────────────────────────────────────────────────────
    test-results/temporal-graphql-comprehensive-数据完整性验证-时间点查询数据准确性-firefox/trace.zip
    Usage:

        npx playwright show-trace test-results/temporal-graphql-comprehensive-数据完整性验证-时间点查询数据准确性-firefox/trace.zip

    ────────────────────────────────────────────────────────────────────────────────────────────────


[1A[2K  138) [firefox] › tests/e2e/test-auth-fix.spec.ts:17:3 › 认证修复验证 › 验证页面可以成功加载 ──────────────────────

    Error: [2mexpect([22m[31mlocator[39m[2m).[22mtoBeVisible[2m([22m[2m)[22m failed

    Locator: getByText('组织架构管理')
    Expected: visible
    Timeout: 10000ms
    Error: element(s) not found

    Call log:
    [2m  - Expect "toBeVisible" with timeout 10000ms[22m
    [2m  - waiting for getByText('组织架构管理')[22m


      12 |
      13 |     // 等待页面加载完成
    > 14 |     await expect(page.getByText('组织架构管理')).toBeVisible({ timeout: 10000 });
         |                                            ^
      15 |   });
      16 |
      17 |   test('验证页面可以成功加载', async ({ page }) => {
        at /home/shangmeilin/cube-castle/frontend/tests/e2e/test-auth-fix.spec.ts:14:44

    attachment #1: screenshot (image/png) ──────────────────────────────────────────────────────────
    test-results/test-auth-fix-认证修复验证-验证页面可以成功加载-firefox/test-failed-1.png
    ────────────────────────────────────────────────────────────────────────────────────────────────

    attachment #2: video (video/webm) ──────────────────────────────────────────────────────────────
    test-results/test-auth-fix-认证修复验证-验证页面可以成功加载-firefox/video.webm
    ────────────────────────────────────────────────────────────────────────────────────────────────

    Error Context: test-results/test-auth-fix-认证修复验证-验证页面可以成功加载-firefox/error-context.md

    attachment #4: trace (application/zip) ─────────────────────────────────────────────────────────
    test-results/test-auth-fix-认证修复验证-验证页面可以成功加载-firefox/trace.zip
    Usage:

        npx playwright show-trace test-results/test-auth-fix-认证修复验证-验证页面可以成功加载-firefox/trace.zip

    ────────────────────────────────────────────────────────────────────────────────────────────────


[1A[2K  138 failed
    [chromium] › tests/e2e/architecture-e2e.spec.ts:13:3 › 重构后架构完整性验证 › Phase 1: 服务合并验证 - 双核心服务架构 ──
    [chromium] › tests/e2e/architecture-e2e.spec.ts:93:3 › 重构后架构完整性验证 › Phase 1: 冗余服务移除验证 ──────────
    [chromium] › tests/e2e/basic-functionality-test.spec.ts:30:3 › 时态管理系统基础功能验证 › 应用基础加载测试 ─────────
    [chromium] › tests/e2e/basic-functionality-test.spec.ts:42:3 › 时态管理系统基础功能验证 › 组织管理页面可访问 ────────
    [chromium] › tests/e2e/basic-functionality-test.spec.ts:74:3 › 时态管理系统基础功能验证 › 系统响应性测试 ──────────
    [chromium] › tests/e2e/business-flow-e2e.spec.ts:123:3 › 业务流程端到端测试 › 完整CRUD业务流程测试 ──────────────
    [chromium] › tests/e2e/business-flow-e2e.spec.ts:288:3 › 业务流程端到端测试 › 分页和筛选功能测试 ─────────────────
    [chromium] › tests/e2e/business-flow-e2e.spec.ts:374:3 › 业务流程端到端测试 › 性能和响应时间测试 ─────────────────
    [chromium] › tests/e2e/business-flow-e2e.spec.ts:417:3 › 业务流程端到端测试 › 错误处理和恢复测试 ─────────────────
    [chromium] › tests/e2e/business-flow-e2e.spec.ts:453:3 › 业务流程端到端测试 › 数据一致性验证测试 ─────────────────
    [chromium] › tests/e2e/canvas-e2e.spec.ts:14:3 › Canvas UI 基础体验 › 应用外壳渲染与导航 ────────────────────
    [chromium] › tests/e2e/canvas-e2e.spec.ts:26:3 › Canvas UI 基础体验 › 导航跳转至组织列表 ────────────────────
    [chromium] › tests/e2e/canvas-e2e.spec.ts:37:3 › Canvas UI 基础体验 › 组织表格加载 ───────────────────────
    [chromium] › tests/e2e/canvas-e2e.spec.ts:54:3 › Canvas UI 基础体验 › 响应式布局 ────────────────────────
    [chromium] › tests/e2e/canvas-e2e.spec.ts:67:3 › Canvas UI 基础体验 › 主要操作按钮具有 Canvas 样式 ───────────
    [chromium] › tests/e2e/canvas-e2e.spec.ts:73:3 › Canvas UI 基础体验 › 统计数据与表格行展示 ───────────────────
    [chromium] › tests/e2e/cqrs-protocol-separation.spec.ts:79:3 › CQRS协议分离验证 › ✅ 命令端应支持POST创建操作 ───
    [chromium] › tests/e2e/cqrs-protocol-separation.spec.ts:111:3 › CQRS协议分离验证 › 🚫 查询端应拒绝POST命令请求 ─
    [chromium] › tests/e2e/cqrs-protocol-separation.spec.ts:129:3 › CQRS协议分离验证 › 🚫 查询端应拒绝PUT更新请求 ──
    [chromium] › tests/e2e/cqrs-protocol-separation.spec.ts:145:3 › CQRS协议分离验证 › 🚫 查询端应拒绝DELETE删除请求 
    [chromium] › tests/e2e/cqrs-protocol-separation.spec.ts:284:3 › CQRS协议分离验证 › 🔄 CQRS端到端操作验证 ────
    [chromium] › tests/e2e/cqrs-protocol-separation.spec.ts:369:3 › CQRS协议分离验证 › 📋 CQRS架构健康检查 ─────
    [chromium] › tests/e2e/five-state-lifecycle-management.spec.ts:25:3 › 五状态生命周期管理系统 › 加载后显示时间轴及当前版本信息 
    [chromium] › tests/e2e/five-state-lifecycle-management.spec.ts:43:3 › 五状态生命周期管理系统 › 支持选择时间轴节点并进入编辑模式 
    [chromium] › tests/e2e/five-state-lifecycle-management.spec.ts:59:3 › 五状态生命周期管理系统 › 可以启动插入新版本流程并触发校验 
    [chromium] › tests/e2e/five-state-lifecycle-management.spec.ts:77:3 › 五状态生命周期管理系统 › 可切换到审计历史并显示记录提示 
    [chromium] › tests/e2e/frontend-cqrs-compliance.spec.ts:27:3 › 前端CQRS协议遵循验证 › ✅ 前端应使用GraphQL进行查询 
    [chromium] › tests/e2e/frontend-cqrs-compliance.spec.ts:138:3 › 前端CQRS协议遵循验证 › 🔍 前端网络请求协议分析 ───
    [chromium] › tests/e2e/job-catalog-secondary-navigation.spec.ts:179:3 › 职位管理二级导航（真实后端权限验证） › 管理员通过 UI 编辑职类成功并触发 If-Match 
    [chromium] › tests/e2e/name-validation-parentheses.spec.ts:20:3 › 组织名称允许括号验证 › 更新组织名称为包含括号的名称，应成功 
    [chromium] › tests/e2e/optimization-verification-e2e.spec.ts:39:3 › 优化效果验证测试 › Phase 2: 验证简化后的前端验证体系 
    [chromium] › tests/e2e/optimization-verification-e2e.spec.ts:62:3 › 优化效果验证测试 › Phase 2: 验证Zod复杂验证已简化 
    [chromium] › tests/e2e/optimization-verification-e2e.spec.ts:88:3 › 优化效果验证测试 › Phase 3: 验证DDD简化效果 
    [chromium] › tests/e2e/optimization-verification-e2e.spec.ts:131:3 › 优化效果验证测试 › 优化收益量化验证 ───────
    [chromium] › tests/e2e/optimization-verification-e2e.spec.ts:184:3 › 优化效果验证测试 › 系统稳定性验证测试 ──────
    [chromium] › tests/e2e/optimization-verification-e2e.spec.ts:244:3 › 优化效果验证测试 › 监控指标验证测试 ───────
    [chromium] › tests/e2e/organization-create.spec.ts:12:3 › Organization Create Flow › allows selecting parent organization before submitting create request 
    [chromium] › tests/e2e/position-crud-full-lifecycle.spec.ts:38:3 › 职位管理完整CRUD生命周期 › Step 1: 创建职位 (Create) 
    [chromium] › tests/e2e/position-lifecycle.spec.ts:67:3 › 职位生命周期视图 › 展示任职与调动历史 ──────────────────
    [chromium] › tests/e2e/position-observability.spec.ts:27:3 › Position Observability (Plan 240D) › collects [OBS] logs and writes to plan240/D 
    [chromium] › tests/e2e/position-tabs.spec.ts:139:3 › 职位详情多页签体验 › 六个页签可切换且展示对应内容 ────────────────
    [chromium] › tests/e2e/regression-e2e.spec.ts:25:3 › 回归测试和兼容性验证 › 关键功能回归测试 ─────────────────────
    [chromium] › tests/e2e/regression-e2e.spec.ts:47:3 › 回归测试和兼容性验证 › API兼容性测试 ─────────────────────
    [chromium] › tests/e2e/regression-e2e.spec.ts:187:3 › 回归测试和兼容性验证 › 跨浏览器兼容性验证 ───────────────────
    [chromium] › tests/e2e/regression-e2e.spec.ts:229:3 › 回归测试和兼容性验证 › 性能回归测试 ──────────────────────
    [chromium] › tests/e2e/regression-e2e.spec.ts:286:3 › 回归测试和兼容性验证 › 错误边界和异常处理测试 ─────────────────
    [chromium] › tests/e2e/schema-validation.spec.ts:26:3 › Schema & 契约验证 › REST 创建组织返回契约字段 ────────
    [chromium] › tests/e2e/schema-validation.spec.ts:115:3 › Schema & 契约验证 › GraphQL 错误响应携带 message 
    [chromium] › tests/e2e/smoke-org-detail.spec.ts:8:3 › 组织详情 Smoke › 可以打开组织详情页面（Temporal） ────────
    [chromium] › tests/e2e/temporal-editform-defaults-smoke.spec.ts:13:1 › Temporal edit form creation page renders (smoke) 
    [chromium] › tests/e2e/temporal-graphql-comprehensive.spec.ts:112:5 › 时态GraphQL功能完整验证 › 功能完整性测试 › 历史记录查看功能验证 
    [chromium] › tests/e2e/temporal-graphql-comprehensive.spec.ts:132:5 › 时态GraphQL功能完整验证 › 功能完整性测试 › 时间点查询功能验证 
    [chromium] › tests/e2e/temporal-graphql-comprehensive.spec.ts:148:5 › 时态GraphQL功能完整验证 › 功能完整性测试 › 组织切换功能验证 
    [chromium] › tests/e2e/temporal-graphql-comprehensive.spec.ts:170:5 › 时态GraphQL功能完整验证 › 错误处理验证 › 无效组织代码处理 
    [chromium] › tests/e2e/temporal-graphql-comprehensive.spec.ts:185:5 › 时态GraphQL功能完整验证 › 错误处理验证 › 无记录时间点处理 
    [chromium] › tests/e2e/temporal-graphql-comprehensive.spec.ts:193:5 › 时态GraphQL功能完整验证 › 错误处理验证 › 用户界面反馈验证 
    [chromium] › tests/e2e/temporal-graphql-comprehensive.spec.ts:218:5 › 时态GraphQL功能完整验证 › 性能基准验证 › API响应性能 
    [chromium] › tests/e2e/temporal-graphql-comprehensive.spec.ts:239:5 › 时态GraphQL功能完整验证 › 性能基准验证 › 缓存效率验证 
    [chromium] › tests/e2e/temporal-graphql-comprehensive.spec.ts:253:5 › 时态GraphQL功能完整验证 › 性能基准验证 › 历史记录刷新性能 
    [chromium] › tests/e2e/temporal-graphql-comprehensive.spec.ts:267:5 › 时态GraphQL功能完整验证 › 用户体验验证 › 加载状态显示 
    [chromium] › tests/e2e/temporal-graphql-comprehensive.spec.ts:284:5 › 时态GraphQL功能完整验证 › 用户体验验证 › 视觉反馈验证 
    [chromium] › tests/e2e/temporal-graphql-comprehensive.spec.ts:296:5 › 时态GraphQL功能完整验证 › 用户体验验证 › 交互流畅性验证 
    [chromium] › tests/e2e/temporal-graphql-comprehensive.spec.ts:324:5 › 跨浏览器兼容性验证 › chromium 基本功能验证 
    [chromium] › tests/e2e/temporal-graphql-comprehensive.spec.ts:324:5 › 跨浏览器兼容性验证 › firefox 基本功能验证 
    [chromium] › tests/e2e/temporal-graphql-comprehensive.spec.ts:343:3 › 并发性能验证 › 并发时间点查询 ─────────
    [chromium] › tests/e2e/temporal-graphql-comprehensive.spec.ts:384:3 › 数据完整性验证 › 历史记录数据准确性 ──────
    [chromium] › tests/e2e/temporal-graphql-comprehensive.spec.ts:411:3 › 数据完整性验证 › 时间点查询数据准确性 ─────
    [chromium] › tests/e2e/temporal-header-status-smoke.spec.ts:7:1 › Temporal header shows page and optional status (smoke) 
    [chromium] › tests/e2e/test-auth-fix.spec.ts:17:3 › 认证修复验证 › 验证页面可以成功加载 ────────────────────────
    [firefox] › tests/e2e/architecture-e2e.spec.ts:13:3 › 重构后架构完整性验证 › Phase 1: 服务合并验证 - 双核心服务架构 ───
    [firefox] › tests/e2e/architecture-e2e.spec.ts:93:3 › 重构后架构完整性验证 › Phase 1: 冗余服务移除验证 ───────────
    [firefox] › tests/e2e/basic-functionality-test.spec.ts:30:3 › 时态管理系统基础功能验证 › 应用基础加载测试 ──────────
    [firefox] › tests/e2e/basic-functionality-test.spec.ts:42:3 › 时态管理系统基础功能验证 › 组织管理页面可访问 ─────────
    [firefox] › tests/e2e/basic-functionality-test.spec.ts:74:3 › 时态管理系统基础功能验证 › 系统响应性测试 ───────────
    [firefox] › tests/e2e/business-flow-e2e.spec.ts:123:3 › 业务流程端到端测试 › 完整CRUD业务流程测试 ───────────────
    [firefox] › tests/e2e/business-flow-e2e.spec.ts:288:3 › 业务流程端到端测试 › 分页和筛选功能测试 ──────────────────
    [firefox] › tests/e2e/business-flow-e2e.spec.ts:374:3 › 业务流程端到端测试 › 性能和响应时间测试 ──────────────────
    [firefox] › tests/e2e/business-flow-e2e.spec.ts:417:3 › 业务流程端到端测试 › 错误处理和恢复测试 ──────────────────
    [firefox] › tests/e2e/business-flow-e2e.spec.ts:453:3 › 业务流程端到端测试 › 数据一致性验证测试 ──────────────────
    [firefox] › tests/e2e/canvas-e2e.spec.ts:14:3 › Canvas UI 基础体验 › 应用外壳渲染与导航 ─────────────────────
    [firefox] › tests/e2e/canvas-e2e.spec.ts:26:3 › Canvas UI 基础体验 › 导航跳转至组织列表 ─────────────────────
    [firefox] › tests/e2e/canvas-e2e.spec.ts:37:3 › Canvas UI 基础体验 › 组织表格加载 ────────────────────────
    [firefox] › tests/e2e/canvas-e2e.spec.ts:54:3 › Canvas UI 基础体验 › 响应式布局 ─────────────────────────
    [firefox] › tests/e2e/canvas-e2e.spec.ts:67:3 › Canvas UI 基础体验 › 主要操作按钮具有 Canvas 样式 ────────────
    [firefox] › tests/e2e/canvas-e2e.spec.ts:73:3 › Canvas UI 基础体验 › 统计数据与表格行展示 ────────────────────
    [firefox] › tests/e2e/cqrs-protocol-separation.spec.ts:79:3 › CQRS协议分离验证 › ✅ 命令端应支持POST创建操作 ────
    [firefox] › tests/e2e/cqrs-protocol-separation.spec.ts:111:3 › CQRS协议分离验证 › 🚫 查询端应拒绝POST命令请求 ──
    [firefox] › tests/e2e/cqrs-protocol-separation.spec.ts:129:3 › CQRS协议分离验证 › 🚫 查询端应拒绝PUT更新请求 ───
    [firefox] › tests/e2e/cqrs-protocol-separation.spec.ts:145:3 › CQRS协议分离验证 › 🚫 查询端应拒绝DELETE删除请求 
    [firefox] › tests/e2e/cqrs-protocol-separation.spec.ts:284:3 › CQRS协议分离验证 › 🔄 CQRS端到端操作验证 ─────
    [firefox] › tests/e2e/cqrs-protocol-separation.spec.ts:369:3 › CQRS协议分离验证 › 📋 CQRS架构健康检查 ──────
    [firefox] › tests/e2e/five-state-lifecycle-management.spec.ts:25:3 › 五状态生命周期管理系统 › 加载后显示时间轴及当前版本信息 
    [firefox] › tests/e2e/five-state-lifecycle-management.spec.ts:43:3 › 五状态生命周期管理系统 › 支持选择时间轴节点并进入编辑模式 
    [firefox] › tests/e2e/five-state-lifecycle-management.spec.ts:59:3 › 五状态生命周期管理系统 › 可以启动插入新版本流程并触发校验 
    [firefox] › tests/e2e/five-state-lifecycle-management.spec.ts:77:3 › 五状态生命周期管理系统 › 可切换到审计历史并显示记录提示 
    [firefox] › tests/e2e/frontend-cqrs-compliance.spec.ts:27:3 › 前端CQRS协议遵循验证 › ✅ 前端应使用GraphQL进行查询 
    [firefox] › tests/e2e/frontend-cqrs-compliance.spec.ts:138:3 › 前端CQRS协议遵循验证 › 🔍 前端网络请求协议分析 ────
    [firefox] › tests/e2e/job-catalog-secondary-navigation.spec.ts:179:3 › 职位管理二级导航（真实后端权限验证） › 管理员通过 UI 编辑职类成功并触发 If-Match 
    [firefox] › tests/e2e/name-validation-parentheses.spec.ts:20:3 › 组织名称允许括号验证 › 更新组织名称为包含括号的名称，应成功 
    [firefox] › tests/e2e/optimization-verification-e2e.spec.ts:39:3 › 优化效果验证测试 › Phase 2: 验证简化后的前端验证体系 
    [firefox] › tests/e2e/optimization-verification-e2e.spec.ts:62:3 › 优化效果验证测试 › Phase 2: 验证Zod复杂验证已简化 
    [firefox] › tests/e2e/optimization-verification-e2e.spec.ts:88:3 › 优化效果验证测试 › Phase 3: 验证DDD简化效果 
    [firefox] › tests/e2e/optimization-verification-e2e.spec.ts:131:3 › 优化效果验证测试 › 优化收益量化验证 ────────
    [firefox] › tests/e2e/optimization-verification-e2e.spec.ts:184:3 › 优化效果验证测试 › 系统稳定性验证测试 ───────
    [firefox] › tests/e2e/optimization-verification-e2e.spec.ts:244:3 › 优化效果验证测试 › 监控指标验证测试 ────────
    [firefox] › tests/e2e/organization-create.spec.ts:12:3 › Organization Create Flow › allows selecting parent organization before submitting create request 
    [firefox] › tests/e2e/position-crud-full-lifecycle.spec.ts:38:3 › 职位管理完整CRUD生命周期 › Step 1: 创建职位 (Create) 
    [firefox] › tests/e2e/position-lifecycle.spec.ts:67:3 › 职位生命周期视图 › 展示任职与调动历史 ───────────────────
    [firefox] › tests/e2e/position-observability.spec.ts:27:3 › Position Observability (Plan 240D) › collects [OBS] logs and writes to plan240/D 
    [firefox] › tests/e2e/position-tabs.spec.ts:139:3 › 职位详情多页签体验 › 六个页签可切换且展示对应内容 ─────────────────
    [firefox] › tests/e2e/regression-e2e.spec.ts:25:3 › 回归测试和兼容性验证 › 关键功能回归测试 ──────────────────────
    [firefox] › tests/e2e/regression-e2e.spec.ts:47:3 › 回归测试和兼容性验证 › API兼容性测试 ──────────────────────
    [firefox] › tests/e2e/regression-e2e.spec.ts:187:3 › 回归测试和兼容性验证 › 跨浏览器兼容性验证 ────────────────────
    [firefox] › tests/e2e/regression-e2e.spec.ts:229:3 › 回归测试和兼容性验证 › 性能回归测试 ───────────────────────
    [firefox] › tests/e2e/regression-e2e.spec.ts:286:3 › 回归测试和兼容性验证 › 错误边界和异常处理测试 ──────────────────
    [firefox] › tests/e2e/schema-validation.spec.ts:26:3 › Schema & 契约验证 › REST 创建组织返回契约字段 ─────────
    [firefox] › tests/e2e/schema-validation.spec.ts:115:3 › Schema & 契约验证 › GraphQL 错误响应携带 message ─
    [firefox] › tests/e2e/smoke-org-detail.spec.ts:8:3 › 组织详情 Smoke › 可以打开组织详情页面（Temporal） ─────────
    [firefox] › tests/e2e/temporal-editform-defaults-smoke.spec.ts:13:1 › Temporal edit form creation page renders (smoke) 
    [firefox] › tests/e2e/temporal-graphql-comprehensive.spec.ts:112:5 › 时态GraphQL功能完整验证 › 功能完整性测试 › 历史记录查看功能验证 
    [firefox] › tests/e2e/temporal-graphql-comprehensive.spec.ts:132:5 › 时态GraphQL功能完整验证 › 功能完整性测试 › 时间点查询功能验证 
    [firefox] › tests/e2e/temporal-graphql-comprehensive.spec.ts:148:5 › 时态GraphQL功能完整验证 › 功能完整性测试 › 组织切换功能验证 
    [firefox] › tests/e2e/temporal-graphql-comprehensive.spec.ts:170:5 › 时态GraphQL功能完整验证 › 错误处理验证 › 无效组织代码处理 
    [firefox] › tests/e2e/temporal-graphql-comprehensive.spec.ts:185:5 › 时态GraphQL功能完整验证 › 错误处理验证 › 无记录时间点处理 
    [firefox] › tests/e2e/temporal-graphql-comprehensive.spec.ts:193:5 › 时态GraphQL功能完整验证 › 错误处理验证 › 用户界面反馈验证 
    [firefox] › tests/e2e/temporal-graphql-comprehensive.spec.ts:218:5 › 时态GraphQL功能完整验证 › 性能基准验证 › API响应性能 
    [firefox] › tests/e2e/temporal-graphql-comprehensive.spec.ts:239:5 › 时态GraphQL功能完整验证 › 性能基准验证 › 缓存效率验证 
    [firefox] › tests/e2e/temporal-graphql-comprehensive.spec.ts:253:5 › 时态GraphQL功能完整验证 › 性能基准验证 › 历史记录刷新性能 
    [firefox] › tests/e2e/temporal-graphql-comprehensive.spec.ts:267:5 › 时态GraphQL功能完整验证 › 用户体验验证 › 加载状态显示 
    [firefox] › tests/e2e/temporal-graphql-comprehensive.spec.ts:284:5 › 时态GraphQL功能完整验证 › 用户体验验证 › 视觉反馈验证 
    [firefox] › tests/e2e/temporal-graphql-comprehensive.spec.ts:296:5 › 时态GraphQL功能完整验证 › 用户体验验证 › 交互流畅性验证 
    [firefox] › tests/e2e/temporal-graphql-comprehensive.spec.ts:324:5 › 跨浏览器兼容性验证 › chromium 基本功能验证 
    [firefox] › tests/e2e/temporal-graphql-comprehensive.spec.ts:324:5 › 跨浏览器兼容性验证 › firefox 基本功能验证 
    [firefox] › tests/e2e/temporal-graphql-comprehensive.spec.ts:343:3 › 并发性能验证 › 并发时间点查询 ──────────
    [firefox] › tests/e2e/temporal-graphql-comprehensive.spec.ts:384:3 › 数据完整性验证 › 历史记录数据准确性 ───────
    [firefox] › tests/e2e/temporal-graphql-comprehensive.spec.ts:411:3 › 数据完整性验证 › 时间点查询数据准确性 ──────
    [firefox] › tests/e2e/temporal-header-status-smoke.spec.ts:7:1 › Temporal header shows page and optional status (smoke) 
    [firefox] › tests/e2e/test-auth-fix.spec.ts:17:3 › 认证修复验证 › 验证页面可以成功加载 ─────────────────────────
  34 skipped
  16 did not run
  46 passed (8.7m)

[36m  Serving HTML report at http://localhost:9323. Press Ctrl+C to quit.[39m
